2026-03-27T04:07:22Z
branch: feature/demo-ready-serving
status: ## feature/demo-ready-serving
?? scripts/log_progress.sh
last_commit: 0aa675f Add agent execution plan
files_summary:
## feature/demo-ready-serving
?? scripts/log_progress.sh
recent_work: reviewing mlops/scorecard_pipelines for MVP readiness and debugging training data ingestion.
context: keep an eye on src/modeling/mvp_scoring.py, pipelines/feature_builder, and docs/agent-checklist.md for the next milestone.
---
2026-03-27T04:20:25Z
branch: feature/demo-ready-serving
status: ## feature/demo-ready-serving
?? progress.log
?? scripts/log_progress.sh
last_commit: 0aa675f Add agent execution plan
files_summary:
## feature/demo-ready-serving
?? progress.log
?? scripts/log_progress.sh
recent_work: reviewing mlops/scorecard_pipelines for MVP readiness and debugging training data ingestion.
context: keep an eye on src/modeling/mvp_scoring.py, pipelines/feature_builder, and docs/agent-checklist.md for the next milestone.
---
2026-03-27T04:35:13Z
branch: feature/demo-ready-serving
status: ## feature/demo-ready-serving
?? progress.log
?? scripts/log_progress.sh
last_commit: 0aa675f Add agent execution plan
files_summary:
## feature/demo-ready-serving
?? progress.log
?? scripts/log_progress.sh
recent_work: reviewing mlops/scorecard_pipelines for MVP readiness and debugging training data ingestion.
context: keep an eye on src/modeling/mvp_scoring.py, pipelines/feature_builder, and docs/agent-checklist.md for the next milestone.
---
2026-03-27T04:50:12Z
branch: feature/demo-ready-serving
status: ## feature/demo-ready-serving
?? progress.log
?? scripts/log_progress.sh
last_commit: 0aa675f Add agent execution plan
files_summary:
## feature/demo-ready-serving
?? progress.log
?? scripts/log_progress.sh
recent_work: reviewing mlops/scorecard_pipelines for MVP readiness and debugging training data ingestion.
context: keep an eye on src/modeling/mvp_scoring.py, pipelines/feature_builder, and docs/agent-checklist.md for the next milestone.
---
2026-03-27T05:05:08Z
branch: feature/demo-ready-serving
status: ## feature/demo-ready-serving
?? progress.log
?? scripts/log_progress.sh
last_commit: 0aa675f Add agent execution plan
files_summary:
## feature/demo-ready-serving
?? progress.log
?? scripts/log_progress.sh
recent_work: reviewing mlops/scorecard_pipelines for MVP readiness and debugging training data ingestion.
context: keep an eye on src/modeling/mvp_scoring.py, pipelines/feature_builder, and docs/agent-checklist.md for the next milestone.
---
2026-03-27T05:20:06Z
branch: feature/demo-ready-serving
status: ## feature/demo-ready-serving
?? progress.log
?? scripts/log_progress.sh
last_commit: 0aa675f Add agent execution plan
files_summary:
## feature/demo-ready-serving
?? progress.log
?? scripts/log_progress.sh
recent_work: reviewing mlops/scorecard_pipelines for MVP readiness and debugging training data ingestion.
context: keep an eye on src/modeling/mvp_scoring.py, pipelines/feature_builder, and docs/agent-checklist.md for the next milestone.
---
2026-03-27T05:35:20Z
branch: feature/demo-ready-serving
status: ## feature/demo-ready-serving
?? progress.log
?? scripts/log_progress.sh
last_commit: 0aa675f Add agent execution plan
files_summary:
## feature/demo-ready-serving
?? progress.log
?? scripts/log_progress.sh
recent_work: reviewing mlops/scorecard_pipelines for MVP readiness and debugging training data ingestion.
context: keep an eye on src/modeling/mvp_scoring.py, pipelines/feature_builder, and docs/agent-checklist.md for the next milestone.
---
2026-03-27T05:50:10Z
branch: feature/demo-ready-serving
status: ## feature/demo-ready-serving
?? progress.log
?? scripts/log_progress.sh
last_commit: 0aa675f Add agent execution plan
files_summary:
## feature/demo-ready-serving
?? progress.log
?? scripts/log_progress.sh
recent_work: reviewing mlops/scorecard_pipelines for MVP readiness and debugging training data ingestion.
context: keep an eye on src/modeling/mvp_scoring.py, pipelines/feature_builder, and docs/agent-checklist.md for the next milestone.
---
2026-03-27T06:05:08Z
branch: feature/demo-ready-serving
status: ## feature/demo-ready-serving
?? progress.log
?? scripts/log_progress.sh
last_commit: 0aa675f Add agent execution plan
files_summary:
## feature/demo-ready-serving
?? progress.log
?? scripts/log_progress.sh
recent_work: reviewing mlops/scorecard_pipelines for MVP readiness and debugging training data ingestion.
context: keep an eye on src/modeling/mvp_scoring.py, pipelines/feature_builder, and docs/agent-checklist.md for the next milestone.
---
2026-03-27T06:20:10Z
branch: feature/demo-ready-serving
status: ## feature/demo-ready-serving
?? progress.log
?? scripts/log_progress.sh
last_commit: 0aa675f Add agent execution plan
files_summary:
## feature/demo-ready-serving
?? progress.log
?? scripts/log_progress.sh
recent_work: reviewing mlops/scorecard_pipelines for MVP readiness and debugging training data ingestion.
context: keep an eye on src/modeling/mvp_scoring.py, pipelines/feature_builder, and docs/agent-checklist.md for the next milestone.
---
2026-03-27T06:35:14Z
branch: feature/demo-ready-serving
status: ## feature/demo-ready-serving
?? progress.log
?? scripts/log_progress.sh
last_commit: 0aa675f Add agent execution plan
files_summary:
## feature/demo-ready-serving
?? progress.log
?? scripts/log_progress.sh
recent_work: reviewing mlops/scorecard_pipelines for MVP readiness and debugging training data ingestion.
context: keep an eye on src/modeling/mvp_scoring.py, pipelines/feature_builder, and docs/agent-checklist.md for the next milestone.
---
2026-03-27T06:50:15Z
branch: feature/demo-ready-serving
status: ## feature/demo-ready-serving
?? progress.log
?? scripts/log_progress.sh
last_commit: 0aa675f Add agent execution plan
files_summary:
## feature/demo-ready-serving
?? progress.log
?? scripts/log_progress.sh
recent_work: reviewing mlops/scorecard_pipelines for MVP readiness and debugging training data ingestion.
context: keep an eye on src/modeling/mvp_scoring.py, pipelines/feature_builder, and docs/agent-checklist.md for the next milestone.
---
2026-03-27T07:05:00Z
branch: feature/demo-ready-serving
status: ## feature/demo-ready-serving
?? progress.log
?? scripts/log_progress.sh
last_commit: 0aa675f Add agent execution plan
files_summary:
## feature/demo-ready-serving
?? progress.log
?? scripts/log_progress.sh
recent_work: reviewing mlops/scorecard_pipelines for MVP readiness and debugging training data ingestion.
context: keep an eye on src/modeling/mvp_scoring.py, pipelines/feature_builder, and docs/agent-checklist.md for the next milestone.
---
2026-03-27T07:20:18Z
branch: feature/demo-ready-serving
status: ## feature/demo-ready-serving
?? progress.log
?? scripts/log_progress.sh
last_commit: 0aa675f Add agent execution plan
files_summary:
## feature/demo-ready-serving
?? progress.log
?? scripts/log_progress.sh
recent_work: reviewing mlops/scorecard_pipelines for MVP readiness and debugging training data ingestion.
context: keep an eye on src/modeling/mvp_scoring.py, pipelines/feature_builder, and docs/agent-checklist.md for the next milestone.
---
2026-03-27T07:35:04Z
branch: feature/demo-ready-serving
status: ## feature/demo-ready-serving
?? progress.log
?? scripts/log_progress.sh
last_commit: 0aa675f Add agent execution plan
files_summary:
## feature/demo-ready-serving
?? progress.log
?? scripts/log_progress.sh
recent_work: reviewing mlops/scorecard_pipelines for MVP readiness and debugging training data ingestion.
context: keep an eye on src/modeling/mvp_scoring.py, pipelines/feature_builder, and docs/agent-checklist.md for the next milestone.
---
2026-03-27T07:50:14Z
branch: feature/demo-ready-serving
status: ## feature/demo-ready-serving
?? progress.log
?? scripts/log_progress.sh
last_commit: 0aa675f Add agent execution plan
files_summary:
## feature/demo-ready-serving
?? progress.log
?? scripts/log_progress.sh
recent_work: reviewing mlops/scorecard_pipelines for MVP readiness and debugging training data ingestion.
context: keep an eye on src/modeling/mvp_scoring.py, pipelines/feature_builder, and docs/agent-checklist.md for the next milestone.
---
2026-03-27T08:05:13Z
branch: feature/demo-ready-serving
status: ## feature/demo-ready-serving
?? progress.log
?? scripts/log_progress.sh
last_commit: 0aa675f Add agent execution plan
files_summary:
## feature/demo-ready-serving
?? progress.log
?? scripts/log_progress.sh
recent_work: reviewing mlops/scorecard_pipelines for MVP readiness and debugging training data ingestion.
context: keep an eye on src/modeling/mvp_scoring.py, pipelines/feature_builder, and docs/agent-checklist.md for the next milestone.
---
2026-03-27T08:20:10Z
branch: feature/demo-ready-serving
status: ## feature/demo-ready-serving
?? progress.log
?? scripts/log_progress.sh
last_commit: 0aa675f Add agent execution plan
files_summary:
## feature/demo-ready-serving
?? progress.log
?? scripts/log_progress.sh
recent_work: reviewing mlops/scorecard_pipelines for MVP readiness and debugging training data ingestion.
context: keep an eye on src/modeling/mvp_scoring.py, pipelines/feature_builder, and docs/agent-checklist.md for the next milestone.
---
2026-03-27T08:35:05Z
branch: feature/demo-ready-serving
status: ## feature/demo-ready-serving
?? progress.log
?? scripts/log_progress.sh
last_commit: 0aa675f Add agent execution plan
files_summary:
## feature/demo-ready-serving
?? progress.log
?? scripts/log_progress.sh
recent_work: reviewing mlops/scorecard_pipelines for MVP readiness and debugging training data ingestion.
context: keep an eye on src/modeling/mvp_scoring.py, pipelines/feature_builder, and docs/agent-checklist.md for the next milestone.
---
2026-03-27T08:50:15Z
branch: feature/demo-ready-serving
status: ## feature/demo-ready-serving
?? progress.log
?? scripts/log_progress.sh
last_commit: 0aa675f Add agent execution plan
files_summary:
## feature/demo-ready-serving
?? progress.log
?? scripts/log_progress.sh
recent_work: reviewing mlops/scorecard_pipelines for MVP readiness and debugging training data ingestion.
context: keep an eye on src/modeling/mvp_scoring.py, pipelines/feature_builder, and docs/agent-checklist.md for the next milestone.
---
2026-03-27T09:05:12Z
branch: feature/demo-ready-serving
status: ## feature/demo-ready-serving
?? progress.log
?? scripts/log_progress.sh
last_commit: 0aa675f Add agent execution plan
files_summary:
## feature/demo-ready-serving
?? progress.log
?? scripts/log_progress.sh
recent_work: reviewing mlops/scorecard_pipelines for MVP readiness and debugging training data ingestion.
context: keep an eye on src/modeling/mvp_scoring.py, pipelines/feature_builder, and docs/agent-checklist.md for the next milestone.
---
2026-03-27T09:20:13Z
branch: feature/demo-ready-serving
status: ## feature/demo-ready-serving
?? progress.log
?? scripts/log_progress.sh
last_commit: 0aa675f Add agent execution plan
files_summary:
## feature/demo-ready-serving
?? progress.log
?? scripts/log_progress.sh
recent_work: reviewing mlops/scorecard_pipelines for MVP readiness and debugging training data ingestion.
context: keep an eye on src/modeling/mvp_scoring.py, pipelines/feature_builder, and docs/agent-checklist.md for the next milestone.
---
2026-03-27T09:35:32Z
branch: feature/demo-ready-serving
status: ## feature/demo-ready-serving
?? progress.log
?? scripts/log_progress.sh
last_commit: 0aa675f Add agent execution plan
files_summary:
## feature/demo-ready-serving
?? progress.log
?? scripts/log_progress.sh
recent_work: reviewing mlops/scorecard_pipelines for MVP readiness and debugging training data ingestion.
context: keep an eye on src/modeling/mvp_scoring.py, pipelines/feature_builder, and docs/agent-checklist.md for the next milestone.
---
2026-03-27T09:50:15Z
branch: feature/demo-ready-serving
status: ## feature/demo-ready-serving
?? progress.log
?? scripts/log_progress.sh
last_commit: 0aa675f Add agent execution plan
files_summary:
## feature/demo-ready-serving
?? progress.log
?? scripts/log_progress.sh
recent_work: reviewing mlops/scorecard_pipelines for MVP readiness and debugging training data ingestion.
context: keep an eye on src/modeling/mvp_scoring.py, pipelines/feature_builder, and docs/agent-checklist.md for the next milestone.
---
2026-03-27T10:05:14Z
branch: feature/demo-ready-serving
status: ## feature/demo-ready-serving
?? progress.log
?? scripts/log_progress.sh
last_commit: 0aa675f Add agent execution plan
files_summary:
## feature/demo-ready-serving
?? progress.log
?? scripts/log_progress.sh
recent_work: reviewing mlops/scorecard_pipelines for MVP readiness and debugging training data ingestion.
context: keep an eye on src/modeling/mvp_scoring.py, pipelines/feature_builder, and docs/agent-checklist.md for the next milestone.
---
2026-03-27T10:20:24Z
branch: feature/demo-ready-serving
status: ## feature/demo-ready-serving
?? progress.log
?? scripts/log_progress.sh
last_commit: 0aa675f Add agent execution plan
files_summary:
## feature/demo-ready-serving
?? progress.log
?? scripts/log_progress.sh
recent_work: reviewing mlops/scorecard_pipelines for MVP readiness and debugging training data ingestion.
context: keep an eye on src/modeling/mvp_scoring.py, pipelines/feature_builder, and docs/agent-checklist.md for the next milestone.
---
2026-03-27T10:21:04Z
branch: feature/demo-ready-serving
status: ## feature/demo-ready-serving
?? progress.log
?? scripts/log_progress.sh
last_commit: 0aa675f Add agent execution plan
files_summary:
## feature/demo-ready-serving
?? progress.log
?? scripts/log_progress.sh
recent_work: reviewing mlops/scorecard_pipelines for MVP readiness and debugging training data ingestion.
context: keep an eye on src/modeling/mvp_scoring.py, pipelines/feature_builder, and docs/agent-checklist.md for the next milestone.
---
2026-03-27T10:35:11Z
branch: feature/demo-ready-serving
status: ## feature/demo-ready-serving
?? progress.log
?? scripts/log_progress.sh
last_commit: 0aa675f Add agent execution plan
files_summary:
## feature/demo-ready-serving
?? progress.log
?? scripts/log_progress.sh
recent_work: reviewing mlops/scorecard_pipelines for MVP readiness and debugging training data ingestion.
context: keep an eye on src/modeling/mvp_scoring.py, pipelines/feature_builder, and docs/agent-checklist.md for the next milestone.
---
2026-03-27T10:50:19Z
branch: feature/demo-ready-serving
status: ## feature/demo-ready-serving
?? progress.log
?? scripts/log_progress.sh
last_commit: 0aa675f Add agent execution plan
files_summary:
## feature/demo-ready-serving
?? progress.log
?? scripts/log_progress.sh
recent_work: reviewing mlops/scorecard_pipelines for MVP readiness and debugging training data ingestion.
context: keep an eye on src/modeling/mvp_scoring.py, pipelines/feature_builder, and docs/agent-checklist.md for the next milestone.
---
2026-03-27T10:51:07Z
branch: feature/demo-ready-serving
status: ## feature/demo-ready-serving
?? progress.log
?? scripts/log_progress.sh
last_commit: 0aa675f Add agent execution plan
files_summary:
## feature/demo-ready-serving
?? progress.log
?? scripts/log_progress.sh
recent_work: reviewing mlops/scorecard_pipelines for MVP readiness and debugging training data ingestion.
context: keep an eye on src/modeling/mvp_scoring.py, pipelines/feature_builder, and docs/agent-checklist.md for the next milestone.
---
2026-03-27T11:05:19Z
branch: feature/demo-ready-serving
status: ## feature/demo-ready-serving
?? progress.log
?? scripts/log_progress.sh
last_commit: 0aa675f Add agent execution plan
files_summary:
## feature/demo-ready-serving
?? progress.log
?? scripts/log_progress.sh
recent_work: reviewing mlops/scorecard_pipelines for MVP readiness and debugging training data ingestion.
context: keep an eye on src/modeling/mvp_scoring.py, pipelines/feature_builder, and docs/agent-checklist.md for the next milestone.
---
2026-03-27T11:20:07Z
branch: feature/demo-ready-serving
status: ## feature/demo-ready-serving
?? progress.log
?? scripts/log_progress.sh
last_commit: 0aa675f Add agent execution plan
files_summary:
## feature/demo-ready-serving
?? progress.log
?? scripts/log_progress.sh
recent_work: reviewing mlops/scorecard_pipelines for MVP readiness and debugging training data ingestion.
context: keep an eye on src/modeling/mvp_scoring.py, pipelines/feature_builder, and docs/agent-checklist.md for the next milestone.
---
2026-03-27T11:35:02Z
branch: feature/demo-ready-serving
status: ## feature/demo-ready-serving
?? progress.log
?? scripts/log_progress.sh
last_commit: 0aa675f Add agent execution plan
files_summary:
## feature/demo-ready-serving
?? progress.log
?? scripts/log_progress.sh
recent_work: reviewing mlops/scorecard_pipelines for MVP readiness and debugging training data ingestion.
context: keep an eye on src/modeling/mvp_scoring.py, pipelines/feature_builder, and docs/agent-checklist.md for the next milestone.
---
2026-03-27T11:50:24Z
branch: feature/demo-ready-serving
status: ## feature/demo-ready-serving
?? progress.log
?? scripts/log_progress.sh
last_commit: 0aa675f Add agent execution plan
files_summary:
## feature/demo-ready-serving
?? progress.log
?? scripts/log_progress.sh
recent_work: reviewing mlops/scorecard_pipelines for MVP readiness and debugging training data ingestion.
context: keep an eye on src/modeling/mvp_scoring.py, pipelines/feature_builder, and docs/agent-checklist.md for the next milestone.
---
2026-03-27T12:05:07Z
branch: feature/demo-ready-serving
status: ## feature/demo-ready-serving
?? progress.log
?? scripts/log_progress.sh
last_commit: 0aa675f Add agent execution plan
files_summary:
## feature/demo-ready-serving
?? progress.log
?? scripts/log_progress.sh
recent_work: reviewing mlops/scorecard_pipelines for MVP readiness and debugging training data ingestion.
context: keep an eye on src/modeling/mvp_scoring.py, pipelines/feature_builder, and docs/agent-checklist.md for the next milestone.
---
2026-03-27T12:20:06Z
branch: feature/demo-ready-serving
status: ## feature/demo-ready-serving
?? progress.log
?? scripts/log_progress.sh
last_commit: 0aa675f Add agent execution plan
files_summary:
## feature/demo-ready-serving
?? progress.log
?? scripts/log_progress.sh
recent_work: reviewing mlops/scorecard_pipelines for MVP readiness and debugging training data ingestion.
context: keep an eye on src/modeling/mvp_scoring.py, pipelines/feature_builder, and docs/agent-checklist.md for the next milestone.
---
2026-03-27T12:35:19Z
branch: feature/demo-ready-serving
status: ## feature/demo-ready-serving
?? progress.log
?? scripts/log_progress.sh
last_commit: 0aa675f Add agent execution plan
files_summary:
## feature/demo-ready-serving
?? progress.log
?? scripts/log_progress.sh
recent_work: reviewing mlops/scorecard_pipelines for MVP readiness and debugging training data ingestion.
context: keep an eye on src/modeling/mvp_scoring.py, pipelines/feature_builder, and docs/agent-checklist.md for the next milestone.
---
2026-03-27T12:50:09Z
branch: feature/demo-ready-serving
status: ## feature/demo-ready-serving
?? progress.log
?? scripts/log_progress.sh
last_commit: 0aa675f Add agent execution plan
files_summary:
## feature/demo-ready-serving
?? progress.log
?? scripts/log_progress.sh
recent_work: reviewing mlops/scorecard_pipelines for MVP readiness and debugging training data ingestion.
context: keep an eye on src/modeling/mvp_scoring.py, pipelines/feature_builder, and docs/agent-checklist.md for the next milestone.
---
2026-03-27T13:05:04Z
branch: feature/demo-ready-serving
status: ## feature/demo-ready-serving
?? progress.log
?? scripts/log_progress.sh
last_commit: 0aa675f Add agent execution plan
files_summary:
## feature/demo-ready-serving
?? progress.log
?? scripts/log_progress.sh
recent_work: reviewing mlops/scorecard_pipelines for MVP readiness and debugging training data ingestion.
context: keep an eye on src/modeling/mvp_scoring.py, pipelines/feature_builder, and docs/agent-checklist.md for the next milestone.
---
2026-03-27T13:20:24Z
branch: feature/demo-ready-serving
status: ## feature/demo-ready-serving
?? progress.log
?? scripts/log_progress.sh
last_commit: 0aa675f Add agent execution plan
files_summary:
## feature/demo-ready-serving
?? progress.log
?? scripts/log_progress.sh
recent_work: reviewing mlops/scorecard_pipelines for MVP readiness and debugging training data ingestion.
context: keep an eye on src/modeling/mvp_scoring.py, pipelines/feature_builder, and docs/agent-checklist.md for the next milestone.
---
2026-03-27T13:35:18Z
branch: feature/demo-ready-serving
status: ## feature/demo-ready-serving
?? progress.log
?? scripts/log_progress.sh
last_commit: 0aa675f Add agent execution plan
files_summary:
## feature/demo-ready-serving
?? progress.log
?? scripts/log_progress.sh
recent_work: reviewing mlops/scorecard_pipelines for MVP readiness and debugging training data ingestion.
context: keep an eye on src/modeling/mvp_scoring.py, pipelines/feature_builder, and docs/agent-checklist.md for the next milestone.
---
2026-03-27T13:50:05Z
branch: feature/demo-ready-serving
status: ## feature/demo-ready-serving
?? progress.log
?? scripts/log_progress.sh
last_commit: 0aa675f Add agent execution plan
files_summary:
## feature/demo-ready-serving
?? progress.log
?? scripts/log_progress.sh
recent_work: reviewing mlops/scorecard_pipelines for MVP readiness and debugging training data ingestion.
context: keep an eye on src/modeling/mvp_scoring.py, pipelines/feature_builder, and docs/agent-checklist.md for the next milestone.
---
2026-03-27T14:05:03Z
branch: feature/demo-ready-serving
status: ## feature/demo-ready-serving
?? progress.log
?? scripts/log_progress.sh
last_commit: 0aa675f Add agent execution plan
files_summary:
## feature/demo-ready-serving
?? progress.log
?? scripts/log_progress.sh
recent_work: reviewing mlops/scorecard_pipelines for MVP readiness and debugging training data ingestion.
context: keep an eye on src/modeling/mvp_scoring.py, pipelines/feature_builder, and docs/agent-checklist.md for the next milestone.
---
2026-03-27T18:35:07Z
branch: feature/demo-ready-serving
status: ## feature/demo-ready-serving
?? progress.log
?? scripts/log_progress.sh
last_commit: 0aa675f Add agent execution plan
files_summary:
## feature/demo-ready-serving
?? progress.log
?? scripts/log_progress.sh
recent_work: reviewing mlops/scorecard_pipelines for MVP readiness and debugging training data ingestion.
context: keep an eye on src/modeling/mvp_scoring.py, pipelines/feature_builder, and docs/agent-checklist.md for the next milestone.
---
2026-03-27T18:50:17Z
branch: feature/demo-ready-serving
status: ## feature/demo-ready-serving
?? progress.log
?? scripts/log_progress.sh
last_commit: 0aa675f Add agent execution plan
files_summary:
## feature/demo-ready-serving
?? progress.log
?? scripts/log_progress.sh
recent_work: reviewing mlops/scorecard_pipelines for MVP readiness and debugging training data ingestion.
context: keep an eye on src/modeling/mvp_scoring.py, pipelines/feature_builder, and docs/agent-checklist.md for the next milestone.
---
2026-03-27T19:05:11Z
branch: feature/demo-ready-serving
status: ## feature/demo-ready-serving
?? progress.log
?? scripts/log_progress.sh
last_commit: 0aa675f Add agent execution plan
files_summary:
## feature/demo-ready-serving
?? progress.log
?? scripts/log_progress.sh
recent_work: reviewing mlops/scorecard_pipelines for MVP readiness and debugging training data ingestion.
context: keep an eye on src/modeling/mvp_scoring.py, pipelines/feature_builder, and docs/agent-checklist.md for the next milestone.
---
2026-03-27T19:20:15Z
branch: feature/demo-ready-serving
status: ## feature/demo-ready-serving
?? progress.log
?? scripts/log_progress.sh
last_commit: 0aa675f Add agent execution plan
files_summary:
## feature/demo-ready-serving
?? progress.log
?? scripts/log_progress.sh
recent_work: reviewing mlops/scorecard_pipelines for MVP readiness and debugging training data ingestion.
context: keep an eye on src/modeling/mvp_scoring.py, pipelines/feature_builder, and docs/agent-checklist.md for the next milestone.
---
2026-03-27T19:35:15Z
branch: feature/demo-ready-serving
status: ## feature/demo-ready-serving
?? progress.log
?? scripts/log_progress.sh
last_commit: 0aa675f Add agent execution plan
files_summary:
## feature/demo-ready-serving
?? progress.log
?? scripts/log_progress.sh
recent_work: reviewing mlops/scorecard_pipelines for MVP readiness and debugging training data ingestion.
context: keep an eye on src/modeling/mvp_scoring.py, pipelines/feature_builder, and docs/agent-checklist.md for the next milestone.
---
2026-03-27T19:50:17Z
branch: feature/demo-ready-serving
status: ## feature/demo-ready-serving
?? progress.log
?? scripts/log_progress.sh
last_commit: 0aa675f Add agent execution plan
files_summary:
## feature/demo-ready-serving
?? progress.log
?? scripts/log_progress.sh
recent_work: reviewing mlops/scorecard_pipelines for MVP readiness and debugging training data ingestion.
context: keep an eye on src/modeling/mvp_scoring.py, pipelines/feature_builder, and docs/agent-checklist.md for the next milestone.
---
2026-03-27T20:05:15Z
branch: feature/demo-ready-serving
status: ## feature/demo-ready-serving
?? progress.log
?? scripts/log_progress.sh
last_commit: 0aa675f Add agent execution plan
files_summary:
## feature/demo-ready-serving
?? progress.log
?? scripts/log_progress.sh
recent_work: reviewing mlops/scorecard_pipelines for MVP readiness and debugging training data ingestion.
context: keep an eye on src/modeling/mvp_scoring.py, pipelines/feature_builder, and docs/agent-checklist.md for the next milestone.
---
2026-03-27T20:20:08Z
branch: feature/demo-ready-serving
status: ## feature/demo-ready-serving
?? progress.log
?? scripts/log_progress.sh
last_commit: 0aa675f Add agent execution plan
files_summary:
## feature/demo-ready-serving
?? progress.log
?? scripts/log_progress.sh
recent_work: reviewing mlops/scorecard_pipelines for MVP readiness and debugging training data ingestion.
context: keep an eye on src/modeling/mvp_scoring.py, pipelines/feature_builder, and docs/agent-checklist.md for the next milestone.
---
2026-03-27T20:35:15Z
branch: feature/demo-ready-serving
status: ## feature/demo-ready-serving
?? progress.log
?? scripts/log_progress.sh
last_commit: 0aa675f Add agent execution plan
files_summary:
## feature/demo-ready-serving
?? progress.log
?? scripts/log_progress.sh
recent_work: reviewing mlops/scorecard_pipelines for MVP readiness and debugging training data ingestion.
context: keep an eye on src/modeling/mvp_scoring.py, pipelines/feature_builder, and docs/agent-checklist.md for the next milestone.
---
2026-03-27T20:50:13Z
branch: feature/demo-ready-serving
status: ## feature/demo-ready-serving
?? progress.log
?? scripts/log_progress.sh
last_commit: 0aa675f Add agent execution plan
files_summary:
## feature/demo-ready-serving
?? progress.log
?? scripts/log_progress.sh
recent_work: reviewing mlops/scorecard_pipelines for MVP readiness and debugging training data ingestion.
context: keep an eye on src/modeling/mvp_scoring.py, pipelines/feature_builder, and docs/agent-checklist.md for the next milestone.
---
2026-03-27T21:05:16Z
branch: feature/demo-ready-serving
status: ## feature/demo-ready-serving
?? progress.log
?? scripts/log_progress.sh
last_commit: 0aa675f Add agent execution plan
files_summary:
## feature/demo-ready-serving
?? progress.log
?? scripts/log_progress.sh
recent_work: reviewing mlops/scorecard_pipelines for MVP readiness and debugging training data ingestion.
context: keep an eye on src/modeling/mvp_scoring.py, pipelines/feature_builder, and docs/agent-checklist.md for the next milestone.
---
2026-03-27T21:20:17Z
branch: feature/demo-ready-serving
status: ## feature/demo-ready-serving
?? progress.log
?? scripts/log_progress.sh
last_commit: 0aa675f Add agent execution plan
files_summary:
## feature/demo-ready-serving
?? progress.log
?? scripts/log_progress.sh
recent_work: reviewing mlops/scorecard_pipelines for MVP readiness and debugging training data ingestion.
context: keep an eye on src/modeling/mvp_scoring.py, pipelines/feature_builder, and docs/agent-checklist.md for the next milestone.
---
2026-03-27T21:35:05Z
branch: feature/demo-ready-serving
status: ## feature/demo-ready-serving
?? progress.log
?? scripts/log_progress.sh
last_commit: 0aa675f Add agent execution plan
files_summary:
## feature/demo-ready-serving
?? progress.log
?? scripts/log_progress.sh
recent_work: reviewing mlops/scorecard_pipelines for MVP readiness and debugging training data ingestion.
context: keep an eye on src/modeling/mvp_scoring.py, pipelines/feature_builder, and docs/agent-checklist.md for the next milestone.
---
2026-03-27T21:50:09Z
branch: feature/demo-ready-serving
status: ## feature/demo-ready-serving
?? progress.log
?? scripts/log_progress.sh
last_commit: 0aa675f Add agent execution plan
files_summary:
## feature/demo-ready-serving
?? progress.log
?? scripts/log_progress.sh
recent_work: reviewing mlops/scorecard_pipelines for MVP readiness and debugging training data ingestion.
context: keep an eye on src/modeling/mvp_scoring.py, pipelines/feature_builder, and docs/agent-checklist.md for the next milestone.
---
2026-03-27T22:05:19Z
branch: feature/demo-ready-serving
status: ## feature/demo-ready-serving
?? progress.log
?? scripts/log_progress.sh
last_commit: 0aa675f Add agent execution plan
files_summary:
## feature/demo-ready-serving
?? progress.log
?? scripts/log_progress.sh
recent_work: reviewing mlops/scorecard_pipelines for MVP readiness and debugging training data ingestion.
context: keep an eye on src/modeling/mvp_scoring.py, pipelines/feature_builder, and docs/agent-checklist.md for the next milestone.
---
2026-03-27T22:20:10Z
branch: feature/demo-ready-serving
status: ## feature/demo-ready-serving
?? progress.log
?? scripts/log_progress.sh
last_commit: 0aa675f Add agent execution plan
files_summary:
## feature/demo-ready-serving
?? progress.log
?? scripts/log_progress.sh
recent_work: reviewing mlops/scorecard_pipelines for MVP readiness and debugging training data ingestion.
context: keep an eye on src/modeling/mvp_scoring.py, pipelines/feature_builder, and docs/agent-checklist.md for the next milestone.
---
2026-03-27T22:35:17Z
branch: feature/demo-ready-serving
status: ## feature/demo-ready-serving
?? progress.log
?? scripts/log_progress.sh
last_commit: 0aa675f Add agent execution plan
files_summary:
## feature/demo-ready-serving
?? progress.log
?? scripts/log_progress.sh
recent_work: reviewing mlops/scorecard_pipelines for MVP readiness and debugging training data ingestion.
context: keep an eye on src/modeling/mvp_scoring.py, pipelines/feature_builder, and docs/agent-checklist.md for the next milestone.
---
2026-03-27T22:50:26Z
branch: feature/demo-ready-serving
status: ## feature/demo-ready-serving
?? progress.log
?? scripts/log_progress.sh
last_commit: 0aa675f Add agent execution plan
files_summary:
## feature/demo-ready-serving
?? progress.log
?? scripts/log_progress.sh
recent_work: reviewing mlops/scorecard_pipelines for MVP readiness and debugging training data ingestion.
context: keep an eye on src/modeling/mvp_scoring.py, pipelines/feature_builder, and docs/agent-checklist.md for the next milestone.
---
2026-03-27T23:10:51Z
branch: feature/demo-ready-serving
status: ## feature/demo-ready-serving
?? progress.log
?? scripts/log_progress.sh
last_commit: 0aa675f Add agent execution plan
files_summary:
## feature/demo-ready-serving
?? progress.log
?? scripts/log_progress.sh
recent_work: reviewing mlops/scorecard_pipelines for MVP readiness and debugging training data ingestion.
context: keep an eye on src/modeling/mvp_scoring.py, pipelines/feature_builder, and docs/agent-checklist.md for the next milestone.
---
2026-03-27T23:25:48Z
branch: feature/demo-ready-serving
status: ## feature/demo-ready-serving
?? progress.log
?? scripts/log_progress.sh
last_commit: 0aa675f Add agent execution plan
files_summary:
## feature/demo-ready-serving
?? progress.log
?? scripts/log_progress.sh
recent_work: reviewing mlops/scorecard_pipelines for MVP readiness and debugging training data ingestion.
context: keep an eye on src/modeling/mvp_scoring.py, pipelines/feature_builder, and docs/agent-checklist.md for the next milestone.
---
2026-03-27T23:40:40Z
branch: feature/demo-ready-serving
status: ## feature/demo-ready-serving
?? progress.log
?? scripts/log_progress.sh
last_commit: 0aa675f Add agent execution plan
files_summary:
## feature/demo-ready-serving
?? progress.log
?? scripts/log_progress.sh
recent_work: reviewing mlops/scorecard_pipelines for MVP readiness and debugging training data ingestion.
context: keep an eye on src/modeling/mvp_scoring.py, pipelines/feature_builder, and docs/agent-checklist.md for the next milestone.
---
2026-03-27T23:55:40Z
branch: feature/demo-ready-serving
status: ## feature/demo-ready-serving
?? progress.log
?? scripts/log_progress.sh
last_commit: 0aa675f Add agent execution plan
files_summary:
## feature/demo-ready-serving
?? progress.log
?? scripts/log_progress.sh
recent_work: reviewing mlops/scorecard_pipelines for MVP readiness and debugging training data ingestion.
context: keep an eye on src/modeling/mvp_scoring.py, pipelines/feature_builder, and docs/agent-checklist.md for the next milestone.
---
2026-03-28T00:10:48Z
branch: feature/demo-ready-serving
status: ## feature/demo-ready-serving
?? progress.log
?? scripts/log_progress.sh
last_commit: 0aa675f Add agent execution plan
files_summary:
## feature/demo-ready-serving
?? progress.log
?? scripts/log_progress.sh
recent_work: reviewing mlops/scorecard_pipelines for MVP readiness and debugging training data ingestion.
context: keep an eye on src/modeling/mvp_scoring.py, pipelines/feature_builder, and docs/agent-checklist.md for the next milestone.
---
2026-03-28T00:25:52Z
branch: feature/demo-ready-serving
status: ## feature/demo-ready-serving
?? progress.log
?? scripts/log_progress.sh
last_commit: 0aa675f Add agent execution plan
files_summary:
## feature/demo-ready-serving
?? progress.log
?? scripts/log_progress.sh
recent_work: reviewing mlops/scorecard_pipelines for MVP readiness and debugging training data ingestion.
context: keep an eye on src/modeling/mvp_scoring.py, pipelines/feature_builder, and docs/agent-checklist.md for the next milestone.
---
2026-03-28T00:40:47Z
branch: feature/demo-ready-serving
status: ## feature/demo-ready-serving
?? progress.log
?? scripts/log_progress.sh
last_commit: 0aa675f Add agent execution plan
files_summary:
## feature/demo-ready-serving
?? progress.log
?? scripts/log_progress.sh
recent_work: reviewing mlops/scorecard_pipelines for MVP readiness and debugging training data ingestion.
context: keep an eye on src/modeling/mvp_scoring.py, pipelines/feature_builder, and docs/agent-checklist.md for the next milestone.
---
2026-03-28T00:55:44Z
branch: feature/demo-ready-serving
status: ## feature/demo-ready-serving
?? progress.log
?? scripts/log_progress.sh
last_commit: 0aa675f Add agent execution plan
files_summary:
## feature/demo-ready-serving
?? progress.log
?? scripts/log_progress.sh
recent_work: reviewing mlops/scorecard_pipelines for MVP readiness and debugging training data ingestion.
context: keep an eye on src/modeling/mvp_scoring.py, pipelines/feature_builder, and docs/agent-checklist.md for the next milestone.
---
2026-03-28T01:10:43Z
branch: feature/demo-ready-serving
status: ## feature/demo-ready-serving
?? progress.log
?? scripts/log_progress.sh
last_commit: 0aa675f Add agent execution plan
files_summary:
## feature/demo-ready-serving
?? progress.log
?? scripts/log_progress.sh
recent_work: reviewing mlops/scorecard_pipelines for MVP readiness and debugging training data ingestion.
context: keep an eye on src/modeling/mvp_scoring.py, pipelines/feature_builder, and docs/agent-checklist.md for the next milestone.
---
2026-03-28T01:25:50Z
branch: feature/demo-ready-serving
status: ## feature/demo-ready-serving
?? progress.log
?? scripts/log_progress.sh
last_commit: 0aa675f Add agent execution plan
files_summary:
## feature/demo-ready-serving
?? progress.log
?? scripts/log_progress.sh
recent_work: reviewing mlops/scorecard_pipelines for MVP readiness and debugging training data ingestion.
context: keep an eye on src/modeling/mvp_scoring.py, pipelines/feature_builder, and docs/agent-checklist.md for the next milestone.
---
2026-03-28T01:40:47Z
branch: feature/demo-ready-serving
status: ## feature/demo-ready-serving
?? progress.log
?? scripts/log_progress.sh
last_commit: 0aa675f Add agent execution plan
files_summary:
## feature/demo-ready-serving
?? progress.log
?? scripts/log_progress.sh
recent_work: reviewing mlops/scorecard_pipelines for MVP readiness and debugging training data ingestion.
context: keep an eye on src/modeling/mvp_scoring.py, pipelines/feature_builder, and docs/agent-checklist.md for the next milestone.
---
2026-03-28T01:55:58Z
branch: feature/demo-ready-serving
status: ## feature/demo-ready-serving
?? progress.log
?? scripts/log_progress.sh
last_commit: 0aa675f Add agent execution plan
files_summary:
## feature/demo-ready-serving
?? progress.log
?? scripts/log_progress.sh
recent_work: reviewing mlops/scorecard_pipelines for MVP readiness and debugging training data ingestion.
context: keep an eye on src/modeling/mvp_scoring.py, pipelines/feature_builder, and docs/agent-checklist.md for the next milestone.
---
2026-03-28T02:10:43Z
branch: feature/demo-ready-serving
status: ## feature/demo-ready-serving
?? progress.log
?? scripts/log_progress.sh
last_commit: 0aa675f Add agent execution plan
files_summary:
## feature/demo-ready-serving
?? progress.log
?? scripts/log_progress.sh
recent_work: reviewing mlops/scorecard_pipelines for MVP readiness and debugging training data ingestion.
context: keep an eye on src/modeling/mvp_scoring.py, pipelines/feature_builder, and docs/agent-checklist.md for the next milestone.
---
2026-03-28T02:25:37Z
branch: feature/demo-ready-serving
status: ## feature/demo-ready-serving
?? progress.log
?? scripts/log_progress.sh
last_commit: 0aa675f Add agent execution plan
files_summary:
## feature/demo-ready-serving
?? progress.log
?? scripts/log_progress.sh
recent_work: reviewing mlops/scorecard_pipelines for MVP readiness and debugging training data ingestion.
context: keep an eye on src/modeling/mvp_scoring.py, pipelines/feature_builder, and docs/agent-checklist.md for the next milestone.
---
2026-03-28T02:40:39Z
branch: feature/demo-ready-serving
status: ## feature/demo-ready-serving
?? progress.log
?? scripts/log_progress.sh
last_commit: 0aa675f Add agent execution plan
files_summary:
## feature/demo-ready-serving
?? progress.log
?? scripts/log_progress.sh
recent_work: reviewing mlops/scorecard_pipelines for MVP readiness and debugging training data ingestion.
context: keep an eye on src/modeling/mvp_scoring.py, pipelines/feature_builder, and docs/agent-checklist.md for the next milestone.
---
2026-03-28T02:55:46Z
branch: feature/demo-ready-serving
status: ## feature/demo-ready-serving
?? progress.log
?? scripts/log_progress.sh
last_commit: 0aa675f Add agent execution plan
files_summary:
## feature/demo-ready-serving
?? progress.log
?? scripts/log_progress.sh
recent_work: reviewing mlops/scorecard_pipelines for MVP readiness and debugging training data ingestion.
context: keep an eye on src/modeling/mvp_scoring.py, pipelines/feature_builder, and docs/agent-checklist.md for the next milestone.
---
2026-03-28T03:10:45Z
branch: feature/demo-ready-serving
status: ## feature/demo-ready-serving
?? progress.log
?? scripts/log_progress.sh
last_commit: 0aa675f Add agent execution plan
files_summary:
## feature/demo-ready-serving
?? progress.log
?? scripts/log_progress.sh
recent_work: reviewing mlops/scorecard_pipelines for MVP readiness and debugging training data ingestion.
context: keep an eye on src/modeling/mvp_scoring.py, pipelines/feature_builder, and docs/agent-checklist.md for the next milestone.
---
2026-03-28T03:25:34Z
branch: feature/demo-ready-serving
status: ## feature/demo-ready-serving
?? progress.log
?? scripts/log_progress.sh
last_commit: 0aa675f Add agent execution plan
files_summary:
## feature/demo-ready-serving
?? progress.log
?? scripts/log_progress.sh
recent_work: reviewing mlops/scorecard_pipelines for MVP readiness and debugging training data ingestion.
context: keep an eye on src/modeling/mvp_scoring.py, pipelines/feature_builder, and docs/agent-checklist.md for the next milestone.
---
2026-03-28T03:40:42Z
branch: feature/demo-ready-serving
status: ## feature/demo-ready-serving
?? progress.log
?? scripts/log_progress.sh
last_commit: 0aa675f Add agent execution plan
files_summary:
## feature/demo-ready-serving
?? progress.log
?? scripts/log_progress.sh
recent_work: reviewing mlops/scorecard_pipelines for MVP readiness and debugging training data ingestion.
context: keep an eye on src/modeling/mvp_scoring.py, pipelines/feature_builder, and docs/agent-checklist.md for the next milestone.
---
2026-03-28T03:55:52Z
branch: feature/demo-ready-serving
status: ## feature/demo-ready-serving
?? progress.log
?? scripts/log_progress.sh
last_commit: 0aa675f Add agent execution plan
files_summary:
## feature/demo-ready-serving
?? progress.log
?? scripts/log_progress.sh
recent_work: reviewing mlops/scorecard_pipelines for MVP readiness and debugging training data ingestion.
context: keep an eye on src/modeling/mvp_scoring.py, pipelines/feature_builder, and docs/agent-checklist.md for the next milestone.
---
2026-03-28T04:10:44Z
branch: feature/demo-ready-serving
status: ## feature/demo-ready-serving
?? progress.log
?? scripts/log_progress.sh
last_commit: 0aa675f Add agent execution plan
files_summary:
## feature/demo-ready-serving
?? progress.log
?? scripts/log_progress.sh
recent_work: reviewing mlops/scorecard_pipelines for MVP readiness and debugging training data ingestion.
context: keep an eye on src/modeling/mvp_scoring.py, pipelines/feature_builder, and docs/agent-checklist.md for the next milestone.
---
2026-03-28T04:25:46Z
branch: feature/demo-ready-serving
status: ## feature/demo-ready-serving
?? progress.log
?? scripts/log_progress.sh
last_commit: 0aa675f Add agent execution plan
files_summary:
## feature/demo-ready-serving
?? progress.log
?? scripts/log_progress.sh
recent_work: reviewing mlops/scorecard_pipelines for MVP readiness and debugging training data ingestion.
context: keep an eye on src/modeling/mvp_scoring.py, pipelines/feature_builder, and docs/agent-checklist.md for the next milestone.
---
2026-03-28T04:31:50Z
branch: feature/demo-ready-serving
status: ## feature/demo-ready-serving
?? progress.log
?? scripts/log_progress.sh
last_commit: 0aa675f Add agent execution plan
files_summary:
## feature/demo-ready-serving
?? progress.log
?? scripts/log_progress.sh
recent_work: reviewing mlops/scorecard_pipelines for MVP readiness and debugging training data ingestion.
context: keep an eye on src/modeling/mvp_scoring.py, pipelines/feature_builder, and docs/agent-checklist.md for the next milestone.
---
2026-03-28T04:34:05Z
branch: feature/demo-ready-serving
status: ## feature/demo-ready-serving
?? docs/agent-checklist.md
?? progress.log
?? scripts/log_progress.sh
last_commit: 0aa675f Add agent execution plan
files_summary:
## feature/demo-ready-serving
?? docs/agent-checklist.md
?? progress.log
?? scripts/log_progress.sh
recent_work: tracking runtime feature builder handoff, validating candidate pool scoring, and logging checkpoints in docs/agent-checklist.md.
context:
- runtime feature builder: load stats + sentiment, build named feature records, vectorize, and normalize to schema (see docs/agent-execution-plan).
- candidate pool: nightly top-30-by-minutes extraction, scoring, and cached outputs for pool players (docs/agent-execution-plan sections on candidate_pool).
- docs/agent-checklist.md: keep this checklist updated with runtime feature builder, candidate pool, and ranking QA checkpoints.
---
2026-03-28T04:40:41Z
branch: feature/demo-ready-serving
status: ## feature/demo-ready-serving
?? docs/agent-checklist.md
?? progress.log
?? scripts/log_progress.sh
last_commit: 0aa675f Add agent execution plan
files_summary:
## feature/demo-ready-serving
?? docs/agent-checklist.md
?? progress.log
?? scripts/log_progress.sh
recent_work: tracking runtime feature builder handoff, validating candidate pool scoring, and logging checkpoints in docs/agent-checklist.md.
context:
- runtime feature builder: load stats + sentiment, build named feature records, vectorize, and normalize to schema (see docs/agent-execution-plan).
- candidate pool: nightly top-30-by-minutes extraction, scoring, and cached outputs for pool players (docs/agent-execution-plan sections on candidate_pool).
- docs/agent-checklist.md: keep this checklist updated with runtime feature builder, candidate pool, and ranking QA checkpoints.
---
2026-03-28T04:41:57Z
branch: feature/demo-ready-serving
status: ## feature/demo-ready-serving
?? docs/agent-checklist.md
?? progress.log
?? scripts/log_progress.sh
last_commit: 0aa675f Add agent execution plan
files_summary:
## feature/demo-ready-serving
?? docs/agent-checklist.md
?? progress.log
?? scripts/log_progress.sh
recent_work: tracking runtime feature builder handoff, validating candidate pool scoring, and logging checkpoints in docs/agent-checklist.md.
context:
- runtime feature builder: load stats + sentiment, build named feature records, vectorize, and normalize to schema (see docs/agent-execution-plan).
- candidate pool: nightly top-30-by-minutes extraction, scoring, and cached outputs for pool players (docs/agent-execution-plan sections on candidate_pool).
- docs/agent-checklist.md: keep this checklist updated with runtime feature builder, candidate pool, and ranking QA checkpoints.
---
2026-03-28T04:42:38Z
branch: feature/demo-ready-serving
status: ## feature/demo-ready-serving
?? docs/agent-checklist.md
?? progress.log
?? scripts/log_progress.sh
last_commit: 0aa675f Add agent execution plan
files_summary:
## feature/demo-ready-serving
?? docs/agent-checklist.md
?? progress.log
?? scripts/log_progress.sh
recent_work: tracking runtime feature builder handoff, validating candidate pool scoring, and logging checkpoints in docs/agent-checklist.md.
context:
- runtime feature builder: load stats + sentiment, build named feature records, vectorize, and normalize to schema (see docs/agent-execution-plan).
- candidate pool: nightly top-30-by-minutes extraction, scoring, and cached outputs for pool players (docs/agent-execution-plan sections on candidate_pool).
- docs/agent-checklist.md: keep this checklist updated with runtime feature builder, candidate pool, and ranking QA checkpoints.
---
2026-03-28T04:51:41Z
branch: feature/demo-ready-serving
status: ## feature/demo-ready-serving
?? docs/agent-checklist.md
?? progress.log
?? scripts/log_progress.sh
last_commit: 0aa675f Add agent execution plan
files_summary:
## feature/demo-ready-serving
?? docs/agent-checklist.md
?? progress.log
?? scripts/log_progress.sh
recent_work: tracking runtime feature builder handoff, validating candidate pool scoring, and logging checkpoints in docs/agent-checklist.md.
context:
- runtime feature builder: load stats + sentiment, build named feature records, vectorize, and normalize to schema (see docs/agent-execution-plan).
- candidate pool: nightly top-30-by-minutes extraction, scoring, and cached outputs for pool players (docs/agent-execution-plan sections on candidate_pool).
- docs/agent-checklist.md: keep this checklist updated with runtime feature builder, candidate pool, and ranking QA checkpoints.
---
2026-03-28T04:55:38Z
branch: feature/demo-ready-serving
status: ## feature/demo-ready-serving
?? docs/agent-checklist.md
?? progress.log
?? scripts/log_progress.sh
last_commit: 0aa675f Add agent execution plan
files_summary:
## feature/demo-ready-serving
?? docs/agent-checklist.md
?? progress.log
?? scripts/log_progress.sh
recent_work: tracking runtime feature builder handoff, validating candidate pool scoring, and logging checkpoints in docs/agent-checklist.md.
context:
- runtime feature builder: load stats + sentiment, build named feature records, vectorize, and normalize to schema (see docs/agent-execution-plan).
- candidate pool: nightly top-30-by-minutes extraction, scoring, and cached outputs for pool players (docs/agent-execution-plan sections on candidate_pool).
- docs/agent-checklist.md: keep this checklist updated with runtime feature builder, candidate pool, and ranking QA checkpoints.
---
2026-03-28T05:01:49Z
branch: feature/demo-ready-serving
status: ## feature/demo-ready-serving
?? docs/agent-checklist.md
?? progress.log
?? scripts/log_progress.sh
last_commit: 0aa675f Add agent execution plan
files_summary:
## feature/demo-ready-serving
?? docs/agent-checklist.md
?? progress.log
?? scripts/log_progress.sh
recent_work: tracking runtime feature builder handoff, validating candidate pool scoring, and logging checkpoints in docs/agent-checklist.md.
context:
- runtime feature builder: load stats + sentiment, build named feature records, vectorize, and normalize to schema (see docs/agent-execution-plan).
- candidate pool: nightly top-30-by-minutes extraction, scoring, and cached outputs for pool players (docs/agent-execution-plan sections on candidate_pool).
- docs/agent-checklist.md: keep this checklist updated with runtime feature builder, candidate pool, and ranking QA checkpoints.
---
2026-03-28T05:10:40Z
branch: feature/demo-ready-serving
status: ## feature/demo-ready-serving
?? docs/agent-checklist.md
?? progress.log
?? scripts/log_progress.sh
last_commit: 0aa675f Add agent execution plan
files_summary:
## feature/demo-ready-serving
?? docs/agent-checklist.md
?? progress.log
?? scripts/log_progress.sh
recent_work: tracking runtime feature builder handoff, validating candidate pool scoring, and logging checkpoints in docs/agent-checklist.md.
context:
- runtime feature builder: load stats + sentiment, build named feature records, vectorize, and normalize to schema (see docs/agent-execution-plan).
- candidate pool: nightly top-30-by-minutes extraction, scoring, and cached outputs for pool players (docs/agent-execution-plan sections on candidate_pool).
- docs/agent-checklist.md: keep this checklist updated with runtime feature builder, candidate pool, and ranking QA checkpoints.
---
2026-03-28T05:11:47Z
branch: feature/demo-ready-serving
status: ## feature/demo-ready-serving
?? docs/agent-checklist.md
?? progress.log
?? scripts/log_progress.sh
last_commit: 0aa675f Add agent execution plan
files_summary:
## feature/demo-ready-serving
?? docs/agent-checklist.md
?? progress.log
?? scripts/log_progress.sh
recent_work: tracking runtime feature builder handoff, validating candidate pool scoring, and logging checkpoints in docs/agent-checklist.md.
context:
- runtime feature builder: load stats + sentiment, build named feature records, vectorize, and normalize to schema (see docs/agent-execution-plan).
- candidate pool: nightly top-30-by-minutes extraction, scoring, and cached outputs for pool players (docs/agent-execution-plan sections on candidate_pool).
- docs/agent-checklist.md: keep this checklist updated with runtime feature builder, candidate pool, and ranking QA checkpoints.
---
2026-03-28T05:22:20Z
branch: feature/demo-ready-serving
status: ## feature/demo-ready-serving
?? docs/agent-checklist.md
?? progress.log
?? scripts/log_progress.sh
last_commit: 0aa675f Add agent execution plan
files_summary:
## feature/demo-ready-serving
?? docs/agent-checklist.md
?? progress.log
?? scripts/log_progress.sh
recent_work: tracking runtime feature builder handoff, validating candidate pool scoring, and logging the latest checkpoints to docs/agent-checklist.md.
context:
- runtime feature builder: merge runtime stats + feature sentiment, emit named feature docs, and keep normalization aligned with the schema in docs/agent-execution-plan.
- candidate pool: refresh the nightly top-30 minutes-based extraction, rerun scoring, and cache the outputs so downstream ranking has consistent inputs (per docs/agent-execution-plan candidate_pool notes).
- docs/agent-checklist.md: record the runtime feature builder steps, candidate pool refresh, and ranking QA checkpoints so the checklist always mirrors current priorities.
---
2026-03-28T05:25:39Z
branch: feature/demo-ready-serving
status: ## feature/demo-ready-serving
?? docs/agent-checklist.md
?? progress.log
?? scripts/log_progress.sh
last_commit: 0aa675f Add agent execution plan
files_summary:
## feature/demo-ready-serving
?? docs/agent-checklist.md
?? progress.log
?? scripts/log_progress.sh
recent_work: tracking runtime feature builder handoff, validating candidate pool scoring, and logging the latest checkpoints to docs/agent-checklist.md.
context:
- runtime feature builder: merge runtime stats + feature sentiment, emit named feature docs, and keep normalization aligned with the schema in docs/agent-execution-plan.
- candidate pool: refresh the nightly top-30 minutes-based extraction, rerun scoring, and cache the outputs so downstream ranking has consistent inputs (per docs/agent-execution-plan candidate_pool notes).
- docs/agent-checklist.md: record the runtime feature builder steps, candidate pool refresh, and ranking QA checkpoints so the checklist always mirrors current priorities.
---
2026-03-28T05:31:46Z
branch: feature/demo-ready-serving
status: ## feature/demo-ready-serving
?? docs/agent-checklist.md
?? progress.log
?? scripts/log_progress.sh
last_commit: 0aa675f Add agent execution plan
files_summary:
## feature/demo-ready-serving
?? docs/agent-checklist.md
?? progress.log
?? scripts/log_progress.sh
recent_work: tracking runtime feature builder handoff, validating candidate pool scoring, and logging the latest checkpoints to docs/agent-checklist.md.
context:
- runtime feature builder: merge runtime stats + feature sentiment, emit named feature docs, and keep normalization aligned with the schema in docs/agent-execution-plan.
- candidate pool: refresh the nightly top-30 minutes-based extraction, rerun scoring, and cache the outputs so downstream ranking has consistent inputs (per docs/agent-execution-plan candidate_pool notes).
- docs/agent-checklist.md: record the runtime feature builder steps, candidate pool refresh, and ranking QA checkpoints so the checklist always mirrors current priorities.
---
2026-03-28T05:41:06Z
branch: feature/demo-ready-serving
status: ## feature/demo-ready-serving
?? docs/agent-checklist.md
?? progress.log
?? scripts/log_progress.sh
last_commit: 0aa675f Add agent execution plan
files_summary:
## feature/demo-ready-serving
?? docs/agent-checklist.md
?? progress.log
?? scripts/log_progress.sh
recent_work: tracking runtime feature builder handoff, validating candidate pool scoring, and logging the latest checkpoints to docs/agent-checklist.md.
context:
- runtime feature builder: merge runtime stats + feature sentiment, emit named feature docs, and keep normalization aligned with the schema in docs/agent-execution-plan.
- candidate pool: refresh the nightly top-30 minutes-based extraction, rerun scoring, and cache the outputs so downstream ranking has consistent inputs (per docs/agent-execution-plan candidate_pool notes).
- docs/agent-checklist.md: record the runtime feature builder steps, candidate pool refresh, and ranking QA checkpoints so the checklist always mirrors current priorities.
---
2026-03-28T05:41:51Z
branch: feature/demo-ready-serving
status: ## feature/demo-ready-serving
?? docs/agent-checklist.md
?? progress.log
?? scripts/log_progress.sh
last_commit: 0aa675f Add agent execution plan
files_summary:
## feature/demo-ready-serving
?? docs/agent-checklist.md
?? progress.log
?? scripts/log_progress.sh
recent_work: tracking runtime feature builder handoff, validating candidate pool scoring, and logging the latest checkpoints to docs/agent-checklist.md.
context:
- runtime feature builder: merge runtime stats + feature sentiment, emit named feature docs, and keep normalization aligned with the schema in docs/agent-execution-plan.
- candidate pool: refresh the nightly top-30 minutes-based extraction, rerun scoring, and cache the outputs so downstream ranking has consistent inputs (per docs/agent-execution-plan candidate_pool notes).
- docs/agent-checklist.md: record the runtime feature builder steps, candidate pool refresh, and ranking QA checkpoints so the checklist always mirrors current priorities.
---
2026-03-28T05:42:19Z
branch: feature/demo-ready-serving
status: ## feature/demo-ready-serving
?? docs/agent-checklist.md
?? progress.log
?? scripts/log_progress.sh
last_commit: 0aa675f Add agent execution plan
files_summary:
## feature/demo-ready-serving
?? docs/agent-checklist.md
?? progress.log
?? scripts/log_progress.sh
recent_work: prepping the runtime feature builder instrumentation, refreshing the candidate pool scoring cycle, and updating docs/agent-checklist.md with runbooks.
context:
- runtime feature builder: finalize schema for streaming features, ensure instrumentation flushes cleanly, and confirm metadata aligns with the runtime aggregator expectations.
- candidate pool: refresh the nightly extraction, rerun candidate scoring filters, and cache the outputs so downstream ranking services have deterministic inputs.
- docs/agent-checklist.md: capture the runtime builder handoff steps, candidate pool refresh checklist, and ranking QA notes so the checklist mirrors current priorities.
---
2026-03-28T05:51:55Z
branch: feature/demo-ready-serving
status: ## feature/demo-ready-serving
?? docs/agent-checklist.md
?? progress.log
?? scripts/log_progress.sh
last_commit: 0aa675f Add agent execution plan
files_summary:
## feature/demo-ready-serving
?? docs/agent-checklist.md
?? progress.log
?? scripts/log_progress.sh
recent_work: prepping the runtime feature builder instrumentation, refreshing the candidate pool scoring cycle, and updating docs/agent-checklist.md with runbooks.
context:
- runtime feature builder: finalize schema for streaming features, ensure instrumentation flushes cleanly, and confirm metadata aligns with the runtime aggregator expectations.
- candidate pool: refresh the nightly extraction, rerun candidate scoring filters, and cache the outputs so downstream ranking services have deterministic inputs.
- docs/agent-checklist.md: capture the runtime builder handoff steps, candidate pool refresh checklist, and ranking QA notes so the checklist mirrors current priorities.
---
2026-03-28T05:55:38Z
branch: feature/demo-ready-serving
status: ## feature/demo-ready-serving
?? docs/agent-checklist.md
?? progress.log
?? scripts/log_progress.sh
last_commit: 0aa675f Add agent execution plan
files_summary:
## feature/demo-ready-serving
?? docs/agent-checklist.md
?? progress.log
?? scripts/log_progress.sh
recent_work: prepping the runtime feature builder instrumentation, refreshing the candidate pool scoring cycle, and updating docs/agent-checklist.md with runbooks.
context:
- runtime feature builder: finalize schema for streaming features, ensure instrumentation flushes cleanly, and confirm metadata aligns with the runtime aggregator expectations.
- candidate pool: refresh the nightly extraction, rerun candidate scoring filters, and cache the outputs so downstream ranking services have deterministic inputs.
- docs/agent-checklist.md: capture the runtime builder handoff steps, candidate pool refresh checklist, and ranking QA notes so the checklist mirrors current priorities.
---
2026-03-28T06:02:00Z
branch: feature/demo-ready-serving
status: ## feature/demo-ready-serving
?? docs/agent-checklist.md
?? progress.log
?? scripts/log_progress.sh
last_commit: 0aa675f Add agent execution plan
files_summary:
## feature/demo-ready-serving
?? docs/agent-checklist.md
?? progress.log
?? scripts/log_progress.sh
recent_work: prepping the runtime feature builder instrumentation, refreshing the candidate pool scoring cycle, and updating docs/agent-checklist.md with runbooks.
context:
- runtime feature builder: finalize schema for streaming features, ensure instrumentation flushes cleanly, and confirm metadata aligns with the runtime aggregator expectations.
- candidate pool: refresh the nightly extraction, rerun candidate scoring filters, and cache the outputs so downstream ranking services have deterministic inputs.
- docs/agent-checklist.md: capture the runtime builder handoff steps, candidate pool refresh checklist, and ranking QA notes so the checklist mirrors current priorities.
---
2026-03-28T06:10:43Z
branch: feature/demo-ready-serving
status: ## feature/demo-ready-serving
?? docs/agent-checklist.md
?? progress.log
?? scripts/log_progress.sh
last_commit: 0aa675f Add agent execution plan
files_summary:
## feature/demo-ready-serving
?? docs/agent-checklist.md
?? progress.log
?? scripts/log_progress.sh
recent_work: prepping the runtime feature builder instrumentation, refreshing the candidate pool scoring cycle, and updating docs/agent-checklist.md with runbooks.
context:
- runtime feature builder: finalize schema for streaming features, ensure instrumentation flushes cleanly, and confirm metadata aligns with the runtime aggregator expectations.
- candidate pool: refresh the nightly extraction, rerun candidate scoring filters, and cache the outputs so downstream ranking services have deterministic inputs.
- docs/agent-checklist.md: capture the runtime builder handoff steps, candidate pool refresh checklist, and ranking QA notes so the checklist mirrors current priorities.
---
2026-03-28T06:11:51Z
branch: feature/demo-ready-serving
status: ## feature/demo-ready-serving
?? docs/agent-checklist.md
?? progress.log
?? scripts/log_progress.sh
last_commit: 0aa675f Add agent execution plan
files_summary:
## feature/demo-ready-serving
?? docs/agent-checklist.md
?? progress.log
?? scripts/log_progress.sh
recent_work: prepping the runtime feature builder instrumentation, refreshing the candidate pool scoring cycle, and updating docs/agent-checklist.md with runbooks.
context:
- runtime feature builder: finalize schema for streaming features, ensure instrumentation flushes cleanly, and confirm metadata aligns with the runtime aggregator expectations.
- candidate pool: refresh the nightly extraction, rerun candidate scoring filters, and cache the outputs so downstream ranking services have deterministic inputs.
- docs/agent-checklist.md: capture the runtime builder handoff steps, candidate pool refresh checklist, and ranking QA notes so the checklist mirrors current priorities.
---
2026-03-28T06:21:50Z
branch: feature/demo-ready-serving
status: ## feature/demo-ready-serving
?? docs/agent-checklist.md
?? progress.log
?? scripts/log_progress.sh
last_commit: 0aa675f Add agent execution plan
files_summary:
## feature/demo-ready-serving
?? docs/agent-checklist.md
?? progress.log
?? scripts/log_progress.sh
recent_work: prepping the runtime feature builder instrumentation, refreshing the candidate pool scoring cycle, and updating docs/agent-checklist.md with runbooks.
context:
- runtime feature builder: finalize schema for streaming features, ensure instrumentation flushes cleanly, and confirm metadata aligns with the runtime aggregator expectations.
- candidate pool: refresh the nightly extraction, rerun candidate scoring filters, and cache the outputs so downstream ranking services have deterministic inputs.
- docs/agent-checklist.md: capture the runtime builder handoff steps, candidate pool refresh checklist, and ranking QA notes so the checklist mirrors current priorities.
---
2026-03-28T06:25:48Z
branch: feature/demo-ready-serving
status: ## feature/demo-ready-serving
?? docs/agent-checklist.md
?? progress.log
?? scripts/log_progress.sh
last_commit: 0aa675f Add agent execution plan
files_summary:
## feature/demo-ready-serving
?? docs/agent-checklist.md
?? progress.log
?? scripts/log_progress.sh
recent_work: prepping the runtime feature builder instrumentation, refreshing the candidate pool scoring cycle, and updating docs/agent-checklist.md with runbooks.
context:
- runtime feature builder: finalize schema for streaming features, ensure instrumentation flushes cleanly, and confirm metadata aligns with the runtime aggregator expectations.
- candidate pool: refresh the nightly extraction, rerun candidate scoring filters, and cache the outputs so downstream ranking services have deterministic inputs.
- docs/agent-checklist.md: capture the runtime builder handoff steps, candidate pool refresh checklist, and ranking QA notes so the checklist mirrors current priorities.
---
2026-03-28T06:31:51Z
branch: feature/demo-ready-serving
status: ## feature/demo-ready-serving
?? docs/agent-checklist.md
?? progress.log
?? scripts/log_progress.sh
last_commit: 0aa675f Add agent execution plan
files_summary:
## feature/demo-ready-serving
?? docs/agent-checklist.md
?? progress.log
?? scripts/log_progress.sh
recent_work: prepping the runtime feature builder instrumentation, refreshing the candidate pool scoring cycle, and updating docs/agent-checklist.md with runbooks.
context:
- runtime feature builder: finalize schema for streaming features, ensure instrumentation flushes cleanly, and confirm metadata aligns with the runtime aggregator expectations.
- candidate pool: refresh the nightly extraction, rerun candidate scoring filters, and cache the outputs so downstream ranking services have deterministic inputs.
- docs/agent-checklist.md: capture the runtime builder handoff steps, candidate pool refresh checklist, and ranking QA notes so the checklist mirrors current priorities.
---
2026-03-28T06:40:43Z
branch: feature/demo-ready-serving
status: ## feature/demo-ready-serving
?? docs/agent-checklist.md
?? progress.log
?? scripts/log_progress.sh
last_commit: 0aa675f Add agent execution plan
files_summary:
## feature/demo-ready-serving
?? docs/agent-checklist.md
?? progress.log
?? scripts/log_progress.sh
recent_work: prepping the runtime feature builder instrumentation, refreshing the candidate pool scoring cycle, and updating docs/agent-checklist.md with runbooks.
context:
- runtime feature builder: finalize schema for streaming features, ensure instrumentation flushes cleanly, and confirm metadata aligns with the runtime aggregator expectations.
- candidate pool: refresh the nightly extraction, rerun candidate scoring filters, and cache the outputs so downstream ranking services have deterministic inputs.
- docs/agent-checklist.md: capture the runtime builder handoff steps, candidate pool refresh checklist, and ranking QA notes so the checklist mirrors current priorities.
---
2026-03-28T06:41:51Z
branch: feature/demo-ready-serving
status: ## feature/demo-ready-serving
?? docs/agent-checklist.md
?? progress.log
?? scripts/log_progress.sh
last_commit: 0aa675f Add agent execution plan
files_summary:
## feature/demo-ready-serving
?? docs/agent-checklist.md
?? progress.log
?? scripts/log_progress.sh
recent_work: prepping the runtime feature builder instrumentation, refreshing the candidate pool scoring cycle, and updating docs/agent-checklist.md with runbooks.
context:
- runtime feature builder: finalize schema for streaming features, ensure instrumentation flushes cleanly, and confirm metadata aligns with the runtime aggregator expectations.
- candidate pool: refresh the nightly extraction, rerun candidate scoring filters, and cache the outputs so downstream ranking services have deterministic inputs.
- docs/agent-checklist.md: capture the runtime builder handoff steps, candidate pool refresh checklist, and ranking QA notes so the checklist mirrors current priorities.
---
2026-03-28T06:51:52Z
branch: feature/demo-ready-serving
status: ## feature/demo-ready-serving
?? docs/agent-checklist.md
?? progress.log
?? scripts/log_progress.sh
last_commit: 0aa675f Add agent execution plan
files_summary:
## feature/demo-ready-serving
?? docs/agent-checklist.md
?? progress.log
?? scripts/log_progress.sh
recent_work: prepping the runtime feature builder instrumentation, refreshing the candidate pool scoring cycle, and updating docs/agent-checklist.md with runbooks.
context:
- runtime feature builder: finalize schema for streaming features, ensure instrumentation flushes cleanly, and confirm metadata aligns with the runtime aggregator expectations.
- candidate pool: refresh the nightly extraction, rerun candidate scoring filters, and cache the outputs so downstream ranking services have deterministic inputs.
- docs/agent-checklist.md: capture the runtime builder handoff steps, candidate pool refresh checklist, and ranking QA notes so the checklist mirrors current priorities.
---
2026-03-28T06:55:40Z
branch: feature/demo-ready-serving
status: ## feature/demo-ready-serving
?? docs/agent-checklist.md
?? progress.log
?? scripts/log_progress.sh
last_commit: 0aa675f Add agent execution plan
files_summary:
## feature/demo-ready-serving
?? docs/agent-checklist.md
?? progress.log
?? scripts/log_progress.sh
recent_work: prepping the runtime feature builder instrumentation, refreshing the candidate pool scoring cycle, and updating docs/agent-checklist.md with runbooks.
context:
- runtime feature builder: finalize schema for streaming features, ensure instrumentation flushes cleanly, and confirm metadata aligns with the runtime aggregator expectations.
- candidate pool: refresh the nightly extraction, rerun candidate scoring filters, and cache the outputs so downstream ranking services have deterministic inputs.
- docs/agent-checklist.md: capture the runtime builder handoff steps, candidate pool refresh checklist, and ranking QA notes so the checklist mirrors current priorities.
---
2026-03-28T07:01:48Z
branch: feature/demo-ready-serving
status: ## feature/demo-ready-serving
?? docs/agent-checklist.md
?? progress.log
?? scripts/log_progress.sh
last_commit: 0aa675f Add agent execution plan
files_summary:
## feature/demo-ready-serving
?? docs/agent-checklist.md
?? progress.log
?? scripts/log_progress.sh
recent_work: prepping the runtime feature builder instrumentation, refreshing the candidate pool scoring cycle, and updating docs/agent-checklist.md with runbooks.
context:
- runtime feature builder: finalize schema for streaming features, ensure instrumentation flushes cleanly, and confirm metadata aligns with the runtime aggregator expectations.
- candidate pool: refresh the nightly extraction, rerun candidate scoring filters, and cache the outputs so downstream ranking services have deterministic inputs.
- docs/agent-checklist.md: capture the runtime builder handoff steps, candidate pool refresh checklist, and ranking QA notes so the checklist mirrors current priorities.
---
2026-03-28T07:10:45Z
branch: feature/demo-ready-serving
status: ## feature/demo-ready-serving
?? docs/agent-checklist.md
?? progress.log
?? scripts/log_progress.sh
last_commit: 0aa675f Add agent execution plan
files_summary:
## feature/demo-ready-serving
?? docs/agent-checklist.md
?? progress.log
?? scripts/log_progress.sh
recent_work: prepping the runtime feature builder instrumentation, refreshing the candidate pool scoring cycle, and updating docs/agent-checklist.md with runbooks.
context:
- runtime feature builder: finalize schema for streaming features, ensure instrumentation flushes cleanly, and confirm metadata aligns with the runtime aggregator expectations.
- candidate pool: refresh the nightly extraction, rerun candidate scoring filters, and cache the outputs so downstream ranking services have deterministic inputs.
- docs/agent-checklist.md: capture the runtime builder handoff steps, candidate pool refresh checklist, and ranking QA notes so the checklist mirrors current priorities.
---
2026-03-28T07:11:55Z
branch: feature/demo-ready-serving
status: ## feature/demo-ready-serving
?? docs/agent-checklist.md
?? progress.log
?? scripts/log_progress.sh
last_commit: 0aa675f Add agent execution plan
files_summary:
## feature/demo-ready-serving
?? docs/agent-checklist.md
?? progress.log
?? scripts/log_progress.sh
recent_work: prepping the runtime feature builder instrumentation, refreshing the candidate pool scoring cycle, and updating docs/agent-checklist.md with runbooks.
context:
- runtime feature builder: finalize schema for streaming features, ensure instrumentation flushes cleanly, and confirm metadata aligns with the runtime aggregator expectations.
- candidate pool: refresh the nightly extraction, rerun candidate scoring filters, and cache the outputs so downstream ranking services have deterministic inputs.
- docs/agent-checklist.md: capture the runtime builder handoff steps, candidate pool refresh checklist, and ranking QA notes so the checklist mirrors current priorities.
---
2026-03-28T07:21:48Z
branch: feature/demo-ready-serving
status: ## feature/demo-ready-serving
?? docs/agent-checklist.md
?? progress.log
?? scripts/log_progress.sh
last_commit: 0aa675f Add agent execution plan
files_summary:
## feature/demo-ready-serving
?? docs/agent-checklist.md
?? progress.log
?? scripts/log_progress.sh
recent_work: prepping the runtime feature builder instrumentation, refreshing the candidate pool scoring cycle, and updating docs/agent-checklist.md with runbooks.
context:
- runtime feature builder: finalize schema for streaming features, ensure instrumentation flushes cleanly, and confirm metadata aligns with the runtime aggregator expectations.
- candidate pool: refresh the nightly extraction, rerun candidate scoring filters, and cache the outputs so downstream ranking services have deterministic inputs.
- docs/agent-checklist.md: capture the runtime builder handoff steps, candidate pool refresh checklist, and ranking QA notes so the checklist mirrors current priorities.
---
2026-03-28T07:26:03Z
branch: feature/demo-ready-serving
status: ## feature/demo-ready-serving
?? docs/agent-checklist.md
?? progress.log
?? scripts/log_progress.sh
last_commit: 0aa675f Add agent execution plan
files_summary:
## feature/demo-ready-serving
?? docs/agent-checklist.md
?? progress.log
?? scripts/log_progress.sh
recent_work: prepping the runtime feature builder instrumentation, refreshing the candidate pool scoring cycle, and updating docs/agent-checklist.md with runbooks.
context:
- runtime feature builder: finalize schema for streaming features, ensure instrumentation flushes cleanly, and confirm metadata aligns with the runtime aggregator expectations.
- candidate pool: refresh the nightly extraction, rerun candidate scoring filters, and cache the outputs so downstream ranking services have deterministic inputs.
- docs/agent-checklist.md: capture the runtime builder handoff steps, candidate pool refresh checklist, and ranking QA notes so the checklist mirrors current priorities.
---
2026-03-28T07:31:55Z
branch: feature/demo-ready-serving
status: ## feature/demo-ready-serving
?? docs/agent-checklist.md
?? progress.log
?? scripts/log_progress.sh
last_commit: 0aa675f Add agent execution plan
files_summary:
## feature/demo-ready-serving
?? docs/agent-checklist.md
?? progress.log
?? scripts/log_progress.sh
recent_work: prepping the runtime feature builder instrumentation, refreshing the candidate pool scoring cycle, and updating docs/agent-checklist.md with runbooks.
context:
- runtime feature builder: finalize schema for streaming features, ensure instrumentation flushes cleanly, and confirm metadata aligns with the runtime aggregator expectations.
- candidate pool: refresh the nightly extraction, rerun candidate scoring filters, and cache the outputs so downstream ranking services have deterministic inputs.
- docs/agent-checklist.md: capture the runtime builder handoff steps, candidate pool refresh checklist, and ranking QA notes so the checklist mirrors current priorities.
---
2026-03-28T07:40:48Z
branch: feature/demo-ready-serving
status: ## feature/demo-ready-serving
?? docs/agent-checklist.md
?? progress.log
?? scripts/log_progress.sh
last_commit: 0aa675f Add agent execution plan
files_summary:
## feature/demo-ready-serving
?? docs/agent-checklist.md
?? progress.log
?? scripts/log_progress.sh
recent_work: prepping the runtime feature builder instrumentation, refreshing the candidate pool scoring cycle, and updating docs/agent-checklist.md with runbooks.
context:
- runtime feature builder: finalize schema for streaming features, ensure instrumentation flushes cleanly, and confirm metadata aligns with the runtime aggregator expectations.
- candidate pool: refresh the nightly extraction, rerun candidate scoring filters, and cache the outputs so downstream ranking services have deterministic inputs.
- docs/agent-checklist.md: capture the runtime builder handoff steps, candidate pool refresh checklist, and ranking QA notes so the checklist mirrors current priorities.
---
2026-03-28T07:41:45Z
branch: feature/demo-ready-serving
status: ## feature/demo-ready-serving
?? docs/agent-checklist.md
?? progress.log
?? scripts/log_progress.sh
last_commit: 0aa675f Add agent execution plan
files_summary:
## feature/demo-ready-serving
?? docs/agent-checklist.md
?? progress.log
?? scripts/log_progress.sh
recent_work: prepping the runtime feature builder instrumentation, refreshing the candidate pool scoring cycle, and updating docs/agent-checklist.md with runbooks.
context:
- runtime feature builder: finalize schema for streaming features, ensure instrumentation flushes cleanly, and confirm metadata aligns with the runtime aggregator expectations.
- candidate pool: refresh the nightly extraction, rerun candidate scoring filters, and cache the outputs so downstream ranking services have deterministic inputs.
- docs/agent-checklist.md: capture the runtime builder handoff steps, candidate pool refresh checklist, and ranking QA notes so the checklist mirrors current priorities.
---
2026-03-28T07:51:50Z
branch: feature/demo-ready-serving
status: ## feature/demo-ready-serving
?? docs/agent-checklist.md
?? progress.log
?? scripts/log_progress.sh
last_commit: 0aa675f Add agent execution plan
files_summary:
## feature/demo-ready-serving
?? docs/agent-checklist.md
?? progress.log
?? scripts/log_progress.sh
recent_work: prepping the runtime feature builder instrumentation, refreshing the candidate pool scoring cycle, and updating docs/agent-checklist.md with runbooks.
context:
- runtime feature builder: finalize schema for streaming features, ensure instrumentation flushes cleanly, and confirm metadata aligns with the runtime aggregator expectations.
- candidate pool: refresh the nightly extraction, rerun candidate scoring filters, and cache the outputs so downstream ranking services have deterministic inputs.
- docs/agent-checklist.md: capture the runtime builder handoff steps, candidate pool refresh checklist, and ranking QA notes so the checklist mirrors current priorities.
---
2026-03-28T07:55:45Z
branch: feature/demo-ready-serving
status: ## feature/demo-ready-serving
?? docs/agent-checklist.md
?? progress.log
?? scripts/log_progress.sh
last_commit: 0aa675f Add agent execution plan
files_summary:
## feature/demo-ready-serving
?? docs/agent-checklist.md
?? progress.log
?? scripts/log_progress.sh
recent_work: prepping the runtime feature builder instrumentation, refreshing the candidate pool scoring cycle, and updating docs/agent-checklist.md with runbooks.
context:
- runtime feature builder: finalize schema for streaming features, ensure instrumentation flushes cleanly, and confirm metadata aligns with the runtime aggregator expectations.
- candidate pool: refresh the nightly extraction, rerun candidate scoring filters, and cache the outputs so downstream ranking services have deterministic inputs.
- docs/agent-checklist.md: capture the runtime builder handoff steps, candidate pool refresh checklist, and ranking QA notes so the checklist mirrors current priorities.
---
2026-03-28T08:01:45Z
branch: feature/demo-ready-serving
status: ## feature/demo-ready-serving
?? docs/agent-checklist.md
?? progress.log
?? scripts/log_progress.sh
last_commit: 0aa675f Add agent execution plan
files_summary:
## feature/demo-ready-serving
?? docs/agent-checklist.md
?? progress.log
?? scripts/log_progress.sh
recent_work: prepping the runtime feature builder instrumentation, refreshing the candidate pool scoring cycle, and updating docs/agent-checklist.md with runbooks.
context:
- runtime feature builder: finalize schema for streaming features, ensure instrumentation flushes cleanly, and confirm metadata aligns with the runtime aggregator expectations.
- candidate pool: refresh the nightly extraction, rerun candidate scoring filters, and cache the outputs so downstream ranking services have deterministic inputs.
- docs/agent-checklist.md: capture the runtime builder handoff steps, candidate pool refresh checklist, and ranking QA notes so the checklist mirrors current priorities.
---
2026-03-28T08:10:34Z
branch: feature/demo-ready-serving
status: ## feature/demo-ready-serving
?? docs/agent-checklist.md
?? progress.log
?? scripts/log_progress.sh
last_commit: 0aa675f Add agent execution plan
files_summary:
## feature/demo-ready-serving
?? docs/agent-checklist.md
?? progress.log
?? scripts/log_progress.sh
recent_work: prepping the runtime feature builder instrumentation, refreshing the candidate pool scoring cycle, and updating docs/agent-checklist.md with runbooks.
context:
- runtime feature builder: finalize schema for streaming features, ensure instrumentation flushes cleanly, and confirm metadata aligns with the runtime aggregator expectations.
- candidate pool: refresh the nightly extraction, rerun candidate scoring filters, and cache the outputs so downstream ranking services have deterministic inputs.
- docs/agent-checklist.md: capture the runtime builder handoff steps, candidate pool refresh checklist, and ranking QA notes so the checklist mirrors current priorities.
---
2026-03-28T08:11:46Z
branch: feature/demo-ready-serving
status: ## feature/demo-ready-serving
?? docs/agent-checklist.md
?? progress.log
?? scripts/log_progress.sh
last_commit: 0aa675f Add agent execution plan
files_summary:
## feature/demo-ready-serving
?? docs/agent-checklist.md
?? progress.log
?? scripts/log_progress.sh
recent_work: prepping the runtime feature builder instrumentation, refreshing the candidate pool scoring cycle, and updating docs/agent-checklist.md with runbooks.
context:
- runtime feature builder: finalize schema for streaming features, ensure instrumentation flushes cleanly, and confirm metadata aligns with the runtime aggregator expectations.
- candidate pool: refresh the nightly extraction, rerun candidate scoring filters, and cache the outputs so downstream ranking services have deterministic inputs.
- docs/agent-checklist.md: capture the runtime builder handoff steps, candidate pool refresh checklist, and ranking QA notes so the checklist mirrors current priorities.
---
2026-03-28T08:22:03Z
branch: feature/demo-ready-serving
status: ## feature/demo-ready-serving
?? docs/agent-checklist.md
?? progress.log
?? scripts/log_progress.sh
last_commit: 0aa675f Add agent execution plan
files_summary:
## feature/demo-ready-serving
?? docs/agent-checklist.md
?? progress.log
?? scripts/log_progress.sh
recent_work: prepping the runtime feature builder instrumentation, refreshing the candidate pool scoring cycle, and updating docs/agent-checklist.md with runbooks.
context:
- runtime feature builder: finalize schema for streaming features, ensure instrumentation flushes cleanly, and confirm metadata aligns with the runtime aggregator expectations.
- candidate pool: refresh the nightly extraction, rerun candidate scoring filters, and cache the outputs so downstream ranking services have deterministic inputs.
- docs/agent-checklist.md: capture the runtime builder handoff steps, candidate pool refresh checklist, and ranking QA notes so the checklist mirrors current priorities.
---
2026-03-28T08:25:41Z
branch: feature/demo-ready-serving
status: ## feature/demo-ready-serving
?? docs/agent-checklist.md
?? progress.log
?? scripts/log_progress.sh
last_commit: 0aa675f Add agent execution plan
files_summary:
## feature/demo-ready-serving
?? docs/agent-checklist.md
?? progress.log
?? scripts/log_progress.sh
recent_work: prepping the runtime feature builder instrumentation, refreshing the candidate pool scoring cycle, and updating docs/agent-checklist.md with runbooks.
context:
- runtime feature builder: finalize schema for streaming features, ensure instrumentation flushes cleanly, and confirm metadata aligns with the runtime aggregator expectations.
- candidate pool: refresh the nightly extraction, rerun candidate scoring filters, and cache the outputs so downstream ranking services have deterministic inputs.
- docs/agent-checklist.md: capture the runtime builder handoff steps, candidate pool refresh checklist, and ranking QA notes so the checklist mirrors current priorities.
---
2026-03-28T08:31:53Z
branch: feature/demo-ready-serving
status: ## feature/demo-ready-serving
?? docs/agent-checklist.md
?? progress.log
?? scripts/log_progress.sh
last_commit: 0aa675f Add agent execution plan
files_summary:
## feature/demo-ready-serving
?? docs/agent-checklist.md
?? progress.log
?? scripts/log_progress.sh
recent_work: prepping the runtime feature builder instrumentation, refreshing the candidate pool scoring cycle, and updating docs/agent-checklist.md with runbooks.
context:
- runtime feature builder: finalize schema for streaming features, ensure instrumentation flushes cleanly, and confirm metadata aligns with the runtime aggregator expectations.
- candidate pool: refresh the nightly extraction, rerun candidate scoring filters, and cache the outputs so downstream ranking services have deterministic inputs.
- docs/agent-checklist.md: capture the runtime builder handoff steps, candidate pool refresh checklist, and ranking QA notes so the checklist mirrors current priorities.
---
2026-03-28T08:40:48Z
branch: feature/demo-ready-serving
status: ## feature/demo-ready-serving
?? docs/agent-checklist.md
?? progress.log
?? scripts/log_progress.sh
last_commit: 0aa675f Add agent execution plan
files_summary:
## feature/demo-ready-serving
?? docs/agent-checklist.md
?? progress.log
?? scripts/log_progress.sh
recent_work: prepping the runtime feature builder instrumentation, refreshing the candidate pool scoring cycle, and updating docs/agent-checklist.md with runbooks.
context:
- runtime feature builder: finalize schema for streaming features, ensure instrumentation flushes cleanly, and confirm metadata aligns with the runtime aggregator expectations.
- candidate pool: refresh the nightly extraction, rerun candidate scoring filters, and cache the outputs so downstream ranking services have deterministic inputs.
- docs/agent-checklist.md: capture the runtime builder handoff steps, candidate pool refresh checklist, and ranking QA notes so the checklist mirrors current priorities.
---
2026-03-28T08:41:46Z
branch: feature/demo-ready-serving
status: ## feature/demo-ready-serving
?? docs/agent-checklist.md
?? progress.log
?? scripts/log_progress.sh
last_commit: 0aa675f Add agent execution plan
files_summary:
## feature/demo-ready-serving
?? docs/agent-checklist.md
?? progress.log
?? scripts/log_progress.sh
recent_work: prepping the runtime feature builder instrumentation, refreshing the candidate pool scoring cycle, and updating docs/agent-checklist.md with runbooks.
context:
- runtime feature builder: finalize schema for streaming features, ensure instrumentation flushes cleanly, and confirm metadata aligns with the runtime aggregator expectations.
- candidate pool: refresh the nightly extraction, rerun candidate scoring filters, and cache the outputs so downstream ranking services have deterministic inputs.
- docs/agent-checklist.md: capture the runtime builder handoff steps, candidate pool refresh checklist, and ranking QA notes so the checklist mirrors current priorities.
---
2026-03-28T08:51:47Z
branch: feature/demo-ready-serving
status: ## feature/demo-ready-serving
?? docs/agent-checklist.md
?? progress.log
?? scripts/log_progress.sh
last_commit: 0aa675f Add agent execution plan
files_summary:
## feature/demo-ready-serving
?? docs/agent-checklist.md
?? progress.log
?? scripts/log_progress.sh
recent_work: prepping the runtime feature builder instrumentation, refreshing the candidate pool scoring cycle, and updating docs/agent-checklist.md with runbooks.
context:
- runtime feature builder: finalize schema for streaming features, ensure instrumentation flushes cleanly, and confirm metadata aligns with the runtime aggregator expectations.
- candidate pool: refresh the nightly extraction, rerun candidate scoring filters, and cache the outputs so downstream ranking services have deterministic inputs.
- docs/agent-checklist.md: capture the runtime builder handoff steps, candidate pool refresh checklist, and ranking QA notes so the checklist mirrors current priorities.
---
2026-03-28T08:55:45Z
branch: feature/demo-ready-serving
status: ## feature/demo-ready-serving
?? docs/agent-checklist.md
?? progress.log
?? scripts/log_progress.sh
last_commit: 0aa675f Add agent execution plan
files_summary:
## feature/demo-ready-serving
?? docs/agent-checklist.md
?? progress.log
?? scripts/log_progress.sh
recent_work: prepping the runtime feature builder instrumentation, refreshing the candidate pool scoring cycle, and updating docs/agent-checklist.md with runbooks.
context:
- runtime feature builder: finalize schema for streaming features, ensure instrumentation flushes cleanly, and confirm metadata aligns with the runtime aggregator expectations.
- candidate pool: refresh the nightly extraction, rerun candidate scoring filters, and cache the outputs so downstream ranking services have deterministic inputs.
- docs/agent-checklist.md: capture the runtime builder handoff steps, candidate pool refresh checklist, and ranking QA notes so the checklist mirrors current priorities.
---
2026-03-28T09:01:44Z
branch: feature/demo-ready-serving
status: ## feature/demo-ready-serving
?? docs/agent-checklist.md
?? progress.log
?? scripts/log_progress.sh
last_commit: 0aa675f Add agent execution plan
files_summary:
## feature/demo-ready-serving
?? docs/agent-checklist.md
?? progress.log
?? scripts/log_progress.sh
recent_work: prepping the runtime feature builder instrumentation, refreshing the candidate pool scoring cycle, and updating docs/agent-checklist.md with runbooks.
context:
- runtime feature builder: finalize schema for streaming features, ensure instrumentation flushes cleanly, and confirm metadata aligns with the runtime aggregator expectations.
- candidate pool: refresh the nightly extraction, rerun candidate scoring filters, and cache the outputs so downstream ranking services have deterministic inputs.
- docs/agent-checklist.md: capture the runtime builder handoff steps, candidate pool refresh checklist, and ranking QA notes so the checklist mirrors current priorities.
---
2026-03-28T09:10:45Z
branch: feature/demo-ready-serving
status: ## feature/demo-ready-serving
?? docs/agent-checklist.md
?? progress.log
?? scripts/log_progress.sh
last_commit: 0aa675f Add agent execution plan
files_summary:
## feature/demo-ready-serving
?? docs/agent-checklist.md
?? progress.log
?? scripts/log_progress.sh
recent_work: prepping the runtime feature builder instrumentation, refreshing the candidate pool scoring cycle, and updating docs/agent-checklist.md with runbooks.
context:
- runtime feature builder: finalize schema for streaming features, ensure instrumentation flushes cleanly, and confirm metadata aligns with the runtime aggregator expectations.
- candidate pool: refresh the nightly extraction, rerun candidate scoring filters, and cache the outputs so downstream ranking services have deterministic inputs.
- docs/agent-checklist.md: capture the runtime builder handoff steps, candidate pool refresh checklist, and ranking QA notes so the checklist mirrors current priorities.
---
2026-03-28T09:11:37Z
branch: feature/demo-ready-serving
status: ## feature/demo-ready-serving
?? docs/agent-checklist.md
?? progress.log
?? scripts/log_progress.sh
last_commit: 0aa675f Add agent execution plan
files_summary:
## feature/demo-ready-serving
?? docs/agent-checklist.md
?? progress.log
?? scripts/log_progress.sh
recent_work: prepping the runtime feature builder instrumentation, refreshing the candidate pool scoring cycle, and updating docs/agent-checklist.md with runbooks.
context:
- runtime feature builder: finalize schema for streaming features, ensure instrumentation flushes cleanly, and confirm metadata aligns with the runtime aggregator expectations.
- candidate pool: refresh the nightly extraction, rerun candidate scoring filters, and cache the outputs so downstream ranking services have deterministic inputs.
- docs/agent-checklist.md: capture the runtime builder handoff steps, candidate pool refresh checklist, and ranking QA notes so the checklist mirrors current priorities.
---
2026-03-28T09:21:43Z
branch: feature/demo-ready-serving
status: ## feature/demo-ready-serving
?? docs/agent-checklist.md
?? progress.log
?? scripts/log_progress.sh
last_commit: 0aa675f Add agent execution plan
files_summary:
## feature/demo-ready-serving
?? docs/agent-checklist.md
?? progress.log
?? scripts/log_progress.sh
recent_work: prepping the runtime feature builder instrumentation, refreshing the candidate pool scoring cycle, and updating docs/agent-checklist.md with runbooks.
context:
- runtime feature builder: finalize schema for streaming features, ensure instrumentation flushes cleanly, and confirm metadata aligns with the runtime aggregator expectations.
- candidate pool: refresh the nightly extraction, rerun candidate scoring filters, and cache the outputs so downstream ranking services have deterministic inputs.
- docs/agent-checklist.md: capture the runtime builder handoff steps, candidate pool refresh checklist, and ranking QA notes so the checklist mirrors current priorities.
---
2026-03-28T09:25:42Z
branch: feature/demo-ready-serving
status: ## feature/demo-ready-serving
?? docs/agent-checklist.md
?? progress.log
?? scripts/log_progress.sh
last_commit: 0aa675f Add agent execution plan
files_summary:
## feature/demo-ready-serving
?? docs/agent-checklist.md
?? progress.log
?? scripts/log_progress.sh
recent_work: prepping the runtime feature builder instrumentation, refreshing the candidate pool scoring cycle, and updating docs/agent-checklist.md with runbooks.
context:
- runtime feature builder: finalize schema for streaming features, ensure instrumentation flushes cleanly, and confirm metadata aligns with the runtime aggregator expectations.
- candidate pool: refresh the nightly extraction, rerun candidate scoring filters, and cache the outputs so downstream ranking services have deterministic inputs.
- docs/agent-checklist.md: capture the runtime builder handoff steps, candidate pool refresh checklist, and ranking QA notes so the checklist mirrors current priorities.
---
2026-03-28T09:31:52Z
branch: feature/demo-ready-serving
status: ## feature/demo-ready-serving
?? docs/agent-checklist.md
?? progress.log
?? scripts/log_progress.sh
last_commit: 0aa675f Add agent execution plan
files_summary:
## feature/demo-ready-serving
?? docs/agent-checklist.md
?? progress.log
?? scripts/log_progress.sh
recent_work: prepping the runtime feature builder instrumentation, refreshing the candidate pool scoring cycle, and updating docs/agent-checklist.md with runbooks.
context:
- runtime feature builder: finalize schema for streaming features, ensure instrumentation flushes cleanly, and confirm metadata aligns with the runtime aggregator expectations.
- candidate pool: refresh the nightly extraction, rerun candidate scoring filters, and cache the outputs so downstream ranking services have deterministic inputs.
- docs/agent-checklist.md: capture the runtime builder handoff steps, candidate pool refresh checklist, and ranking QA notes so the checklist mirrors current priorities.
---
2026-03-28T09:40:41Z
branch: feature/demo-ready-serving
status: ## feature/demo-ready-serving
?? docs/agent-checklist.md
?? progress.log
?? scripts/log_progress.sh
last_commit: 0aa675f Add agent execution plan
files_summary:
## feature/demo-ready-serving
?? docs/agent-checklist.md
?? progress.log
?? scripts/log_progress.sh
recent_work: prepping the runtime feature builder instrumentation, refreshing the candidate pool scoring cycle, and updating docs/agent-checklist.md with runbooks.
context:
- runtime feature builder: finalize schema for streaming features, ensure instrumentation flushes cleanly, and confirm metadata aligns with the runtime aggregator expectations.
- candidate pool: refresh the nightly extraction, rerun candidate scoring filters, and cache the outputs so downstream ranking services have deterministic inputs.
- docs/agent-checklist.md: capture the runtime builder handoff steps, candidate pool refresh checklist, and ranking QA notes so the checklist mirrors current priorities.
---
2026-03-28T09:41:40Z
branch: feature/demo-ready-serving
status: ## feature/demo-ready-serving
?? docs/agent-checklist.md
?? progress.log
?? scripts/log_progress.sh
last_commit: 0aa675f Add agent execution plan
files_summary:
## feature/demo-ready-serving
?? docs/agent-checklist.md
?? progress.log
?? scripts/log_progress.sh
recent_work: prepping the runtime feature builder instrumentation, refreshing the candidate pool scoring cycle, and updating docs/agent-checklist.md with runbooks.
context:
- runtime feature builder: finalize schema for streaming features, ensure instrumentation flushes cleanly, and confirm metadata aligns with the runtime aggregator expectations.
- candidate pool: refresh the nightly extraction, rerun candidate scoring filters, and cache the outputs so downstream ranking services have deterministic inputs.
- docs/agent-checklist.md: capture the runtime builder handoff steps, candidate pool refresh checklist, and ranking QA notes so the checklist mirrors current priorities.
---
2026-03-28T09:51:50Z
branch: feature/demo-ready-serving
status: ## feature/demo-ready-serving
?? docs/agent-checklist.md
?? progress.log
?? scripts/log_progress.sh
last_commit: 0aa675f Add agent execution plan
files_summary:
## feature/demo-ready-serving
?? docs/agent-checklist.md
?? progress.log
?? scripts/log_progress.sh
recent_work: prepping the runtime feature builder instrumentation, refreshing the candidate pool scoring cycle, and updating docs/agent-checklist.md with runbooks.
context:
- runtime feature builder: finalize schema for streaming features, ensure instrumentation flushes cleanly, and confirm metadata aligns with the runtime aggregator expectations.
- candidate pool: refresh the nightly extraction, rerun candidate scoring filters, and cache the outputs so downstream ranking services have deterministic inputs.
- docs/agent-checklist.md: capture the runtime builder handoff steps, candidate pool refresh checklist, and ranking QA notes so the checklist mirrors current priorities.
---
2026-03-28T09:55:40Z
branch: feature/demo-ready-serving
status: ## feature/demo-ready-serving
?? docs/agent-checklist.md
?? progress.log
?? scripts/log_progress.sh
last_commit: 0aa675f Add agent execution plan
files_summary:
## feature/demo-ready-serving
?? docs/agent-checklist.md
?? progress.log
?? scripts/log_progress.sh
recent_work: prepping the runtime feature builder instrumentation, refreshing the candidate pool scoring cycle, and updating docs/agent-checklist.md with runbooks.
context:
- runtime feature builder: finalize schema for streaming features, ensure instrumentation flushes cleanly, and confirm metadata aligns with the runtime aggregator expectations.
- candidate pool: refresh the nightly extraction, rerun candidate scoring filters, and cache the outputs so downstream ranking services have deterministic inputs.
- docs/agent-checklist.md: capture the runtime builder handoff steps, candidate pool refresh checklist, and ranking QA notes so the checklist mirrors current priorities.
---
2026-03-28T10:01:49Z
branch: feature/demo-ready-serving
status: ## feature/demo-ready-serving
?? docs/agent-checklist.md
?? progress.log
?? scripts/log_progress.sh
last_commit: 0aa675f Add agent execution plan
files_summary:
## feature/demo-ready-serving
?? docs/agent-checklist.md
?? progress.log
?? scripts/log_progress.sh
recent_work: prepping the runtime feature builder instrumentation, refreshing the candidate pool scoring cycle, and updating docs/agent-checklist.md with runbooks.
context:
- runtime feature builder: finalize schema for streaming features, ensure instrumentation flushes cleanly, and confirm metadata aligns with the runtime aggregator expectations.
- candidate pool: refresh the nightly extraction, rerun candidate scoring filters, and cache the outputs so downstream ranking services have deterministic inputs.
- docs/agent-checklist.md: capture the runtime builder handoff steps, candidate pool refresh checklist, and ranking QA notes so the checklist mirrors current priorities.
---
2026-03-28T10:10:39Z
branch: feature/demo-ready-serving
status: ## feature/demo-ready-serving
?? docs/agent-checklist.md
?? progress.log
?? scripts/log_progress.sh
last_commit: 0aa675f Add agent execution plan
files_summary:
## feature/demo-ready-serving
?? docs/agent-checklist.md
?? progress.log
?? scripts/log_progress.sh
recent_work: prepping the runtime feature builder instrumentation, refreshing the candidate pool scoring cycle, and updating docs/agent-checklist.md with runbooks.
context:
- runtime feature builder: finalize schema for streaming features, ensure instrumentation flushes cleanly, and confirm metadata aligns with the runtime aggregator expectations.
- candidate pool: refresh the nightly extraction, rerun candidate scoring filters, and cache the outputs so downstream ranking services have deterministic inputs.
- docs/agent-checklist.md: capture the runtime builder handoff steps, candidate pool refresh checklist, and ranking QA notes so the checklist mirrors current priorities.
---
2026-03-28T10:11:53Z
branch: feature/demo-ready-serving
status: ## feature/demo-ready-serving
?? docs/agent-checklist.md
?? progress.log
?? scripts/log_progress.sh
last_commit: 0aa675f Add agent execution plan
files_summary:
## feature/demo-ready-serving
?? docs/agent-checklist.md
?? progress.log
?? scripts/log_progress.sh
recent_work: prepping the runtime feature builder instrumentation, refreshing the candidate pool scoring cycle, and updating docs/agent-checklist.md with runbooks.
context:
- runtime feature builder: finalize schema for streaming features, ensure instrumentation flushes cleanly, and confirm metadata aligns with the runtime aggregator expectations.
- candidate pool: refresh the nightly extraction, rerun candidate scoring filters, and cache the outputs so downstream ranking services have deterministic inputs.
- docs/agent-checklist.md: capture the runtime builder handoff steps, candidate pool refresh checklist, and ranking QA notes so the checklist mirrors current priorities.
---
2026-03-28T10:21:50Z
branch: feature/demo-ready-serving
status: ## feature/demo-ready-serving
?? docs/agent-checklist.md
?? progress.log
?? scripts/log_progress.sh
last_commit: 0aa675f Add agent execution plan
files_summary:
## feature/demo-ready-serving
?? docs/agent-checklist.md
?? progress.log
?? scripts/log_progress.sh
recent_work: prepping the runtime feature builder instrumentation, refreshing the candidate pool scoring cycle, and updating docs/agent-checklist.md with runbooks.
context:
- runtime feature builder: finalize schema for streaming features, ensure instrumentation flushes cleanly, and confirm metadata aligns with the runtime aggregator expectations.
- candidate pool: refresh the nightly extraction, rerun candidate scoring filters, and cache the outputs so downstream ranking services have deterministic inputs.
- docs/agent-checklist.md: capture the runtime builder handoff steps, candidate pool refresh checklist, and ranking QA notes so the checklist mirrors current priorities.
---
2026-03-28T10:25:42Z
branch: feature/demo-ready-serving
status: ## feature/demo-ready-serving
?? docs/agent-checklist.md
?? progress.log
?? scripts/log_progress.sh
last_commit: 0aa675f Add agent execution plan
files_summary:
## feature/demo-ready-serving
?? docs/agent-checklist.md
?? progress.log
?? scripts/log_progress.sh
recent_work: prepping the runtime feature builder instrumentation, refreshing the candidate pool scoring cycle, and updating docs/agent-checklist.md with runbooks.
context:
- runtime feature builder: finalize schema for streaming features, ensure instrumentation flushes cleanly, and confirm metadata aligns with the runtime aggregator expectations.
- candidate pool: refresh the nightly extraction, rerun candidate scoring filters, and cache the outputs so downstream ranking services have deterministic inputs.
- docs/agent-checklist.md: capture the runtime builder handoff steps, candidate pool refresh checklist, and ranking QA notes so the checklist mirrors current priorities.
---
2026-03-28T10:31:56Z
branch: feature/demo-ready-serving
status: ## feature/demo-ready-serving
?? docs/agent-checklist.md
?? progress.log
?? scripts/log_progress.sh
last_commit: 0aa675f Add agent execution plan
files_summary:
## feature/demo-ready-serving
?? docs/agent-checklist.md
?? progress.log
?? scripts/log_progress.sh
recent_work: prepping the runtime feature builder instrumentation, refreshing the candidate pool scoring cycle, and updating docs/agent-checklist.md with runbooks.
context:
- runtime feature builder: finalize schema for streaming features, ensure instrumentation flushes cleanly, and confirm metadata aligns with the runtime aggregator expectations.
- candidate pool: refresh the nightly extraction, rerun candidate scoring filters, and cache the outputs so downstream ranking services have deterministic inputs.
- docs/agent-checklist.md: capture the runtime builder handoff steps, candidate pool refresh checklist, and ranking QA notes so the checklist mirrors current priorities.
---
2026-03-28T10:40:46Z
branch: feature/demo-ready-serving
status: ## feature/demo-ready-serving
?? docs/agent-checklist.md
?? progress.log
?? scripts/log_progress.sh
last_commit: 0aa675f Add agent execution plan
files_summary:
## feature/demo-ready-serving
?? docs/agent-checklist.md
?? progress.log
?? scripts/log_progress.sh
recent_work: prepping the runtime feature builder instrumentation, refreshing the candidate pool scoring cycle, and updating docs/agent-checklist.md with runbooks.
context:
- runtime feature builder: finalize schema for streaming features, ensure instrumentation flushes cleanly, and confirm metadata aligns with the runtime aggregator expectations.
- candidate pool: refresh the nightly extraction, rerun candidate scoring filters, and cache the outputs so downstream ranking services have deterministic inputs.
- docs/agent-checklist.md: capture the runtime builder handoff steps, candidate pool refresh checklist, and ranking QA notes so the checklist mirrors current priorities.
---
2026-03-28T10:41:45Z
branch: feature/demo-ready-serving
status: ## feature/demo-ready-serving
?? docs/agent-checklist.md
?? progress.log
?? scripts/log_progress.sh
last_commit: 0aa675f Add agent execution plan
files_summary:
## feature/demo-ready-serving
?? docs/agent-checklist.md
?? progress.log
?? scripts/log_progress.sh
recent_work: prepping the runtime feature builder instrumentation, refreshing the candidate pool scoring cycle, and updating docs/agent-checklist.md with runbooks.
context:
- runtime feature builder: finalize schema for streaming features, ensure instrumentation flushes cleanly, and confirm metadata aligns with the runtime aggregator expectations.
- candidate pool: refresh the nightly extraction, rerun candidate scoring filters, and cache the outputs so downstream ranking services have deterministic inputs.
- docs/agent-checklist.md: capture the runtime builder handoff steps, candidate pool refresh checklist, and ranking QA notes so the checklist mirrors current priorities.
---
2026-03-28T10:52:08Z
branch: feature/demo-ready-serving
status: ## feature/demo-ready-serving
?? docs/agent-checklist.md
?? progress.log
?? scripts/log_progress.sh
last_commit: 0aa675f Add agent execution plan
files_summary:
## feature/demo-ready-serving
?? docs/agent-checklist.md
?? progress.log
?? scripts/log_progress.sh
recent_work: prepping the runtime feature builder instrumentation, refreshing the candidate pool scoring cycle, and updating docs/agent-checklist.md with runbooks.
context:
- runtime feature builder: finalize schema for streaming features, ensure instrumentation flushes cleanly, and confirm metadata aligns with the runtime aggregator expectations.
- candidate pool: refresh the nightly extraction, rerun candidate scoring filters, and cache the outputs so downstream ranking services have deterministic inputs.
- docs/agent-checklist.md: capture the runtime builder handoff steps, candidate pool refresh checklist, and ranking QA notes so the checklist mirrors current priorities.
---
2026-03-28T10:55:54Z
branch: feature/demo-ready-serving
status: ## feature/demo-ready-serving
?? docs/agent-checklist.md
?? progress.log
?? scripts/log_progress.sh
last_commit: 0aa675f Add agent execution plan
files_summary:
## feature/demo-ready-serving
?? docs/agent-checklist.md
?? progress.log
?? scripts/log_progress.sh
recent_work: prepping the runtime feature builder instrumentation, refreshing the candidate pool scoring cycle, and updating docs/agent-checklist.md with runbooks.
context:
- runtime feature builder: finalize schema for streaming features, ensure instrumentation flushes cleanly, and confirm metadata aligns with the runtime aggregator expectations.
- candidate pool: refresh the nightly extraction, rerun candidate scoring filters, and cache the outputs so downstream ranking services have deterministic inputs.
- docs/agent-checklist.md: capture the runtime builder handoff steps, candidate pool refresh checklist, and ranking QA notes so the checklist mirrors current priorities.
---
2026-03-28T11:01:56Z
branch: feature/demo-ready-serving
status: ## feature/demo-ready-serving
?? docs/agent-checklist.md
?? progress.log
?? scripts/log_progress.sh
last_commit: 0aa675f Add agent execution plan
files_summary:
## feature/demo-ready-serving
?? docs/agent-checklist.md
?? progress.log
?? scripts/log_progress.sh
recent_work: prepping the runtime feature builder instrumentation, refreshing the candidate pool scoring cycle, and updating docs/agent-checklist.md with runbooks.
context:
- runtime feature builder: finalize schema for streaming features, ensure instrumentation flushes cleanly, and confirm metadata aligns with the runtime aggregator expectations.
- candidate pool: refresh the nightly extraction, rerun candidate scoring filters, and cache the outputs so downstream ranking services have deterministic inputs.
- docs/agent-checklist.md: capture the runtime builder handoff steps, candidate pool refresh checklist, and ranking QA notes so the checklist mirrors current priorities.
---
2026-03-28T11:10:47Z
branch: feature/demo-ready-serving
status: ## feature/demo-ready-serving
?? docs/agent-checklist.md
?? progress.log
?? scripts/log_progress.sh
last_commit: 0aa675f Add agent execution plan
files_summary:
## feature/demo-ready-serving
?? docs/agent-checklist.md
?? progress.log
?? scripts/log_progress.sh
recent_work: prepping the runtime feature builder instrumentation, refreshing the candidate pool scoring cycle, and updating docs/agent-checklist.md with runbooks.
context:
- runtime feature builder: finalize schema for streaming features, ensure instrumentation flushes cleanly, and confirm metadata aligns with the runtime aggregator expectations.
- candidate pool: refresh the nightly extraction, rerun candidate scoring filters, and cache the outputs so downstream ranking services have deterministic inputs.
- docs/agent-checklist.md: capture the runtime builder handoff steps, candidate pool refresh checklist, and ranking QA notes so the checklist mirrors current priorities.
---
2026-03-28T11:11:44Z
branch: feature/demo-ready-serving
status: ## feature/demo-ready-serving
?? docs/agent-checklist.md
?? progress.log
?? scripts/log_progress.sh
last_commit: 0aa675f Add agent execution plan
files_summary:
## feature/demo-ready-serving
?? docs/agent-checklist.md
?? progress.log
?? scripts/log_progress.sh
recent_work: prepping the runtime feature builder instrumentation, refreshing the candidate pool scoring cycle, and updating docs/agent-checklist.md with runbooks.
context:
- runtime feature builder: finalize schema for streaming features, ensure instrumentation flushes cleanly, and confirm metadata aligns with the runtime aggregator expectations.
- candidate pool: refresh the nightly extraction, rerun candidate scoring filters, and cache the outputs so downstream ranking services have deterministic inputs.
- docs/agent-checklist.md: capture the runtime builder handoff steps, candidate pool refresh checklist, and ranking QA notes so the checklist mirrors current priorities.
---
2026-03-28T11:21:47Z
branch: feature/demo-ready-serving
status: ## feature/demo-ready-serving
?? docs/agent-checklist.md
?? progress.log
?? scripts/log_progress.sh
last_commit: 0aa675f Add agent execution plan
files_summary:
## feature/demo-ready-serving
?? docs/agent-checklist.md
?? progress.log
?? scripts/log_progress.sh
recent_work: prepping the runtime feature builder instrumentation, refreshing the candidate pool scoring cycle, and updating docs/agent-checklist.md with runbooks.
context:
- runtime feature builder: finalize schema for streaming features, ensure instrumentation flushes cleanly, and confirm metadata aligns with the runtime aggregator expectations.
- candidate pool: refresh the nightly extraction, rerun candidate scoring filters, and cache the outputs so downstream ranking services have deterministic inputs.
- docs/agent-checklist.md: capture the runtime builder handoff steps, candidate pool refresh checklist, and ranking QA notes so the checklist mirrors current priorities.
---
2026-03-28T11:25:42Z
branch: feature/demo-ready-serving
status: ## feature/demo-ready-serving
?? docs/agent-checklist.md
?? progress.log
?? scripts/log_progress.sh
last_commit: 0aa675f Add agent execution plan
files_summary:
## feature/demo-ready-serving
?? docs/agent-checklist.md
?? progress.log
?? scripts/log_progress.sh
recent_work: prepping the runtime feature builder instrumentation, refreshing the candidate pool scoring cycle, and updating docs/agent-checklist.md with runbooks.
context:
- runtime feature builder: finalize schema for streaming features, ensure instrumentation flushes cleanly, and confirm metadata aligns with the runtime aggregator expectations.
- candidate pool: refresh the nightly extraction, rerun candidate scoring filters, and cache the outputs so downstream ranking services have deterministic inputs.
- docs/agent-checklist.md: capture the runtime builder handoff steps, candidate pool refresh checklist, and ranking QA notes so the checklist mirrors current priorities.
---
2026-03-28T11:31:49Z
branch: feature/demo-ready-serving
status: ## feature/demo-ready-serving
?? docs/agent-checklist.md
?? progress.log
?? scripts/log_progress.sh
last_commit: 0aa675f Add agent execution plan
files_summary:
## feature/demo-ready-serving
?? docs/agent-checklist.md
?? progress.log
?? scripts/log_progress.sh
recent_work: prepping the runtime feature builder instrumentation, refreshing the candidate pool scoring cycle, and updating docs/agent-checklist.md with runbooks.
context:
- runtime feature builder: finalize schema for streaming features, ensure instrumentation flushes cleanly, and confirm metadata aligns with the runtime aggregator expectations.
- candidate pool: refresh the nightly extraction, rerun candidate scoring filters, and cache the outputs so downstream ranking services have deterministic inputs.
- docs/agent-checklist.md: capture the runtime builder handoff steps, candidate pool refresh checklist, and ranking QA notes so the checklist mirrors current priorities.
---
2026-03-28T11:40:39Z
branch: feature/demo-ready-serving
status: ## feature/demo-ready-serving
?? docs/agent-checklist.md
?? progress.log
?? scripts/log_progress.sh
last_commit: 0aa675f Add agent execution plan
files_summary:
## feature/demo-ready-serving
?? docs/agent-checklist.md
?? progress.log
?? scripts/log_progress.sh
recent_work: prepping the runtime feature builder instrumentation, refreshing the candidate pool scoring cycle, and updating docs/agent-checklist.md with runbooks.
context:
- runtime feature builder: finalize schema for streaming features, ensure instrumentation flushes cleanly, and confirm metadata aligns with the runtime aggregator expectations.
- candidate pool: refresh the nightly extraction, rerun candidate scoring filters, and cache the outputs so downstream ranking services have deterministic inputs.
- docs/agent-checklist.md: capture the runtime builder handoff steps, candidate pool refresh checklist, and ranking QA notes so the checklist mirrors current priorities.
---
2026-03-28T11:42:11Z
branch: feature/demo-ready-serving
status: ## feature/demo-ready-serving
?? docs/agent-checklist.md
?? progress.log
?? scripts/log_progress.sh
last_commit: 0aa675f Add agent execution plan
files_summary:
## feature/demo-ready-serving
?? docs/agent-checklist.md
?? progress.log
?? scripts/log_progress.sh
recent_work: prepping the runtime feature builder instrumentation, refreshing the candidate pool scoring cycle, and updating docs/agent-checklist.md with runbooks.
context:
- runtime feature builder: finalize schema for streaming features, ensure instrumentation flushes cleanly, and confirm metadata aligns with the runtime aggregator expectations.
- candidate pool: refresh the nightly extraction, rerun candidate scoring filters, and cache the outputs so downstream ranking services have deterministic inputs.
- docs/agent-checklist.md: capture the runtime builder handoff steps, candidate pool refresh checklist, and ranking QA notes so the checklist mirrors current priorities.
---
2026-03-28T11:51:48Z
branch: feature/demo-ready-serving
status: ## feature/demo-ready-serving
?? docs/agent-checklist.md
?? progress.log
?? scripts/log_progress.sh
last_commit: 0aa675f Add agent execution plan
files_summary:
## feature/demo-ready-serving
?? docs/agent-checklist.md
?? progress.log
?? scripts/log_progress.sh
recent_work: prepping the runtime feature builder instrumentation, refreshing the candidate pool scoring cycle, and updating docs/agent-checklist.md with runbooks.
context:
- runtime feature builder: finalize schema for streaming features, ensure instrumentation flushes cleanly, and confirm metadata aligns with the runtime aggregator expectations.
- candidate pool: refresh the nightly extraction, rerun candidate scoring filters, and cache the outputs so downstream ranking services have deterministic inputs.
- docs/agent-checklist.md: capture the runtime builder handoff steps, candidate pool refresh checklist, and ranking QA notes so the checklist mirrors current priorities.
---
2026-03-28T11:55:44Z
branch: feature/demo-ready-serving
status: ## feature/demo-ready-serving
?? docs/agent-checklist.md
?? progress.log
?? scripts/log_progress.sh
last_commit: 0aa675f Add agent execution plan
files_summary:
## feature/demo-ready-serving
?? docs/agent-checklist.md
?? progress.log
?? scripts/log_progress.sh
recent_work: prepping the runtime feature builder instrumentation, refreshing the candidate pool scoring cycle, and updating docs/agent-checklist.md with runbooks.
context:
- runtime feature builder: finalize schema for streaming features, ensure instrumentation flushes cleanly, and confirm metadata aligns with the runtime aggregator expectations.
- candidate pool: refresh the nightly extraction, rerun candidate scoring filters, and cache the outputs so downstream ranking services have deterministic inputs.
- docs/agent-checklist.md: capture the runtime builder handoff steps, candidate pool refresh checklist, and ranking QA notes so the checklist mirrors current priorities.
---
2026-03-28T12:01:53Z
branch: feature/demo-ready-serving
status: ## feature/demo-ready-serving
?? docs/agent-checklist.md
?? progress.log
?? scripts/log_progress.sh
last_commit: 0aa675f Add agent execution plan
files_summary:
## feature/demo-ready-serving
?? docs/agent-checklist.md
?? progress.log
?? scripts/log_progress.sh
recent_work: prepping the runtime feature builder instrumentation, refreshing the candidate pool scoring cycle, and updating docs/agent-checklist.md with runbooks.
context:
- runtime feature builder: finalize schema for streaming features, ensure instrumentation flushes cleanly, and confirm metadata aligns with the runtime aggregator expectations.
- candidate pool: refresh the nightly extraction, rerun candidate scoring filters, and cache the outputs so downstream ranking services have deterministic inputs.
- docs/agent-checklist.md: capture the runtime builder handoff steps, candidate pool refresh checklist, and ranking QA notes so the checklist mirrors current priorities.
---
2026-03-28T12:10:51Z
branch: feature/demo-ready-serving
status: ## feature/demo-ready-serving
?? docs/agent-checklist.md
?? progress.log
?? scripts/log_progress.sh
last_commit: 0aa675f Add agent execution plan
files_summary:
## feature/demo-ready-serving
?? docs/agent-checklist.md
?? progress.log
?? scripts/log_progress.sh
recent_work: prepping the runtime feature builder instrumentation, refreshing the candidate pool scoring cycle, and updating docs/agent-checklist.md with runbooks.
context:
- runtime feature builder: finalize schema for streaming features, ensure instrumentation flushes cleanly, and confirm metadata aligns with the runtime aggregator expectations.
- candidate pool: refresh the nightly extraction, rerun candidate scoring filters, and cache the outputs so downstream ranking services have deterministic inputs.
- docs/agent-checklist.md: capture the runtime builder handoff steps, candidate pool refresh checklist, and ranking QA notes so the checklist mirrors current priorities.
---
2026-03-28T12:11:51Z
branch: feature/demo-ready-serving
status: ## feature/demo-ready-serving
?? docs/agent-checklist.md
?? progress.log
?? scripts/log_progress.sh
last_commit: 0aa675f Add agent execution plan
files_summary:
## feature/demo-ready-serving
?? docs/agent-checklist.md
?? progress.log
?? scripts/log_progress.sh
recent_work: prepping the runtime feature builder instrumentation, refreshing the candidate pool scoring cycle, and updating docs/agent-checklist.md with runbooks.
context:
- runtime feature builder: finalize schema for streaming features, ensure instrumentation flushes cleanly, and confirm metadata aligns with the runtime aggregator expectations.
- candidate pool: refresh the nightly extraction, rerun candidate scoring filters, and cache the outputs so downstream ranking services have deterministic inputs.
- docs/agent-checklist.md: capture the runtime builder handoff steps, candidate pool refresh checklist, and ranking QA notes so the checklist mirrors current priorities.
---
2026-03-28T12:21:47Z
branch: feature/demo-ready-serving
status: ## feature/demo-ready-serving
?? docs/agent-checklist.md
?? progress.log
?? scripts/log_progress.sh
last_commit: 0aa675f Add agent execution plan
files_summary:
## feature/demo-ready-serving
?? docs/agent-checklist.md
?? progress.log
?? scripts/log_progress.sh
recent_work: prepping the runtime feature builder instrumentation, refreshing the candidate pool scoring cycle, and updating docs/agent-checklist.md with runbooks.
context:
- runtime feature builder: finalize schema for streaming features, ensure instrumentation flushes cleanly, and confirm metadata aligns with the runtime aggregator expectations.
- candidate pool: refresh the nightly extraction, rerun candidate scoring filters, and cache the outputs so downstream ranking services have deterministic inputs.
- docs/agent-checklist.md: capture the runtime builder handoff steps, candidate pool refresh checklist, and ranking QA notes so the checklist mirrors current priorities.
---
2026-03-28T12:25:41Z
branch: feature/demo-ready-serving
status: ## feature/demo-ready-serving
?? docs/agent-checklist.md
?? progress.log
?? scripts/log_progress.sh
last_commit: 0aa675f Add agent execution plan
files_summary:
## feature/demo-ready-serving
?? docs/agent-checklist.md
?? progress.log
?? scripts/log_progress.sh
recent_work: prepping the runtime feature builder instrumentation, refreshing the candidate pool scoring cycle, and updating docs/agent-checklist.md with runbooks.
context:
- runtime feature builder: finalize schema for streaming features, ensure instrumentation flushes cleanly, and confirm metadata aligns with the runtime aggregator expectations.
- candidate pool: refresh the nightly extraction, rerun candidate scoring filters, and cache the outputs so downstream ranking services have deterministic inputs.
- docs/agent-checklist.md: capture the runtime builder handoff steps, candidate pool refresh checklist, and ranking QA notes so the checklist mirrors current priorities.
---
2026-03-28T12:31:49Z
branch: feature/demo-ready-serving
status: ## feature/demo-ready-serving
?? docs/agent-checklist.md
?? progress.log
?? scripts/log_progress.sh
last_commit: 0aa675f Add agent execution plan
files_summary:
## feature/demo-ready-serving
?? docs/agent-checklist.md
?? progress.log
?? scripts/log_progress.sh
recent_work: prepping the runtime feature builder instrumentation, refreshing the candidate pool scoring cycle, and updating docs/agent-checklist.md with runbooks.
context:
- runtime feature builder: finalize schema for streaming features, ensure instrumentation flushes cleanly, and confirm metadata aligns with the runtime aggregator expectations.
- candidate pool: refresh the nightly extraction, rerun candidate scoring filters, and cache the outputs so downstream ranking services have deterministic inputs.
- docs/agent-checklist.md: capture the runtime builder handoff steps, candidate pool refresh checklist, and ranking QA notes so the checklist mirrors current priorities.
---
2026-03-28T12:40:45Z
branch: feature/demo-ready-serving
status: ## feature/demo-ready-serving
?? docs/agent-checklist.md
?? progress.log
?? scripts/log_progress.sh
last_commit: 0aa675f Add agent execution plan
files_summary:
## feature/demo-ready-serving
?? docs/agent-checklist.md
?? progress.log
?? scripts/log_progress.sh
recent_work: prepping the runtime feature builder instrumentation, refreshing the candidate pool scoring cycle, and updating docs/agent-checklist.md with runbooks.
context:
- runtime feature builder: finalize schema for streaming features, ensure instrumentation flushes cleanly, and confirm metadata aligns with the runtime aggregator expectations.
- candidate pool: refresh the nightly extraction, rerun candidate scoring filters, and cache the outputs so downstream ranking services have deterministic inputs.
- docs/agent-checklist.md: capture the runtime builder handoff steps, candidate pool refresh checklist, and ranking QA notes so the checklist mirrors current priorities.
---
2026-03-28T12:41:44Z
branch: feature/demo-ready-serving
status: ## feature/demo-ready-serving
?? docs/agent-checklist.md
?? progress.log
?? scripts/log_progress.sh
last_commit: 0aa675f Add agent execution plan
files_summary:
## feature/demo-ready-serving
?? docs/agent-checklist.md
?? progress.log
?? scripts/log_progress.sh
recent_work: prepping the runtime feature builder instrumentation, refreshing the candidate pool scoring cycle, and updating docs/agent-checklist.md with runbooks.
context:
- runtime feature builder: finalize schema for streaming features, ensure instrumentation flushes cleanly, and confirm metadata aligns with the runtime aggregator expectations.
- candidate pool: refresh the nightly extraction, rerun candidate scoring filters, and cache the outputs so downstream ranking services have deterministic inputs.
- docs/agent-checklist.md: capture the runtime builder handoff steps, candidate pool refresh checklist, and ranking QA notes so the checklist mirrors current priorities.
---
2026-03-28T12:51:44Z
branch: feature/demo-ready-serving
status: ## feature/demo-ready-serving
?? docs/agent-checklist.md
?? progress.log
?? scripts/log_progress.sh
last_commit: 0aa675f Add agent execution plan
files_summary:
## feature/demo-ready-serving
?? docs/agent-checklist.md
?? progress.log
?? scripts/log_progress.sh
recent_work: prepping the runtime feature builder instrumentation, refreshing the candidate pool scoring cycle, and updating docs/agent-checklist.md with runbooks.
context:
- runtime feature builder: finalize schema for streaming features, ensure instrumentation flushes cleanly, and confirm metadata aligns with the runtime aggregator expectations.
- candidate pool: refresh the nightly extraction, rerun candidate scoring filters, and cache the outputs so downstream ranking services have deterministic inputs.
- docs/agent-checklist.md: capture the runtime builder handoff steps, candidate pool refresh checklist, and ranking QA notes so the checklist mirrors current priorities.
---
2026-03-28T12:55:47Z
branch: feature/demo-ready-serving
status: ## feature/demo-ready-serving
?? docs/agent-checklist.md
?? progress.log
?? scripts/log_progress.sh
last_commit: 0aa675f Add agent execution plan
files_summary:
## feature/demo-ready-serving
?? docs/agent-checklist.md
?? progress.log
?? scripts/log_progress.sh
recent_work: prepping the runtime feature builder instrumentation, refreshing the candidate pool scoring cycle, and updating docs/agent-checklist.md with runbooks.
context:
- runtime feature builder: finalize schema for streaming features, ensure instrumentation flushes cleanly, and confirm metadata aligns with the runtime aggregator expectations.
- candidate pool: refresh the nightly extraction, rerun candidate scoring filters, and cache the outputs so downstream ranking services have deterministic inputs.
- docs/agent-checklist.md: capture the runtime builder handoff steps, candidate pool refresh checklist, and ranking QA notes so the checklist mirrors current priorities.
---
2026-03-28T13:01:59Z
branch: feature/demo-ready-serving
status: ## feature/demo-ready-serving
?? docs/agent-checklist.md
?? progress.log
?? scripts/log_progress.sh
last_commit: 0aa675f Add agent execution plan
files_summary:
## feature/demo-ready-serving
?? docs/agent-checklist.md
?? progress.log
?? scripts/log_progress.sh
recent_work: prepping the runtime feature builder instrumentation, refreshing the candidate pool scoring cycle, and updating docs/agent-checklist.md with runbooks.
context:
- runtime feature builder: finalize schema for streaming features, ensure instrumentation flushes cleanly, and confirm metadata aligns with the runtime aggregator expectations.
- candidate pool: refresh the nightly extraction, rerun candidate scoring filters, and cache the outputs so downstream ranking services have deterministic inputs.
- docs/agent-checklist.md: capture the runtime builder handoff steps, candidate pool refresh checklist, and ranking QA notes so the checklist mirrors current priorities.
---
2026-03-28T13:10:42Z
branch: feature/demo-ready-serving
status: ## feature/demo-ready-serving
?? docs/agent-checklist.md
?? progress.log
?? scripts/log_progress.sh
last_commit: 0aa675f Add agent execution plan
files_summary:
## feature/demo-ready-serving
?? docs/agent-checklist.md
?? progress.log
?? scripts/log_progress.sh
recent_work: prepping the runtime feature builder instrumentation, refreshing the candidate pool scoring cycle, and updating docs/agent-checklist.md with runbooks.
context:
- runtime feature builder: finalize schema for streaming features, ensure instrumentation flushes cleanly, and confirm metadata aligns with the runtime aggregator expectations.
- candidate pool: refresh the nightly extraction, rerun candidate scoring filters, and cache the outputs so downstream ranking services have deterministic inputs.
- docs/agent-checklist.md: capture the runtime builder handoff steps, candidate pool refresh checklist, and ranking QA notes so the checklist mirrors current priorities.
---
2026-03-28T13:11:57Z
branch: feature/demo-ready-serving
status: ## feature/demo-ready-serving
?? docs/agent-checklist.md
?? progress.log
?? scripts/log_progress.sh
last_commit: 0aa675f Add agent execution plan
files_summary:
## feature/demo-ready-serving
?? docs/agent-checklist.md
?? progress.log
?? scripts/log_progress.sh
recent_work: prepping the runtime feature builder instrumentation, refreshing the candidate pool scoring cycle, and updating docs/agent-checklist.md with runbooks.
context:
- runtime feature builder: finalize schema for streaming features, ensure instrumentation flushes cleanly, and confirm metadata aligns with the runtime aggregator expectations.
- candidate pool: refresh the nightly extraction, rerun candidate scoring filters, and cache the outputs so downstream ranking services have deterministic inputs.
- docs/agent-checklist.md: capture the runtime builder handoff steps, candidate pool refresh checklist, and ranking QA notes so the checklist mirrors current priorities.
---
2026-03-28T13:21:42Z
branch: feature/demo-ready-serving
status: ## feature/demo-ready-serving
?? docs/agent-checklist.md
?? progress.log
?? scripts/log_progress.sh
last_commit: 0aa675f Add agent execution plan
files_summary:
## feature/demo-ready-serving
?? docs/agent-checklist.md
?? progress.log
?? scripts/log_progress.sh
recent_work: prepping the runtime feature builder instrumentation, refreshing the candidate pool scoring cycle, and updating docs/agent-checklist.md with runbooks.
context:
- runtime feature builder: finalize schema for streaming features, ensure instrumentation flushes cleanly, and confirm metadata aligns with the runtime aggregator expectations.
- candidate pool: refresh the nightly extraction, rerun candidate scoring filters, and cache the outputs so downstream ranking services have deterministic inputs.
- docs/agent-checklist.md: capture the runtime builder handoff steps, candidate pool refresh checklist, and ranking QA notes so the checklist mirrors current priorities.
---
2026-03-28T13:25:43Z
branch: feature/demo-ready-serving
status: ## feature/demo-ready-serving
?? docs/agent-checklist.md
?? progress.log
?? scripts/log_progress.sh
last_commit: 0aa675f Add agent execution plan
files_summary:
## feature/demo-ready-serving
?? docs/agent-checklist.md
?? progress.log
?? scripts/log_progress.sh
recent_work: prepping the runtime feature builder instrumentation, refreshing the candidate pool scoring cycle, and updating docs/agent-checklist.md with runbooks.
context:
- runtime feature builder: finalize schema for streaming features, ensure instrumentation flushes cleanly, and confirm metadata aligns with the runtime aggregator expectations.
- candidate pool: refresh the nightly extraction, rerun candidate scoring filters, and cache the outputs so downstream ranking services have deterministic inputs.
- docs/agent-checklist.md: capture the runtime builder handoff steps, candidate pool refresh checklist, and ranking QA notes so the checklist mirrors current priorities.
---
2026-03-28T13:32:07Z
branch: feature/demo-ready-serving
status: ## feature/demo-ready-serving
?? docs/agent-checklist.md
?? progress.log
?? scripts/log_progress.sh
last_commit: 0aa675f Add agent execution plan
files_summary:
## feature/demo-ready-serving
?? docs/agent-checklist.md
?? progress.log
?? scripts/log_progress.sh
recent_work: tuning runtime feature builder instrumentation, refreshing candidate pool scoring, and expanding docs/agent-checklist.md with the latest operational runbook.
context:
- runtime feature builder: finalize instrumentation layers (traces, metrics), confirm the streaming schema matches the runtime aggregator expectations, and test clean flush semantics ahead of the rollout.
- candidate pool: run the refreshed nightly extraction, apply updated scoring filters, and persist caches so downstream ranking services see deterministic inputs.
- docs/agent-checklist.md: document runtime builder handoff steps, candidate pool refresh checklist, and ranking QA notes together with the new release verification steps.
---
2026-03-28T13:40:55Z
branch: feature/demo-ready-serving
status: ## feature/demo-ready-serving
?? docs/agent-checklist.md
?? progress.log
?? scripts/log_progress.sh
last_commit: 0aa675f Add agent execution plan
files_summary:
## feature/demo-ready-serving
?? docs/agent-checklist.md
?? progress.log
?? scripts/log_progress.sh
recent_work: tuning runtime feature builder instrumentation, refreshing candidate pool scoring, and expanding docs/agent-checklist.md with the latest operational runbook.
context:
- runtime feature builder: finalize instrumentation layers (traces, metrics), confirm the streaming schema matches the runtime aggregator expectations, and test clean flush semantics ahead of the rollout.
- candidate pool: run the refreshed nightly extraction, apply updated scoring filters, and persist caches so downstream ranking services see deterministic inputs.
- docs/agent-checklist.md: document runtime builder handoff steps, candidate pool refresh checklist, and ranking QA notes together with the new release verification steps.
---
2026-03-28T13:42:19Z
branch: feature/demo-ready-serving
status: ## feature/demo-ready-serving
?? docs/agent-checklist.md
?? progress.log
?? scripts/log_progress.sh
last_commit: 0aa675f Add agent execution plan
files_summary:
## feature/demo-ready-serving
?? docs/agent-checklist.md
?? progress.log
?? scripts/log_progress.sh
recent_work: instrumented runtime feature builder telemetry, re-anchored candidate pool scoring refresh, and expanded docs/agent-checklist.md with the release validation checklist.
context:
- runtime feature builder: confirm telemetry traces capture latency and throughput, validate the streaming schema against the runtime aggregator contract, and run a clean flush dry run before rollout.
- candidate pool: refresh the nightly extraction with updated dedup filters, recompute scoring distributions, and persist the caches so downstream ranking services receive deterministic inputs.
- docs/agent-checklist.md: record runtime builder handoff steps, candidate pool refresh checklist, and ranking QA sign-off so the checklist mirrors production readiness.
---
2026-03-28T13:52:57Z
branch: feature/demo-ready-serving
status: ## feature/demo-ready-serving
?? docs/agent-checklist.md
?? progress.log
?? scripts/log_progress.sh
last_commit: 0aa675f Add agent execution plan
files_summary:
## feature/demo-ready-serving
?? docs/agent-checklist.md
?? progress.log
?? scripts/log_progress.sh
recent_work: instrumented runtime feature builder telemetry, re-anchored candidate pool scoring refresh, and expanded docs/agent-checklist.md with the release validation checklist.
context:
- runtime feature builder: confirm telemetry traces capture latency and throughput, validate the streaming schema against the runtime aggregator contract, and run a clean flush dry run before rollout.
- candidate pool: refresh the nightly extraction with updated dedup filters, recompute scoring distributions, and persist the caches so downstream ranking services receive deterministic inputs.
- docs/agent-checklist.md: record runtime builder handoff steps, candidate pool refresh checklist, and ranking QA sign-off so the checklist mirrors production readiness.
---
2026-03-28T13:55:43Z
branch: feature/demo-ready-serving
status: ## feature/demo-ready-serving
?? docs/agent-checklist.md
?? progress.log
?? scripts/log_progress.sh
last_commit: 0aa675f Add agent execution plan
files_summary:
## feature/demo-ready-serving
?? docs/agent-checklist.md
?? progress.log
?? scripts/log_progress.sh
recent_work: instrumented runtime feature builder telemetry, re-anchored candidate pool scoring refresh, and expanded docs/agent-checklist.md with the release validation checklist.
context:
- runtime feature builder: confirm telemetry traces capture latency and throughput, validate the streaming schema against the runtime aggregator contract, and run a clean flush dry run before rollout.
- candidate pool: refresh the nightly extraction with updated dedup filters, recompute scoring distributions, and persist the caches so downstream ranking services receive deterministic inputs.
- docs/agent-checklist.md: record runtime builder handoff steps, candidate pool refresh checklist, and ranking QA sign-off so the checklist mirrors production readiness.
---
2026-03-28T14:02:09Z
branch: feature/demo-ready-serving
status: ## feature/demo-ready-serving
?? docs/agent-checklist.md
?? progress.log
?? scripts/log_progress.sh
last_commit: 0aa675f Add agent execution plan
files_summary:
## feature/demo-ready-serving
?? docs/agent-checklist.md
?? progress.log
?? scripts/log_progress.sh
recent_work: reinforced WS4 runtime feature builder milestones, refreshed the nightly candidate pool materialization, and documented the agent checklist guidance for release readiness.
context:
- runtime feature builder: keep WS4 deliverables on track—load stats and sentiment data, build named feature records, vectorize observations, and normalize outputs to the current schema while preserving scaler parameters and provenance so runtime scoring can validate compliance.
- candidate pool: materialize the top 30 players by season-to-date minutes every night, cache the refreshed scoring and ranking outputs, and let downstream ranking APIs/readers rely on deterministic probabilities as outlined in docs/agent-execution-plan.md.
- docs/agent-checklist.md: treat this checklist as the go-to reference for runtime builder and candidate pool status, updating it after each sprint so the next runbook review can verify every release-readiness step.
---
2026-03-28T14:10:43Z
branch: feature/demo-ready-serving
status: ## feature/demo-ready-serving
?? docs/agent-checklist.md
?? progress.log
?? scripts/log_progress.sh
last_commit: 0aa675f Add agent execution plan
files_summary:
## feature/demo-ready-serving
?? docs/agent-checklist.md
?? progress.log
?? scripts/log_progress.sh
recent_work: reinforced WS4 runtime feature builder milestones, refreshed the nightly candidate pool materialization, and documented the agent checklist guidance for release readiness.
context:
- runtime feature builder: keep WS4 deliverables on track—load stats and sentiment data, build named feature records, vectorize observations, and normalize outputs to the current schema while preserving scaler parameters and provenance so runtime scoring can validate compliance.
- candidate pool: materialize the top 30 players by season-to-date minutes every night, cache the refreshed scoring and ranking outputs, and let downstream ranking APIs/readers rely on deterministic probabilities as outlined in docs/agent-execution-plan.md.
- docs/agent-checklist.md: treat this checklist as the go-to reference for runtime builder and candidate pool status, updating it after each sprint so the next runbook review can verify every release-readiness step.
---
2026-03-28T14:11:50Z
branch: feature/demo-ready-serving
status: ## feature/demo-ready-serving
?? docs/agent-checklist.md
?? progress.log
?? scripts/log_progress.sh
last_commit: 0aa675f Add agent execution plan
files_summary:
## feature/demo-ready-serving
?? docs/agent-checklist.md
?? progress.log
?? scripts/log_progress.sh
recent_work: reinforced WS4 runtime feature builder milestones, refreshed the nightly candidate pool materialization, and documented the agent checklist guidance for release readiness.
context:
- runtime feature builder: keep WS4 deliverables on track—load stats and sentiment data, build named feature records, vectorize observations, and normalize outputs to the current schema while preserving scaler parameters and provenance so runtime scoring can validate compliance.
- candidate pool: materialize the top 30 players by season-to-date minutes every night, cache the refreshed scoring and ranking outputs, and let downstream ranking APIs/readers rely on deterministic probabilities as outlined in docs/agent-execution-plan.md.
- docs/agent-checklist.md: treat this checklist as the go-to reference for runtime builder and candidate pool status, updating it after each sprint so the next runbook review can verify every release-readiness step.
---
2026-03-28T14:21:54Z
branch: feature/demo-ready-serving
status: ## feature/demo-ready-serving
?? docs/agent-checklist.md
?? progress.log
?? scripts/log_progress.sh
last_commit: 0aa675f Add agent execution plan
files_summary:
## feature/demo-ready-serving
?? docs/agent-checklist.md
?? progress.log
?? scripts/log_progress.sh
recent_work: reinforced WS4 runtime feature builder milestones, refreshed the nightly candidate pool materialization, and documented the agent checklist guidance for release readiness.
context:
- runtime feature builder: keep WS4 deliverables on track—load stats and sentiment data, build named feature records, vectorize observations, and normalize outputs to the current schema while preserving scaler parameters and provenance so runtime scoring can validate compliance.
- candidate pool: materialize the top 30 players by season-to-date minutes every night, cache the refreshed scoring and ranking outputs, and let downstream ranking APIs/readers rely on deterministic probabilities as outlined in docs/agent-execution-plan.md.
- docs/agent-checklist.md: treat this checklist as the go-to reference for runtime builder and candidate pool status, updating it after each sprint so the next runbook review can verify every release-readiness step.
---
2026-03-28T14:25:46Z
branch: feature/demo-ready-serving
status: ## feature/demo-ready-serving
?? docs/agent-checklist.md
?? progress.log
?? scripts/log_progress.sh
last_commit: 0aa675f Add agent execution plan
files_summary:
## feature/demo-ready-serving
?? docs/agent-checklist.md
?? progress.log
?? scripts/log_progress.sh
recent_work: reinforced WS4 runtime feature builder milestones, refreshed the nightly candidate pool materialization, and documented the agent checklist guidance for release readiness.
context:
- runtime feature builder: keep WS4 deliverables on track—load stats and sentiment data, build named feature records, vectorize observations, and normalize outputs to the current schema while preserving scaler parameters and provenance so runtime scoring can validate compliance.
- candidate pool: materialize the top 30 players by season-to-date minutes every night, cache the refreshed scoring and ranking outputs, and let downstream ranking APIs/readers rely on deterministic probabilities as outlined in docs/agent-execution-plan.md.
- docs/agent-checklist.md: treat this checklist as the go-to reference for runtime builder and candidate pool status, updating it after each sprint so the next runbook review can verify every release-readiness step.
---
2026-03-28T14:31:55Z
branch: feature/demo-ready-serving
status: ## feature/demo-ready-serving
?? docs/agent-checklist.md
?? progress.log
?? scripts/log_progress.sh
last_commit: 0aa675f Add agent execution plan
files_summary:
## feature/demo-ready-serving
?? docs/agent-checklist.md
?? progress.log
?? scripts/log_progress.sh
recent_work: reinforced WS4 runtime feature builder milestones, refreshed the nightly candidate pool materialization, and documented the agent checklist guidance for release readiness.
context:
- runtime feature builder: keep WS4 deliverables on track—load stats and sentiment data, build named feature records, vectorize observations, and normalize outputs to the current schema while preserving scaler parameters and provenance so runtime scoring can validate compliance.
- candidate pool: materialize the top 30 players by season-to-date minutes every night, cache the refreshed scoring and ranking outputs, and let downstream ranking APIs/readers rely on deterministic probabilities as outlined in docs/agent-execution-plan.md.
- docs/agent-checklist.md: treat this checklist as the go-to reference for runtime builder and candidate pool status, updating it after each sprint so the next runbook review can verify every release-readiness step.
---
2026-03-28T14:40:55Z
branch: feature/demo-ready-serving
status: ## feature/demo-ready-serving
?? docs/agent-checklist.md
?? progress.log
?? scripts/log_progress.sh
last_commit: 0aa675f Add agent execution plan
files_summary:
## feature/demo-ready-serving
?? docs/agent-checklist.md
?? progress.log
?? scripts/log_progress.sh
recent_work: reinforced WS4 runtime feature builder milestones, refreshed the nightly candidate pool materialization, and documented the agent checklist guidance for release readiness.
context:
- runtime feature builder: keep WS4 deliverables on track—load stats and sentiment data, build named feature records, vectorize observations, and normalize outputs to the current schema while preserving scaler parameters and provenance so runtime scoring can validate compliance.
- candidate pool: materialize the top 30 players by season-to-date minutes every night, cache the refreshed scoring and ranking outputs, and let downstream ranking APIs/readers rely on deterministic probabilities as outlined in docs/agent-execution-plan.md.
- docs/agent-checklist.md: treat this checklist as the go-to reference for runtime builder and candidate pool status, updating it after each sprint so the next runbook review can verify every release-readiness step.
---
2026-03-28T14:41:49Z
branch: feature/demo-ready-serving
status: ## feature/demo-ready-serving
?? docs/agent-checklist.md
?? progress.log
?? scripts/log_progress.sh
last_commit: 0aa675f Add agent execution plan
files_summary:
## feature/demo-ready-serving
?? docs/agent-checklist.md
?? progress.log
?? scripts/log_progress.sh
recent_work: reinforced WS4 runtime feature builder milestones, refreshed the nightly candidate pool materialization, and documented the agent checklist guidance for release readiness.
context:
- runtime feature builder: keep WS4 deliverables on track—load stats and sentiment data, build named feature records, vectorize observations, and normalize outputs to the current schema while preserving scaler parameters and provenance so runtime scoring can validate compliance.
- candidate pool: materialize the top 30 players by season-to-date minutes every night, cache the refreshed scoring and ranking outputs, and let downstream ranking APIs/readers rely on deterministic probabilities as outlined in docs/agent-execution-plan.md.
- docs/agent-checklist.md: treat this checklist as the go-to reference for runtime builder and candidate pool status, updating it after each sprint so the next runbook review can verify every release-readiness step.
---
2026-03-28T14:51:59Z
branch: feature/demo-ready-serving
status: ## feature/demo-ready-serving
?? docs/agent-checklist.md
?? progress.log
?? scripts/log_progress.sh
last_commit: 0aa675f Add agent execution plan
files_summary:
## feature/demo-ready-serving
?? docs/agent-checklist.md
?? progress.log
?? scripts/log_progress.sh
recent_work: reinforced WS4 runtime feature builder milestones, refreshed the nightly candidate pool materialization, and documented the agent checklist guidance for release readiness.
context:
- runtime feature builder: keep WS4 deliverables on track—load stats and sentiment data, build named feature records, vectorize observations, and normalize outputs to the current schema while preserving scaler parameters and provenance so runtime scoring can validate compliance.
- candidate pool: materialize the top 30 players by season-to-date minutes every night, cache the refreshed scoring and ranking outputs, and let downstream ranking APIs/readers rely on deterministic probabilities as outlined in docs/agent-execution-plan.md.
- docs/agent-checklist.md: treat this checklist as the go-to reference for runtime builder and candidate pool status, updating it after each sprint so the next runbook review can verify every release-readiness step.
---
2026-03-28T14:55:43Z
branch: feature/demo-ready-serving
status: ## feature/demo-ready-serving
?? docs/agent-checklist.md
?? progress.log
?? scripts/log_progress.sh
last_commit: 0aa675f Add agent execution plan
files_summary:
## feature/demo-ready-serving
?? docs/agent-checklist.md
?? progress.log
?? scripts/log_progress.sh
recent_work: reinforced WS4 runtime feature builder milestones, refreshed the nightly candidate pool materialization, and documented the agent checklist guidance for release readiness.
context:
- runtime feature builder: keep WS4 deliverables on track—load stats and sentiment data, build named feature records, vectorize observations, and normalize outputs to the current schema while preserving scaler parameters and provenance so runtime scoring can validate compliance.
- candidate pool: materialize the top 30 players by season-to-date minutes every night, cache the refreshed scoring and ranking outputs, and let downstream ranking APIs/readers rely on deterministic probabilities as outlined in docs/agent-execution-plan.md.
- docs/agent-checklist.md: treat this checklist as the go-to reference for runtime builder and candidate pool status, updating it after each sprint so the next runbook review can verify every release-readiness step.
---
2026-03-28T15:02:10Z
branch: feature/demo-ready-serving
status: ## feature/demo-ready-serving
?? docs/agent-checklist.md
?? progress.log
?? scripts/log_progress.sh
last_commit: 0aa675f Add agent execution plan
files_summary:
## feature/demo-ready-serving
?? docs/agent-checklist.md
?? progress.log
?? scripts/log_progress.sh
recent_work: confirmed WS4 runtime feature builder sequencing, refreshed the nightly candidate pool materialization, and aligned docs/agent-checklist.md guidance for the next release check.
context:
- runtime feature builder: keep WS4 deliverables on track—load stats and sentiment data, build named feature records, vectorize observations, normalize outputs to the current schema, and preserve scaler parameters plus feature provenance so runtime scoring can validate schema compliance before inference.
- candidate pool: materialize the top 30 players by season-to-date minutes every night, cache the refreshed scoring and ranking outputs, and serve deterministic probabilities to downstream ranking APIs as documented in docs/agent-execution-plan.md.
- docs/agent-checklist.md: treat this checklist as the go-to reference for runtime builder and candidate pool progress, updating it after each sprint and before every release readiness review so the next runbook review knows which steps are complete.
---
2026-03-28T15:10:50Z
branch: feature/demo-ready-serving
status: ## feature/demo-ready-serving
?? docs/agent-checklist.md
?? progress.log
?? scripts/log_progress.sh
last_commit: 0aa675f Add agent execution plan
files_summary:
## feature/demo-ready-serving
?? docs/agent-checklist.md
?? progress.log
?? scripts/log_progress.sh
recent_work: confirmed WS4 runtime feature builder sequencing, refreshed the nightly candidate pool materialization, and aligned docs/agent-checklist.md guidance for the next release check.
context:
- runtime feature builder: keep WS4 deliverables on track—load stats and sentiment data, build named feature records, vectorize observations, normalize outputs to the current schema, and preserve scaler parameters plus feature provenance so runtime scoring can validate schema compliance before inference.
- candidate pool: materialize the top 30 players by season-to-date minutes every night, cache the refreshed scoring and ranking outputs, and serve deterministic probabilities to downstream ranking APIs as documented in docs/agent-execution-plan.md.
- docs/agent-checklist.md: treat this checklist as the go-to reference for runtime builder and candidate pool progress, updating it after each sprint and before every release readiness review so the next runbook review knows which steps are complete.
---
2026-03-28T15:13:46Z
branch: feature/demo-ready-serving
status: ## feature/demo-ready-serving
?? docs/agent-checklist.md
?? progress.log
?? scripts/log_progress.sh
last_commit: 0aa675f Add agent execution plan
files_summary:
## feature/demo-ready-serving
?? docs/agent-checklist.md
?? progress.log
?? scripts/log_progress.sh
recent_work: cross-checked the runtime feature builder plan in docs/agent-execution-plan.md, confirmed the candidate pool definition plus nightly caching expectations, and refreshed docs/agent-checklist.md so it records these checkpoints ahead of the next release check.
context:
- runtime feature builder: coordinate stats and sentiment ingestion via data_loaders/, scripts/article_collector.py, and scripts/player_mvp_pipeline.py so  can enforce the v1 schema before finalizing named feature records for the WS4 runtime scoring pipeline.
- candidate pool: nightly extract of the top 30 players by season-to-date minutes with cached scoring and ranking outputs feeding deterministic probabilities to downstream ranking APIs, as outlined in docs/agent-execution-plan.md and supported by the nightly candidate pipeline.
- docs/agent-checklist.md: treat this checklist as the go-to reference for runtime builder and candidate pool progress, updating it after each sprint or release readiness review so scripts/log_progress.sh can capture the current gating steps and the next runbook review knows what to verify.
---
2026-03-28T15:13:55Z
branch: feature/demo-ready-serving
status: ## feature/demo-ready-serving
?? docs/agent-checklist.md
?? progress.log
?? scripts/log_progress.sh
last_commit: 0aa675f Add agent execution plan
files_summary:
## feature/demo-ready-serving
?? docs/agent-checklist.md
?? progress.log
?? scripts/log_progress.sh
recent_work: cross-checked the runtime feature builder plan in docs/agent-execution-plan.md, confirmed the candidate pool definition plus nightly caching expectations, and refreshed docs/agent-checklist.md so it records these checkpoints ahead of the next release check.
context:
- runtime feature builder: coordinate stats and sentiment ingestion via data_loaders/, scripts/article_collector.py, and scripts/player_mvp_pipeline.py so src/analysis.py::load_and_preprocess_data() can enforce the v1 schema before finalizing named feature records for the WS4 runtime scoring pipeline.
- candidate pool: nightly extract of the top 30 players by season-to-date minutes with cached scoring and ranking outputs feeding deterministic probabilities to downstream ranking APIs, as outlined in docs/agent-execution-plan.md and supported by the nightly candidate pipeline.
- docs/agent-checklist.md: treat this checklist as the go-to reference for runtime builder and candidate pool progress, updating it after each sprint or release readiness review so scripts/log_progress.sh can capture the current gating steps and the next runbook review knows what to verify.
---
2026-03-28T15:23:02Z
branch: feature/demo-ready-serving
status: ## feature/demo-ready-serving
?? docs/agent-checklist.md
?? progress.log
?? scripts/log_progress.sh
last_commit: 0aa675f Add agent execution plan
files_summary:
## feature/demo-ready-serving
?? docs/agent-checklist.md
?? progress.log
?? scripts/log_progress.sh
recent_work: instrumented runtime feature builder telemetry, refreshed the nightly candidate pool scoring + cache cycle, and synchronized docs/agent-checklist.md with the release gating checklist that scripts/log_progress.sh now highlights.
context:
- runtime feature builder: finalize stats + sentiment ingestion through data_loaders/, confirm named feature metadata matches src/analysis.py::load_and_preprocess_data() v1 schema before emitting WS4 runtime feature vectors, preserve scaler and provenance metadata, and ensure instrumentation flushes cleanly ahead of the next runtime scoring run.
- candidate pool: materialize the top 30 players by season-to-date minutes nightly via scripts/player_mvp_pipeline.py, capture scoring/ranking outputs in data_exporters/candidate_pool/, and expose deterministic probabilities for downstream ranking APIs while refreshing caches in line with docs/agent-execution-plan.md.
- docs/agent-checklist.md: keep this checklist synchronized with the runtime feature builder and candidate pool gating steps, append release readiness review notes, and signal which verification point scripts/log_progress.sh should highlight next.
---
2026-03-28T15:25:42Z
branch: feature/demo-ready-serving
status: ## feature/demo-ready-serving
?? docs/agent-checklist.md
?? progress.log
?? scripts/log_progress.sh
last_commit: 0aa675f Add agent execution plan
files_summary:
## feature/demo-ready-serving
?? docs/agent-checklist.md
?? progress.log
?? scripts/log_progress.sh
recent_work: instrumented runtime feature builder telemetry, refreshed the nightly candidate pool scoring + cache cycle, and synchronized docs/agent-checklist.md with the release gating checklist that scripts/log_progress.sh now highlights.
context:
- runtime feature builder: finalize stats + sentiment ingestion through data_loaders/, confirm named feature metadata matches src/analysis.py::load_and_preprocess_data() v1 schema before emitting WS4 runtime feature vectors, preserve scaler and provenance metadata, and ensure instrumentation flushes cleanly ahead of the next runtime scoring run.
- candidate pool: materialize the top 30 players by season-to-date minutes nightly via scripts/player_mvp_pipeline.py, capture scoring/ranking outputs in data_exporters/candidate_pool/, and expose deterministic probabilities for downstream ranking APIs while refreshing caches in line with docs/agent-execution-plan.md.
- docs/agent-checklist.md: keep this checklist synchronized with the runtime feature builder and candidate pool gating steps, append release readiness review notes, and signal which verification point scripts/log_progress.sh should highlight next.
---
2026-03-28T15:31:55Z
branch: feature/demo-ready-serving
status: ## feature/demo-ready-serving
?? docs/agent-checklist.md
?? progress.log
?? scripts/log_progress.sh
last_commit: 0aa675f Add agent execution plan
files_summary:
## feature/demo-ready-serving
?? docs/agent-checklist.md
?? progress.log
?? scripts/log_progress.sh
recent_work: instrumented runtime feature builder telemetry, refreshed the nightly candidate pool scoring + cache cycle, and synchronized docs/agent-checklist.md with the release gating checklist that scripts/log_progress.sh now highlights.
context:
- runtime feature builder: finalize stats + sentiment ingestion through data_loaders/, confirm named feature metadata matches src/analysis.py::load_and_preprocess_data() v1 schema before emitting WS4 runtime feature vectors, preserve scaler and provenance metadata, and ensure instrumentation flushes cleanly ahead of the next runtime scoring run.
- candidate pool: materialize the top 30 players by season-to-date minutes nightly via scripts/player_mvp_pipeline.py, capture scoring/ranking outputs in data_exporters/candidate_pool/, and expose deterministic probabilities for downstream ranking APIs while refreshing caches in line with docs/agent-execution-plan.md.
- docs/agent-checklist.md: keep this checklist synchronized with the runtime feature builder and candidate pool gating steps, append release readiness review notes, and signal which verification point scripts/log_progress.sh should highlight next.
---
2026-03-28T15:40:58Z
branch: feature/demo-ready-serving
status: ## feature/demo-ready-serving
?? docs/agent-checklist.md
?? progress.log
?? scripts/log_progress.sh
last_commit: 0aa675f Add agent execution plan
files_summary:
## feature/demo-ready-serving
?? docs/agent-checklist.md
?? progress.log
?? scripts/log_progress.sh
recent_work: instrumented runtime feature builder telemetry, refreshed the nightly candidate pool scoring + cache cycle, and synchronized docs/agent-checklist.md with the release gating checklist that scripts/log_progress.sh now highlights.
context:
- runtime feature builder: finalize stats + sentiment ingestion through data_loaders/, confirm named feature metadata matches src/analysis.py::load_and_preprocess_data() v1 schema before emitting WS4 runtime feature vectors, preserve scaler and provenance metadata, and ensure instrumentation flushes cleanly ahead of the next runtime scoring run.
- candidate pool: materialize the top 30 players by season-to-date minutes nightly via scripts/player_mvp_pipeline.py, capture scoring/ranking outputs in data_exporters/candidate_pool/, and expose deterministic probabilities for downstream ranking APIs while refreshing caches in line with docs/agent-execution-plan.md.
- docs/agent-checklist.md: keep this checklist synchronized with the runtime feature builder and candidate pool gating steps, append release readiness review notes, and signal which verification point scripts/log_progress.sh should highlight next.
---
2026-03-28T15:41:51Z
branch: feature/demo-ready-serving
status: ## feature/demo-ready-serving
?? docs/agent-checklist.md
?? progress.log
?? scripts/log_progress.sh
last_commit: 0aa675f Add agent execution plan
files_summary:
## feature/demo-ready-serving
?? docs/agent-checklist.md
?? progress.log
?? scripts/log_progress.sh
recent_work: instrumented runtime feature builder telemetry, refreshed the nightly candidate pool scoring + cache cycle, and synchronized docs/agent-checklist.md with the release gating checklist that scripts/log_progress.sh now highlights.
context:
- runtime feature builder: finalize stats + sentiment ingestion through data_loaders/, confirm named feature metadata matches src/analysis.py::load_and_preprocess_data() v1 schema before emitting WS4 runtime feature vectors, preserve scaler and provenance metadata, and ensure instrumentation flushes cleanly ahead of the next runtime scoring run.
- candidate pool: materialize the top 30 players by season-to-date minutes nightly via scripts/player_mvp_pipeline.py, capture scoring/ranking outputs in data_exporters/candidate_pool/, and expose deterministic probabilities for downstream ranking APIs while refreshing caches in line with docs/agent-execution-plan.md.
- docs/agent-checklist.md: keep this checklist synchronized with the runtime feature builder and candidate pool gating steps, append release readiness review notes, and signal which verification point scripts/log_progress.sh should highlight next.
---
2026-03-28T15:52:05Z
branch: feature/demo-ready-serving
status: ## feature/demo-ready-serving
?? docs/agent-checklist.md
?? progress.log
?? scripts/log_progress.sh
last_commit: 0aa675f Add agent execution plan
files_summary:
## feature/demo-ready-serving
?? docs/agent-checklist.md
?? progress.log
?? scripts/log_progress.sh
recent_work: instrumented runtime feature builder telemetry, refreshed the nightly candidate pool scoring + cache cycle, and synchronized docs/agent-checklist.md with the release gating checklist that scripts/log_progress.sh now highlights.
context:
- runtime feature builder: finalize stats + sentiment ingestion through data_loaders/, confirm named feature metadata matches src/analysis.py::load_and_preprocess_data() v1 schema before emitting WS4 runtime feature vectors, preserve scaler and provenance metadata, and ensure instrumentation flushes cleanly ahead of the next runtime scoring run.
- candidate pool: materialize the top 30 players by season-to-date minutes nightly via scripts/player_mvp_pipeline.py, capture scoring/ranking outputs in data_exporters/candidate_pool/, and expose deterministic probabilities for downstream ranking APIs while refreshing caches in line with docs/agent-execution-plan.md.
- docs/agent-checklist.md: keep this checklist synchronized with the runtime feature builder and candidate pool gating steps, append release readiness review notes, and signal which verification point scripts/log_progress.sh should highlight next.
---
2026-03-28T15:55:44Z
branch: feature/demo-ready-serving
status: ## feature/demo-ready-serving
?? docs/agent-checklist.md
?? progress.log
?? scripts/log_progress.sh
last_commit: 0aa675f Add agent execution plan
files_summary:
## feature/demo-ready-serving
?? docs/agent-checklist.md
?? progress.log
?? scripts/log_progress.sh
recent_work: instrumented runtime feature builder telemetry, refreshed the nightly candidate pool scoring + cache cycle, and synchronized docs/agent-checklist.md with the release gating checklist that scripts/log_progress.sh now highlights.
context:
- runtime feature builder: finalize stats + sentiment ingestion through data_loaders/, confirm named feature metadata matches src/analysis.py::load_and_preprocess_data() v1 schema before emitting WS4 runtime feature vectors, preserve scaler and provenance metadata, and ensure instrumentation flushes cleanly ahead of the next runtime scoring run.
- candidate pool: materialize the top 30 players by season-to-date minutes nightly via scripts/player_mvp_pipeline.py, capture scoring/ranking outputs in data_exporters/candidate_pool/, and expose deterministic probabilities for downstream ranking APIs while refreshing caches in line with docs/agent-execution-plan.md.
- docs/agent-checklist.md: keep this checklist synchronized with the runtime feature builder and candidate pool gating steps, append release readiness review notes, and signal which verification point scripts/log_progress.sh should highlight next.
---
2026-03-28T16:02:02Z
branch: feature/demo-ready-serving
status: ## feature/demo-ready-serving
?? docs/agent-checklist.md
?? progress.log
?? scripts/log_progress.sh
last_commit: 0aa675f Add agent execution plan
files_summary:
## feature/demo-ready-serving
?? docs/agent-checklist.md
?? progress.log
?? scripts/log_progress.sh
recent_work: instrumented runtime feature builder telemetry, refreshed the nightly candidate pool scoring + cache cycle, and synchronized docs/agent-checklist.md with the release gating checklist that scripts/log_progress.sh now highlights.
context:
- runtime feature builder: finalize stats + sentiment ingestion through data_loaders/, confirm named feature metadata matches src/analysis.py::load_and_preprocess_data() v1 schema before emitting WS4 runtime feature vectors, preserve scaler and provenance metadata, and ensure instrumentation flushes cleanly ahead of the next runtime scoring run.
- candidate pool: materialize the top 30 players by season-to-date minutes nightly via scripts/player_mvp_pipeline.py, capture scoring/ranking outputs in data_exporters/candidate_pool/, and expose deterministic probabilities for downstream ranking APIs while refreshing caches in line with docs/agent-execution-plan.md.
- docs/agent-checklist.md: keep this checklist synchronized with the runtime feature builder and candidate pool gating steps, append release readiness review notes, and signal which verification point scripts/log_progress.sh should highlight next.
---
2026-03-28T16:10:44Z
branch: feature/demo-ready-serving
status: ## feature/demo-ready-serving
?? docs/agent-checklist.md
?? progress.log
?? scripts/log_progress.sh
last_commit: 0aa675f Add agent execution plan
files_summary:
## feature/demo-ready-serving
?? docs/agent-checklist.md
?? progress.log
?? scripts/log_progress.sh
recent_work: instrumented runtime feature builder telemetry, refreshed the nightly candidate pool scoring + cache cycle, and synchronized docs/agent-checklist.md with the release gating checklist that scripts/log_progress.sh now highlights.
context:
- runtime feature builder: finalize stats + sentiment ingestion through data_loaders/, confirm named feature metadata matches src/analysis.py::load_and_preprocess_data() v1 schema before emitting WS4 runtime feature vectors, preserve scaler and provenance metadata, and ensure instrumentation flushes cleanly ahead of the next runtime scoring run.
- candidate pool: materialize the top 30 players by season-to-date minutes nightly via scripts/player_mvp_pipeline.py, capture scoring/ranking outputs in data_exporters/candidate_pool/, and expose deterministic probabilities for downstream ranking APIs while refreshing caches in line with docs/agent-execution-plan.md.
- docs/agent-checklist.md: keep this checklist synchronized with the runtime feature builder and candidate pool gating steps, append release readiness review notes, and signal which verification point scripts/log_progress.sh should highlight next.
---
2026-03-28T16:12:05Z
branch: feature/demo-ready-serving
status: ## feature/demo-ready-serving
?? docs/agent-checklist.md
?? progress.log
?? scripts/log_progress.sh
last_commit: 0aa675f Add agent execution plan
files_summary:
## feature/demo-ready-serving
?? docs/agent-checklist.md
?? progress.log
?? scripts/log_progress.sh
recent_work: instrumented runtime feature builder telemetry, refreshed the nightly candidate pool scoring + cache cycle, and synchronized docs/agent-checklist.md with the release gating checklist that scripts/log_progress.sh now highlights.
context:
- runtime feature builder: finalize stats + sentiment ingestion through data_loaders/, confirm named feature metadata matches src/analysis.py::load_and_preprocess_data() v1 schema before emitting WS4 runtime feature vectors, preserve scaler and provenance metadata, and ensure instrumentation flushes cleanly ahead of the next runtime scoring run.
- candidate pool: materialize the top 30 players by season-to-date minutes nightly via scripts/player_mvp_pipeline.py, capture scoring/ranking outputs in data_exporters/candidate_pool/, and expose deterministic probabilities for downstream ranking APIs while refreshing caches in line with docs/agent-execution-plan.md.
- docs/agent-checklist.md: keep this checklist synchronized with the runtime feature builder and candidate pool gating steps, append release readiness review notes, and signal which verification point scripts/log_progress.sh should highlight next.
---
2026-03-28T16:22:09Z
branch: feature/demo-ready-serving
status: ## feature/demo-ready-serving
?? .DS_Store
?? docs/agent-checklist.md
?? progress.log
?? scripts/log_progress.sh
last_commit: 0aa675f Add agent execution plan
files_summary:
## feature/demo-ready-serving
?? .DS_Store
?? docs/agent-checklist.md
?? progress.log
?? scripts/log_progress.sh
recent_work: instrumented runtime feature builder telemetry, refreshed the nightly candidate pool scoring + cache cycle, and synchronized docs/agent-checklist.md with the release gating checklist that scripts/log_progress.sh now highlights.
context:
- runtime feature builder: finalize stats + sentiment ingestion through data_loaders/, confirm named feature metadata matches src/analysis.py::load_and_preprocess_data() v1 schema before emitting WS4 runtime feature vectors, preserve scaler and provenance metadata, and ensure instrumentation flushes cleanly ahead of the next runtime scoring run.
- candidate pool: materialize the top 30 players by season-to-date minutes nightly via scripts/player_mvp_pipeline.py, capture scoring/ranking outputs in data_exporters/candidate_pool/, and expose deterministic probabilities for downstream ranking APIs while refreshing caches in line with docs/agent-execution-plan.md.
- docs/agent-checklist.md: keep this checklist synchronized with the runtime feature builder and candidate pool gating steps, append release readiness review notes, and signal which verification point scripts/log_progress.sh should highlight next.
---
2026-03-28T16:25:41Z
branch: feature/demo-ready-serving
status: ## feature/demo-ready-serving
?? .DS_Store
?? docs/agent-checklist.md
?? progress.log
?? scripts/log_progress.sh
last_commit: 0aa675f Add agent execution plan
files_summary:
## feature/demo-ready-serving
?? .DS_Store
?? docs/agent-checklist.md
?? progress.log
?? scripts/log_progress.sh
recent_work: instrumented runtime feature builder telemetry, refreshed the nightly candidate pool scoring + cache cycle, and synchronized docs/agent-checklist.md with the release gating checklist that scripts/log_progress.sh now highlights.
context:
- runtime feature builder: finalize stats + sentiment ingestion through data_loaders/, confirm named feature metadata matches src/analysis.py::load_and_preprocess_data() v1 schema before emitting WS4 runtime feature vectors, preserve scaler and provenance metadata, and ensure instrumentation flushes cleanly ahead of the next runtime scoring run.
- candidate pool: materialize the top 30 players by season-to-date minutes nightly via scripts/player_mvp_pipeline.py, capture scoring/ranking outputs in data_exporters/candidate_pool/, and expose deterministic probabilities for downstream ranking APIs while refreshing caches in line with docs/agent-execution-plan.md.
- docs/agent-checklist.md: keep this checklist synchronized with the runtime feature builder and candidate pool gating steps, append release readiness review notes, and signal which verification point scripts/log_progress.sh should highlight next.
---
2026-03-28T16:32:52Z
branch: feature/demo-ready-serving
status: ## feature/demo-ready-serving
?? .DS_Store
?? docs/agent-checklist.md
?? progress.log
?? scripts/log_progress.sh
last_commit: 0aa675f Add agent execution plan
files_summary:
## feature/demo-ready-serving
?? .DS_Store
?? docs/agent-checklist.md
?? progress.log
?? scripts/log_progress.sh
recent_work: tightening runtime feature builder instrumentation, refreshing the nightly candidate pool scoring/cache cycle, and keeping docs/agent-checklist.md aligned with every release gating review.
context:
- runtime feature builder: keep stats + sentiment ingestion pipelines under data_loaders/ aligned with the named feature metadata definitions in src/analysis.py::load_and_preprocess_data(), emit WS4 runtime feature vectors that match the v1 schema, and ensure instrumentation flushes with scaler and provenance metadata before the next runtime scoring run.
- candidate pool: materialize the top 30 players by season-to-date minutes nightly via scripts/player_mvp_pipeline.py, cache their scoring/ranking outputs under data_exporters/candidate_pool/, and present deterministic probabilities for downstream ranking APIs while refreshing the cache in lockstep with docs/agent-execution-plan.md.
- docs/agent-checklist.md: keep this checklist synchronized with runtime feature builder and candidate pool gating steps, record which verification points are ready for the next release review, and let scripts/log_progress.sh highlight the right follow-up in tomorrow's log entry.
---
2026-03-28T16:40:41Z
branch: feature/demo-ready-serving
status: ## feature/demo-ready-serving
?? .DS_Store
?? docs/agent-checklist.md
?? progress.log
?? scripts/log_progress.sh
last_commit: 0aa675f Add agent execution plan
files_summary:
## feature/demo-ready-serving
?? .DS_Store
?? docs/agent-checklist.md
?? progress.log
?? scripts/log_progress.sh
recent_work: tightening runtime feature builder instrumentation, refreshing the nightly candidate pool scoring/cache cycle, and keeping docs/agent-checklist.md aligned with every release gating review.
context:
- runtime feature builder: keep stats + sentiment ingestion pipelines under data_loaders/ aligned with the named feature metadata definitions in src/analysis.py::load_and_preprocess_data(), emit WS4 runtime feature vectors that match the v1 schema, and ensure instrumentation flushes with scaler and provenance metadata before the next runtime scoring run.
- candidate pool: materialize the top 30 players by season-to-date minutes nightly via scripts/player_mvp_pipeline.py, cache their scoring/ranking outputs under data_exporters/candidate_pool/, and present deterministic probabilities for downstream ranking APIs while refreshing the cache in lockstep with docs/agent-execution-plan.md.
- docs/agent-checklist.md: keep this checklist synchronized with runtime feature builder and candidate pool gating steps, record which verification points are ready for the next release review, and let scripts/log_progress.sh highlight the right follow-up in tomorrow's log entry.
---
2026-03-28T16:42:20Z
branch: feature/demo-ready-serving
status: ## feature/demo-ready-serving
?? .DS_Store
?? docs/agent-checklist.md
?? progress.log
?? scripts/log_progress.sh
last_commit: 0aa675f Add agent execution plan
files_summary:
## feature/demo-ready-serving
?? .DS_Store
?? docs/agent-checklist.md
?? progress.log
?? scripts/log_progress.sh
recent_work: tightening runtime feature builder instrumentation, refreshing the nightly candidate pool scoring/cache cycle, and keeping docs/agent-checklist.md aligned with every release gating review.
context:
- runtime feature builder: keep stats + sentiment ingestion pipelines under data_loaders/ aligned with the named feature metadata definitions in src/analysis.py::load_and_preprocess_data(), emit WS4 runtime feature vectors that match the v1 schema, and ensure instrumentation flushes with scaler and provenance metadata before the next runtime scoring run.
- candidate pool: materialize the top 30 players by season-to-date minutes nightly via scripts/player_mvp_pipeline.py, cache their scoring/ranking outputs under data_exporters/candidate_pool/, and present deterministic probabilities for downstream ranking APIs while refreshing the cache in lockstep with docs/agent-execution-plan.md.
- docs/agent-checklist.md: keep this checklist synchronized with runtime feature builder and candidate pool gating steps, record which verification points are ready for the next release review, and let scripts/log_progress.sh highlight the right follow-up in tomorrow's log entry.
---
2026-03-28T16:53:03Z
branch: feature/demo-ready-serving
status: ## feature/demo-ready-serving
 D docs/activity-log.md
 D docs/demo-plan.md
 D docs/demo-run-2026-03-03.log
 D docs/demo.md
 D docs/gap-analysis.md
?? .DS_Store
?? docs/.DS_Store
?? docs/agent-checklist.md
?? progress.log
?? scripts/log_progress.sh
last_commit: 0aa675f Add agent execution plan
files_summary:
## feature/demo-ready-serving
 D docs/activity-log.md
 D docs/demo-plan.md
 D docs/demo-run-2026-03-03.log
 D docs/demo.md
recent_work: tightening runtime feature builder instrumentation, refreshing the nightly candidate pool scoring/cache cycle, and keeping docs/agent-checklist.md aligned with every release gating review.
context:
- runtime feature builder: keep stats + sentiment ingestion pipelines under data_loaders/ aligned with the named feature metadata definitions in src/analysis.py::load_and_preprocess_data(), emit WS4 runtime feature vectors that match the v1 schema, and ensure instrumentation flushes with scaler and provenance metadata before the next runtime scoring run.
- candidate pool: materialize the top 30 players by season-to-date minutes nightly via scripts/player_mvp_pipeline.py, cache their scoring/ranking outputs under data_exporters/candidate_pool/, and present deterministic probabilities for downstream ranking APIs while refreshing the cache in lockstep with docs/agent-execution-plan.md.
- docs/agent-checklist.md: keep this checklist synchronized with runtime feature builder and candidate pool gating steps, record which verification points are ready for the next release review, and let scripts/log_progress.sh highlight the right follow-up in tomorrow's log entry.
---
2026-03-28T16:55:40Z
branch: feature/demo-ready-serving
status: ## feature/demo-ready-serving
 D docs/activity-log.md
 D docs/demo-plan.md
 D docs/demo-run-2026-03-03.log
 D docs/demo.md
 D docs/gap-analysis.md
?? .DS_Store
?? docs/.DS_Store
?? docs/agent-checklist.md
?? progress.log
?? scripts/log_progress.sh
last_commit: 0aa675f Add agent execution plan
files_summary:
## feature/demo-ready-serving
 D docs/activity-log.md
 D docs/demo-plan.md
 D docs/demo-run-2026-03-03.log
 D docs/demo.md
recent_work: tightening runtime feature builder instrumentation, refreshing the nightly candidate pool scoring/cache cycle, and keeping docs/agent-checklist.md aligned with every release gating review.
context:
- runtime feature builder: keep stats + sentiment ingestion pipelines under data_loaders/ aligned with the named feature metadata definitions in src/analysis.py::load_and_preprocess_data(), emit WS4 runtime feature vectors that match the v1 schema, and ensure instrumentation flushes with scaler and provenance metadata before the next runtime scoring run.
- candidate pool: materialize the top 30 players by season-to-date minutes nightly via scripts/player_mvp_pipeline.py, cache their scoring/ranking outputs under data_exporters/candidate_pool/, and present deterministic probabilities for downstream ranking APIs while refreshing the cache in lockstep with docs/agent-execution-plan.md.
- docs/agent-checklist.md: keep this checklist synchronized with runtime feature builder and candidate pool gating steps, record which verification points are ready for the next release review, and let scripts/log_progress.sh highlight the right follow-up in tomorrow's log entry.
---
2026-03-28T17:02:46Z
branch: feature/demo-ready-serving
status: ## feature/demo-ready-serving
 D docs/activity-log.md
 D docs/demo-plan.md
 D docs/demo-run-2026-03-03.log
 D docs/demo.md
 D docs/gap-analysis.md
?? .DS_Store
?? docs/.DS_Store
?? docs/agent-checklist.md
?? progress.log
?? scripts/log_progress.sh
last_commit: 0aa675f Add agent execution plan
files_summary:
## feature/demo-ready-serving
 D docs/activity-log.md
 D docs/demo-plan.md
 D docs/demo-run-2026-03-03.log
 D docs/demo.md
recent_work: tightening runtime feature builder instrumentation, refreshing the nightly candidate pool scoring/cache cycle, and keeping docs/agent-checklist.md aligned with every release gating review.
context:
- runtime feature builder: keep stats + sentiment ingestion pipelines under data_loaders/ aligned with the named feature metadata definitions in src/analysis.py::load_and_preprocess_data(), emit WS4 runtime feature vectors that match the v1 schema, and ensure instrumentation flushes with scaler and provenance metadata before the next runtime scoring run.
- candidate pool: materialize the top 30 players by season-to-date minutes nightly via scripts/player_mvp_pipeline.py, cache their scoring/ranking outputs under data_exporters/candidate_pool/, and present deterministic probabilities for downstream ranking APIs while refreshing the cache in lockstep with docs/agent-execution-plan.md.
- docs/agent-checklist.md: keep this checklist synchronized with runtime feature builder and candidate pool gating steps, record which verification points are ready for the next release review, and let scripts/log_progress.sh highlight the right follow-up in tomorrow's log entry.
---
2026-03-28T17:10:41Z
branch: feature/demo-ready-serving
status: ## feature/demo-ready-serving
 D docs/activity-log.md
 D docs/demo-plan.md
 D docs/demo-run-2026-03-03.log
 D docs/demo.md
 D docs/gap-analysis.md
?? .DS_Store
?? docs/.DS_Store
?? docs/agent-checklist.md
?? progress.log
?? scripts/log_progress.sh
last_commit: 0aa675f Add agent execution plan
files_summary:
## feature/demo-ready-serving
 D docs/activity-log.md
 D docs/demo-plan.md
 D docs/demo-run-2026-03-03.log
 D docs/demo.md
recent_work: tightening runtime feature builder instrumentation, refreshing the nightly candidate pool scoring/cache cycle, and keeping docs/agent-checklist.md aligned with every release gating review.
context:
- runtime feature builder: keep stats + sentiment ingestion pipelines under data_loaders/ aligned with the named feature metadata definitions in src/analysis.py::load_and_preprocess_data(), emit WS4 runtime feature vectors that match the v1 schema, and ensure instrumentation flushes with scaler and provenance metadata before the next runtime scoring run.
- candidate pool: materialize the top 30 players by season-to-date minutes nightly via scripts/player_mvp_pipeline.py, cache their scoring/ranking outputs under data_exporters/candidate_pool/, and present deterministic probabilities for downstream ranking APIs while refreshing the cache in lockstep with docs/agent-execution-plan.md.
- docs/agent-checklist.md: keep this checklist synchronized with runtime feature builder and candidate pool gating steps, record which verification points are ready for the next release review, and let scripts/log_progress.sh highlight the right follow-up in tomorrow's log entry.
---
2026-03-28T17:12:28Z
branch: feature/demo-ready-serving
status: ## feature/demo-ready-serving
 D docs/activity-log.md
 D docs/demo-plan.md
 D docs/demo-run-2026-03-03.log
 D docs/demo.md
 D docs/gap-analysis.md
?? .DS_Store
?? docs/.DS_Store
?? docs/agent-checklist.md
?? progress.log
?? scripts/log_progress.sh
last_commit: 0aa675f Add agent execution plan
files_summary:
## feature/demo-ready-serving
 D docs/activity-log.md
 D docs/demo-plan.md
 D docs/demo-run-2026-03-03.log
 D docs/demo.md
recent_work: tightening runtime feature builder instrumentation, refreshing the nightly candidate pool scoring/cache cycle, and keeping docs/agent-checklist.md aligned with every release gating review.
context:
- runtime feature builder: keep stats + sentiment ingestion pipelines under data_loaders/ aligned with the named feature metadata definitions in src/analysis.py::load_and_preprocess_data(), emit WS4 runtime feature vectors that match the v1 schema, and ensure instrumentation flushes with scaler and provenance metadata before the next runtime scoring run.
- candidate pool: materialize the top 30 players by season-to-date minutes nightly via scripts/player_mvp_pipeline.py, cache their scoring/ranking outputs under data_exporters/candidate_pool/, and present deterministic probabilities for downstream ranking APIs while refreshing the cache in lockstep with docs/agent-execution-plan.md.
- docs/agent-checklist.md: keep this checklist synchronized with runtime feature builder and candidate pool gating steps, record which verification points are ready for the next release review, and let scripts/log_progress.sh highlight the right follow-up in tomorrow's log entry.
---
2026-03-28T17:22:46Z
branch: feature/demo-ready-serving
status: ## feature/demo-ready-serving
 D docs/activity-log.md
 D docs/demo-plan.md
 D docs/demo-run-2026-03-03.log
 D docs/demo.md
 D docs/gap-analysis.md
?? .DS_Store
?? docs/.DS_Store
?? docs/agent-checklist.md
?? progress.log
?? scripts/log_progress.sh
last_commit: 0aa675f Add agent execution plan
files_summary:
## feature/demo-ready-serving
 D docs/activity-log.md
 D docs/demo-plan.md
 D docs/demo-run-2026-03-03.log
 D docs/demo.md
recent_work: tightening runtime feature builder instrumentation, refreshing the nightly candidate pool scoring/cache cycle, and keeping docs/agent-checklist.md aligned with every release gating review.
context:
- runtime feature builder: keep stats + sentiment ingestion pipelines under data_loaders/ aligned with the named feature metadata definitions in src/analysis.py::load_and_preprocess_data(), emit WS4 runtime feature vectors that match the v1 schema, and ensure instrumentation flushes with scaler and provenance metadata before the next runtime scoring run.
- candidate pool: materialize the top 30 players by season-to-date minutes nightly via scripts/player_mvp_pipeline.py, cache their scoring/ranking outputs under data_exporters/candidate_pool/, and present deterministic probabilities for downstream ranking APIs while refreshing the cache in lockstep with docs/agent-execution-plan.md.
- docs/agent-checklist.md: keep this checklist synchronized with runtime feature builder and candidate pool gating steps, record which verification points are ready for the next release review, and let scripts/log_progress.sh highlight the right follow-up in tomorrow's log entry.
---
2026-03-28T17:32:37Z
branch: feature/demo-ready-serving
status: ## feature/demo-ready-serving
 D docs/activity-log.md
 D docs/demo-plan.md
 D docs/demo-run-2026-03-03.log
 D docs/demo.md
 D docs/gap-analysis.md
?? .DS_Store
?? docs/.DS_Store
?? docs/agent-checklist.md
?? progress.log
?? scripts/log_progress.sh
last_commit: 0aa675f Add agent execution plan
files_summary:
## feature/demo-ready-serving
 D docs/activity-log.md
 D docs/demo-plan.md
 D docs/demo-run-2026-03-03.log
 D docs/demo.md
recent_work: tightening runtime feature builder instrumentation, refreshing the nightly candidate pool scoring/cache cycle, and keeping docs/agent-checklist.md aligned with every release gating review.
context:
- runtime feature builder: keep stats + sentiment ingestion pipelines under data_loaders/ aligned with the named feature metadata definitions in src/analysis.py::load_and_preprocess_data(), emit WS4 runtime feature vectors that match the v1 schema, and ensure instrumentation flushes with scaler and provenance metadata before the next runtime scoring run.
- candidate pool: materialize the top 30 players by season-to-date minutes nightly via scripts/player_mvp_pipeline.py, cache their scoring/ranking outputs under data_exporters/candidate_pool/, and present deterministic probabilities for downstream ranking APIs while refreshing the cache in lockstep with docs/agent-execution-plan.md.
- docs/agent-checklist.md: keep this checklist synchronized with runtime feature builder and candidate pool gating steps, record which verification points are ready for the next release review, and let scripts/log_progress.sh highlight the right follow-up in tomorrow's log entry.
---
2026-03-28T17:33:08Z
branch: feature/demo-ready-serving
status: ## feature/demo-ready-serving
 D docs/activity-log.md
 D docs/demo-plan.md
 D docs/demo-run-2026-03-03.log
 D docs/demo.md
 D docs/gap-analysis.md
?? .DS_Store
?? docs/.DS_Store
?? docs/agent-checklist.md
?? progress.log
?? scripts/log_progress.sh
last_commit: 0aa675f Add agent execution plan
files_summary:
## feature/demo-ready-serving
 D docs/activity-log.md
 D docs/demo-plan.md
 D docs/demo-run-2026-03-03.log
 D docs/demo.md
recent_work: tightening runtime feature builder instrumentation, refreshing the nightly candidate pool scoring/cache cycle, and keeping docs/agent-checklist.md aligned with every release gating review.
context:
- runtime feature builder: keep stats + sentiment ingestion pipelines under data_loaders/ aligned with the named feature metadata definitions in src/analysis.py::load_and_preprocess_data(), emit WS4 runtime feature vectors that match the v1 schema, and ensure instrumentation flushes with scaler and provenance metadata before the next runtime scoring run.
- candidate pool: materialize the top 30 players by season-to-date minutes nightly via scripts/player_mvp_pipeline.py, cache their scoring/ranking outputs under data_exporters/candidate_pool/, and present deterministic probabilities for downstream ranking APIs while refreshing the cache in lockstep with docs/agent-execution-plan.md.
- docs/agent-checklist.md: keep this checklist synchronized with runtime feature builder and candidate pool gating steps, record which verification points are ready for the next release review, and let scripts/log_progress.sh highlight the right follow-up in tomorrow's log entry.
---
2026-03-28T17:35:07Z
branch: feature/demo-ready-serving
status: ## feature/demo-ready-serving
 D docs/activity-log.md
 D docs/demo-plan.md
 D docs/demo-run-2026-03-03.log
 D docs/demo.md
 D docs/gap-analysis.md
?? .DS_Store
?? docs/.DS_Store
?? docs/agent-checklist.md
?? json/feature_schema_v1.json
?? progress.log
?? scripts/log_progress.sh
?? src/features/
last_commit: 0aa675f Add agent execution plan
files_summary:
## feature/demo-ready-serving
 D docs/activity-log.md
 D docs/demo-plan.md
 D docs/demo-run-2026-03-03.log
 D docs/demo.md
recent_work: tightening runtime feature builder instrumentation, refreshing the nightly candidate pool scoring/cache cycle, and keeping docs/agent-checklist.md aligned with every release gating review.
context:
- runtime feature builder: keep stats + sentiment ingestion pipelines under data_loaders/ aligned with the named feature metadata definitions in src/analysis.py::load_and_preprocess_data(), emit WS4 runtime feature vectors that match the v1 schema, and ensure instrumentation flushes with scaler and provenance metadata before the next runtime scoring run.
- candidate pool: materialize the top 30 players by season-to-date minutes nightly via scripts/player_mvp_pipeline.py, cache their scoring/ranking outputs under data_exporters/candidate_pool/, and present deterministic probabilities for downstream ranking APIs while refreshing the cache in lockstep with docs/agent-execution-plan.md.
- docs/agent-checklist.md: keep this checklist synchronized with runtime feature builder and candidate pool gating steps, record which verification points are ready for the next release review, and let scripts/log_progress.sh highlight the right follow-up in tomorrow's log entry.
---
2026-03-28T17:42:57Z
branch: feature/demo-ready-serving
status: ## feature/demo-ready-serving
 M README.md
 D docs/activity-log.md
 D docs/demo-plan.md
 D docs/demo-run-2026-03-03.log
 D docs/demo.md
 D docs/gap-analysis.md
?? .DS_Store
?? docs/.DS_Store
?? docs/agent-checklist.md
?? json/feature_schema_v1.json
?? progress.log
?? scripts/log_progress.sh
?? src/features/
last_commit: 0aa675f Add agent execution plan
files_summary:
## feature/demo-ready-serving
 M README.md
 D docs/activity-log.md
 D docs/demo-plan.md
 D docs/demo-run-2026-03-03.log
recent_work: verifying the runtime feature builder instrumentation, refreshing the nightly candidate pool scoring/cache pipeline, and keeping docs/agent-checklist.md synchronized with every release gating review.
context:
- runtime feature builder: double-check instrumentation flushes for interim stats + sentiment ingestion in data_loaders/ so the named feature metadata in src/analysis.py::load_and_preprocess_data() maps directly to WS4 runtime vectors, and keep provenance metadata aligned with the scaler before the next runtime scoring run.
- candidate pool: materialize the top 30 players by season-to-date minutes nightly via scripts/player_mvp_pipeline.py, refresh the cached scoring/ranking outputs in data_exporters/candidate_pool/, and publish deterministic probabilities for downstream ranking APIs while honoring the gating cadence described in docs/agent-execution-plan.md.
- docs/agent-checklist.md: align the checklist with the runtime feature builder and candidate pool gating steps, flag which verification points are ready for the upcoming release review, and let scripts/log_progress.sh surface the next follow-up in tomorrow's entry.
---
2026-03-28T17:50:13Z
branch: feature/demo-ready-serving
status: ## feature/demo-ready-serving
 M README.md
 D docs/activity-log.md
 D docs/demo-plan.md
 D docs/demo-run-2026-03-03.log
 D docs/demo.md
 D docs/gap-analysis.md
?? .DS_Store
?? docs/.DS_Store
?? docs/agent-checklist.md
?? json/feature_schema_v1.json
?? progress.log
?? scripts/log_progress.sh
?? src/features/
last_commit: 0aa675f Add agent execution plan
files_summary:
## feature/demo-ready-serving
 M README.md
 D docs/activity-log.md
 D docs/demo-plan.md
 D docs/demo-run-2026-03-03.log
recent_work: verifying the runtime feature builder instrumentation, refreshing the nightly candidate pool scoring/cache pipeline, and keeping docs/agent-checklist.md synchronized with every release gating review.
context:
- runtime feature builder: double-check instrumentation flushes for interim stats + sentiment ingestion in data_loaders/ so the named feature metadata in src/analysis.py::load_and_preprocess_data() maps directly to WS4 runtime vectors, and keep provenance metadata aligned with the scaler before the next runtime scoring run.
- candidate pool: materialize the top 30 players by season-to-date minutes nightly via scripts/player_mvp_pipeline.py, refresh the cached scoring/ranking outputs in data_exporters/candidate_pool/, and publish deterministic probabilities for downstream ranking APIs while honoring the gating cadence described in docs/agent-execution-plan.md.
- docs/agent-checklist.md: align the checklist with the runtime feature builder and candidate pool gating steps, flag which verification points are ready for the upcoming release review, and let scripts/log_progress.sh surface the next follow-up in tomorrow's entry.
---
2026-03-28T17:52:28Z
branch: feature/demo-ready-serving
status: ## feature/demo-ready-serving
 M README.md
 D docs/activity-log.md
 D docs/demo-plan.md
 D docs/demo-run-2026-03-03.log
 D docs/demo.md
 D docs/gap-analysis.md
?? .DS_Store
?? docs/.DS_Store
?? docs/agent-checklist.md
?? json/feature_schema_v1.json
?? progress.log
?? scripts/log_progress.sh
?? src/features/
last_commit: 0aa675f Add agent execution plan
files_summary:
## feature/demo-ready-serving
 M README.md
 D docs/activity-log.md
 D docs/demo-plan.md
 D docs/demo-run-2026-03-03.log
recent_work: verifying the runtime feature builder instrumentation, refreshing the nightly candidate pool scoring/cache pipeline, and keeping docs/agent-checklist.md synchronized with every release gating review.
context:
- runtime feature builder: double-check instrumentation flushes for interim stats + sentiment ingestion in data_loaders/ so the named feature metadata in src/analysis.py::load_and_preprocess_data() maps directly to WS4 runtime vectors, and keep provenance metadata aligned with the scaler before the next runtime scoring run.
- candidate pool: materialize the top 30 players by season-to-date minutes nightly via scripts/player_mvp_pipeline.py, refresh the cached scoring/ranking outputs in data_exporters/candidate_pool/, and publish deterministic probabilities for downstream ranking APIs while honoring the gating cadence described in docs/agent-execution-plan.md.
- docs/agent-checklist.md: align the checklist with the runtime feature builder and candidate pool gating steps, flag which verification points are ready for the upcoming release review, and let scripts/log_progress.sh surface the next follow-up in tomorrow's entry.
---
2026-03-28T18:03:13Z
branch: feature/demo-ready-serving
status: ## feature/demo-ready-serving
 M README.md
 D docs/activity-log.md
 D docs/demo-plan.md
 D docs/demo-run-2026-03-03.log
 D docs/demo.md
 D docs/gap-analysis.md
?? .DS_Store
?? docs/.DS_Store
?? docs/agent-checklist.md
?? json/feature_schema_v1.json
?? progress.log
?? scripts/log_progress.sh
?? src/features/
last_commit: 0aa675f Add agent execution plan
files_summary:
## feature/demo-ready-serving
 M README.md
 D docs/activity-log.md
 D docs/demo-plan.md
 D docs/demo-run-2026-03-03.log
recent_work: building json/feature_schema_v1.json and scaffolding src/features.RuntimeFeatureBuilder to verify instrumentation, refreshing the nightly candidate pool scoring/cache pipeline, and keeping docs/agent-checklist.md synchronized with the runtime gating review.
context:
- runtime feature builder: expand instrumentation verification by wiring json/feature_schema_v1.json and src/features.RuntimeFeatureBuilder through the stats/sentiment loaders in data_loaders/ and src/analysis.py::load_and_preprocess_data() so named feature metadata becomes WS4 runtime vectors with provenance + scaler metadata locked in before the next scoring run.
- candidate pool: materialize the nightly top-30 minute leaders via scripts/player_mvp_pipeline.py, refresh the cached scoring/ranking outputs in data_exporters/candidate_pool/, and publish deterministic probability outputs for downstream ranking APIs inside the gating cadence described in docs/agent-execution-plan.md.
- docs/agent-checklist.md: keep the checklist aligned with the runtime feature builder and candidate pool gating steps, highlight verification points that are release-ready, and surface the next follow-up so scripts/log_progress.sh can log it in tomorrow's entry.
---
2026-03-28T18:05:12Z
branch: feature/demo-ready-serving
status: ## feature/demo-ready-serving
 M README.md
 D docs/activity-log.md
 D docs/demo-plan.md
 D docs/demo-run-2026-03-03.log
 D docs/demo.md
 D docs/gap-analysis.md
?? .DS_Store
?? docs/.DS_Store
?? docs/agent-checklist.md
?? json/feature_schema_v1.json
?? progress.log
?? scripts/log_progress.sh
?? src/features/
last_commit: 0aa675f Add agent execution plan
files_summary:
## feature/demo-ready-serving
 M README.md
 D docs/activity-log.md
 D docs/demo-plan.md
 D docs/demo-run-2026-03-03.log
recent_work: building json/feature_schema_v1.json and scaffolding src/features.RuntimeFeatureBuilder to verify instrumentation, refreshing the nightly candidate pool scoring/cache pipeline, and keeping docs/agent-checklist.md synchronized with the runtime gating review.
context:
- runtime feature builder: expand instrumentation verification by wiring json/feature_schema_v1.json and src/features.RuntimeFeatureBuilder through the stats/sentiment loaders in data_loaders/ and src/analysis.py::load_and_preprocess_data() so named feature metadata becomes WS4 runtime vectors with provenance + scaler metadata locked in before the next scoring run.
- candidate pool: materialize the nightly top-30 minute leaders via scripts/player_mvp_pipeline.py, refresh the cached scoring/ranking outputs in data_exporters/candidate_pool/, and publish deterministic probability outputs for downstream ranking APIs inside the gating cadence described in docs/agent-execution-plan.md.
- docs/agent-checklist.md: keep the checklist aligned with the runtime feature builder and candidate pool gating steps, highlight verification points that are release-ready, and surface the next follow-up so scripts/log_progress.sh can log it in tomorrow's entry.
---
2026-03-28T18:12:47Z
branch: feature/demo-ready-serving
status: ## feature/demo-ready-serving
 M README.md
 D docs/activity-log.md
 D docs/demo-plan.md
 D docs/demo-run-2026-03-03.log
 D docs/demo.md
 D docs/gap-analysis.md
?? .DS_Store
?? docs/.DS_Store
?? docs/agent-checklist.md
?? json/feature_schema_v1.json
?? progress.log
?? scripts/log_progress.sh
?? src/features/
last_commit: 0aa675f Add agent execution plan
files_summary:
## feature/demo-ready-serving
 M README.md
 D docs/activity-log.md
 D docs/demo-plan.md
 D docs/demo-run-2026-03-03.log
recent_work: building json/feature_schema_v1.json and scaffolding src/features.RuntimeFeatureBuilder to verify instrumentation, refreshing the nightly candidate pool scoring/cache pipeline, and keeping docs/agent-checklist.md synchronized with the runtime gating review.
context:
- runtime feature builder: expand instrumentation verification by wiring json/feature_schema_v1.json and src/features.RuntimeFeatureBuilder through the stats/sentiment loaders in data_loaders/ and src/analysis.py::load_and_preprocess_data() so named feature metadata becomes WS4 runtime vectors with provenance + scaler metadata locked in before the next scoring run.
- candidate pool: materialize the nightly top-30 minute leaders via scripts/player_mvp_pipeline.py, refresh the cached scoring/ranking outputs in data_exporters/candidate_pool/, and publish deterministic probability outputs for downstream ranking APIs inside the gating cadence described in docs/agent-execution-plan.md.
- docs/agent-checklist.md: keep the checklist aligned with the runtime feature builder and candidate pool gating steps, highlight verification points that are release-ready, and surface the next follow-up so scripts/log_progress.sh can log it in tomorrow's entry.
---
2026-03-28T18:20:08Z
branch: feature/demo-ready-serving
status: ## feature/demo-ready-serving
 M README.md
 D docs/activity-log.md
 D docs/demo-plan.md
 D docs/demo-run-2026-03-03.log
 D docs/demo.md
 D docs/gap-analysis.md
?? .DS_Store
?? docs/.DS_Store
?? docs/agent-checklist.md
?? json/feature_schema_v1.json
?? progress.log
?? scripts/log_progress.sh
?? src/features/
last_commit: 0aa675f Add agent execution plan
files_summary:
## feature/demo-ready-serving
 M README.md
 D docs/activity-log.md
 D docs/demo-plan.md
 D docs/demo-run-2026-03-03.log
recent_work: building json/feature_schema_v1.json and scaffolding src/features.RuntimeFeatureBuilder to verify instrumentation, refreshing the nightly candidate pool scoring/cache pipeline, and keeping docs/agent-checklist.md synchronized with the runtime gating review.
context:
- runtime feature builder: expand instrumentation verification by wiring json/feature_schema_v1.json and src/features.RuntimeFeatureBuilder through the stats/sentiment loaders in data_loaders/ and src/analysis.py::load_and_preprocess_data() so named feature metadata becomes WS4 runtime vectors with provenance + scaler metadata locked in before the next scoring run.
- candidate pool: materialize the nightly top-30 minute leaders via scripts/player_mvp_pipeline.py, refresh the cached scoring/ranking outputs in data_exporters/candidate_pool/, and publish deterministic probability outputs for downstream ranking APIs inside the gating cadence described in docs/agent-execution-plan.md.
- docs/agent-checklist.md: keep the checklist aligned with the runtime feature builder and candidate pool gating steps, highlight verification points that are release-ready, and surface the next follow-up so scripts/log_progress.sh can log it in tomorrow's entry.
---
2026-03-28T18:23:01Z
branch: feature/demo-ready-serving
status: ## feature/demo-ready-serving
 M README.md
 D docs/activity-log.md
 D docs/demo-plan.md
 D docs/demo-run-2026-03-03.log
 D docs/demo.md
 D docs/gap-analysis.md
?? .DS_Store
?? docs/.DS_Store
?? docs/agent-checklist.md
?? json/feature_schema_v1.json
?? progress.log
?? scripts/log_progress.sh
?? src/features/
last_commit: 0aa675f Add agent execution plan
files_summary:
## feature/demo-ready-serving
 M README.md
 D docs/activity-log.md
 D docs/demo-plan.md
 D docs/demo-run-2026-03-03.log
recent_work: wiring json/feature_schema_v1.json into src/features.RuntimeFeatureBuilder instrumentation, refreshing candidate pool exports, and aligning docs/agent-checklist.md with the runtime gating checkpoints.
context:
- runtime feature builder: verify instrumentation by flowing json/feature_schema_v1.json metadata through data_loaders/stats_sentiment_loader and src/analysis.py::load_and_preprocess_data() so WS4 runtime vectors land with provenance and scaler metadata ahead of the next scoring cadence.
- candidate pool: run scripts/player_mvp_pipeline.py to materialize the nightly top-30 minute leaders, refresh deterministic scoring caches in data_exporters/candidate_pool/, and stage the ranked outputs for downstream gating and API delivery noted in docs/agent-execution-plan.md.
- docs/agent-checklist.md: mirror the runtime feature builder and candidate pool verification steps, call out release-ready checkpoints, and surface the immediate follow-up so the next cron log can pick up where this entry leaves off.
---
2026-03-28T18:32:35Z
branch: feature/demo-ready-serving
status: ## feature/demo-ready-serving
 M README.md
 D docs/activity-log.md
 D docs/demo-plan.md
 D docs/demo-run-2026-03-03.log
 D docs/demo.md
 D docs/gap-analysis.md
?? .DS_Store
?? docs/.DS_Store
?? docs/agent-checklist.md
?? json/feature_schema_v1.json
?? progress.log
?? scripts/log_progress.sh
?? src/features/
last_commit: 0aa675f Add agent execution plan
files_summary:
## feature/demo-ready-serving
 M README.md
 D docs/activity-log.md
 D docs/demo-plan.md
 D docs/demo-run-2026-03-03.log
recent_work: wiring json/feature_schema_v1.json into src/features.RuntimeFeatureBuilder instrumentation, refreshing candidate pool exports, and aligning docs/agent-checklist.md with the runtime gating checkpoints.
context:
- runtime feature builder: verify instrumentation by flowing json/feature_schema_v1.json metadata through data_loaders/stats_sentiment_loader and src/analysis.py::load_and_preprocess_data() so WS4 runtime vectors land with provenance and scaler metadata ahead of the next scoring cadence.
- candidate pool: run scripts/player_mvp_pipeline.py to materialize the nightly top-30 minute leaders, refresh deterministic scoring caches in data_exporters/candidate_pool/, and stage the ranked outputs for downstream gating and API delivery noted in docs/agent-execution-plan.md.
- docs/agent-checklist.md: mirror the runtime feature builder and candidate pool verification steps, call out release-ready checkpoints, and surface the immediate follow-up so the next cron log can pick up where this entry leaves off.
---
2026-03-28T18:35:15Z
branch: feature/demo-ready-serving
status: ## feature/demo-ready-serving
 M README.md
 D docs/activity-log.md
 D docs/demo-plan.md
 D docs/demo-run-2026-03-03.log
 D docs/demo.md
 D docs/gap-analysis.md
?? .DS_Store
?? docs/.DS_Store
?? docs/agent-checklist.md
?? json/feature_schema_v1.json
?? progress.log
?? scripts/log_progress.sh
?? src/features/
last_commit: 0aa675f Add agent execution plan
files_summary:
## feature/demo-ready-serving
 M README.md
 D docs/activity-log.md
 D docs/demo-plan.md
 D docs/demo-run-2026-03-03.log
recent_work: wiring json/feature_schema_v1.json into src/features.RuntimeFeatureBuilder instrumentation, refreshing candidate pool exports, and aligning docs/agent-checklist.md with the runtime gating checkpoints.
context:
- runtime feature builder: verify instrumentation by flowing json/feature_schema_v1.json metadata through data_loaders/stats_sentiment_loader and src/analysis.py::load_and_preprocess_data() so WS4 runtime vectors land with provenance and scaler metadata ahead of the next scoring cadence.
- candidate pool: run scripts/player_mvp_pipeline.py to materialize the nightly top-30 minute leaders, refresh deterministic scoring caches in data_exporters/candidate_pool/, and stage the ranked outputs for downstream gating and API delivery noted in docs/agent-execution-plan.md.
- docs/agent-checklist.md: mirror the runtime feature builder and candidate pool verification steps, call out release-ready checkpoints, and surface the immediate follow-up so the next cron log can pick up where this entry leaves off.
---
2026-03-28T18:43:57Z
branch: feature/demo-ready-serving
status: ## feature/demo-ready-serving
 M README.md
 D docs/activity-log.md
 D docs/demo-plan.md
 D docs/demo-run-2026-03-03.log
 D docs/demo.md
 D docs/gap-analysis.md
?? .DS_Store
?? docs/.DS_Store
?? docs/agent-checklist.md
?? json/feature_schema_v1.json
?? progress.log
?? scripts/log_progress.sh
?? src/features/
last_commit: 0aa675f Add agent execution plan
files_summary:
## feature/demo-ready-serving
 M README.md
 D docs/activity-log.md
 D docs/demo-plan.md
 D docs/demo-run-2026-03-03.log
recent_work: wiring json/feature_schema_v1.json into src/features.RuntimeFeatureBuilder instrumentation, refreshing candidate pool exports, and aligning docs/agent-checklist.md with the runtime gating checkpoints.
context:
- runtime feature builder: verify instrumentation by flowing json/feature_schema_v1.json metadata through data_loaders/stats_sentiment_loader and src/analysis.py::load_and_preprocess_data() so WS4 runtime vectors land with provenance and scaler metadata ahead of the next scoring cadence.
- candidate pool: run scripts/player_mvp_pipeline.py to materialize the nightly top-30 minute leaders, refresh deterministic scoring caches in data_exporters/candidate_pool/, and stage the ranked outputs for downstream gating and API delivery noted in docs/agent-execution-plan.md.
- docs/agent-checklist.md: mirror the runtime feature builder and candidate pool verification steps, call out release-ready checkpoints, and surface the immediate follow-up so the next cron log can pick up where this entry leaves off.
---
2026-03-28T18:50:10Z
branch: feature/demo-ready-serving
status: ## feature/demo-ready-serving
 M README.md
 D docs/activity-log.md
 D docs/demo-plan.md
 D docs/demo-run-2026-03-03.log
 D docs/demo.md
 D docs/gap-analysis.md
?? .DS_Store
?? docs/.DS_Store
?? docs/agent-checklist.md
?? json/feature_schema_v1.json
?? progress.log
?? scripts/log_progress.sh
?? src/features/
last_commit: 0aa675f Add agent execution plan
files_summary:
## feature/demo-ready-serving
 M README.md
 D docs/activity-log.md
 D docs/demo-plan.md
 D docs/demo-run-2026-03-03.log
recent_work: wiring json/feature_schema_v1.json into src/features.RuntimeFeatureBuilder instrumentation, refreshing candidate pool exports, and aligning docs/agent-checklist.md with the runtime gating checkpoints.
context:
- runtime feature builder: verify instrumentation by flowing json/feature_schema_v1.json metadata through data_loaders/stats_sentiment_loader and src/analysis.py::load_and_preprocess_data() so WS4 runtime vectors land with provenance and scaler metadata ahead of the next scoring cadence.
- candidate pool: run scripts/player_mvp_pipeline.py to materialize the nightly top-30 minute leaders, refresh deterministic scoring caches in data_exporters/candidate_pool/, and stage the ranked outputs for downstream gating and API delivery noted in docs/agent-execution-plan.md.
- docs/agent-checklist.md: mirror the runtime feature builder and candidate pool verification steps, call out release-ready checkpoints, and surface the immediate follow-up so the next cron log can pick up where this entry leaves off.
---
2026-03-28T18:52:40Z
branch: feature/demo-ready-serving
status: ## feature/demo-ready-serving
 M README.md
 D docs/activity-log.md
 D docs/demo-plan.md
 D docs/demo-run-2026-03-03.log
 D docs/demo.md
 D docs/gap-analysis.md
?? .DS_Store
?? docs/.DS_Store
?? docs/agent-checklist.md
?? json/feature_schema_v1.json
?? progress.log
?? scripts/log_progress.sh
?? src/features/
last_commit: 0aa675f Add agent execution plan
files_summary:
## feature/demo-ready-serving
 M README.md
 D docs/activity-log.md
 D docs/demo-plan.md
 D docs/demo-run-2026-03-03.log
recent_work: wiring json/feature_schema_v1.json into src/features.RuntimeFeatureBuilder instrumentation, refreshing candidate pool exports, and aligning docs/agent-checklist.md with the runtime gating checkpoints.
context:
- runtime feature builder: verify instrumentation by flowing json/feature_schema_v1.json metadata through data_loaders/stats_sentiment_loader and src/analysis.py::load_and_preprocess_data() so WS4 runtime vectors land with provenance and scaler metadata ahead of the next scoring cadence.
- candidate pool: run scripts/player_mvp_pipeline.py to materialize the nightly top-30 minute leaders, refresh deterministic scoring caches in data_exporters/candidate_pool/, and stage the ranked outputs for downstream gating and API delivery noted in docs/agent-execution-plan.md.
- docs/agent-checklist.md: mirror the runtime feature builder and candidate pool verification steps, call out release-ready checkpoints, and surface the immediate follow-up so the next cron log can pick up where this entry leaves off.
---
2026-03-28T19:02:49Z
branch: feature/demo-ready-serving
status: ## feature/demo-ready-serving
 M README.md
 D docs/activity-log.md
 D docs/demo-plan.md
 D docs/demo-run-2026-03-03.log
 D docs/demo.md
 D docs/gap-analysis.md
?? .DS_Store
?? docs/.DS_Store
?? docs/agent-checklist.md
?? json/feature_schema_v1.json
?? progress.log
?? scripts/log_progress.sh
?? src/features/
last_commit: 0aa675f Add agent execution plan
files_summary:
## feature/demo-ready-serving
 M README.md
 D docs/activity-log.md
 D docs/demo-plan.md
 D docs/demo-run-2026-03-03.log
recent_work: wiring json/feature_schema_v1.json into src/features.RuntimeFeatureBuilder instrumentation, refreshing candidate pool exports, and aligning docs/agent-checklist.md with the runtime gating checkpoints.
context:
- runtime feature builder: verify instrumentation by flowing json/feature_schema_v1.json metadata through data_loaders/stats_sentiment_loader and src/analysis.py::load_and_preprocess_data() so WS4 runtime vectors land with provenance and scaler metadata ahead of the next scoring cadence.
- candidate pool: run scripts/player_mvp_pipeline.py to materialize the nightly top-30 minute leaders, refresh deterministic scoring caches in data_exporters/candidate_pool/, and stage the ranked outputs for downstream gating and API delivery noted in docs/agent-execution-plan.md.
- docs/agent-checklist.md: mirror the runtime feature builder and candidate pool verification steps, call out release-ready checkpoints, and surface the immediate follow-up so the next cron log can pick up where this entry leaves off.
---
2026-03-28T19:05:19Z
branch: feature/demo-ready-serving
status: ## feature/demo-ready-serving
 M README.md
 D docs/activity-log.md
 D docs/demo-plan.md
 D docs/demo-run-2026-03-03.log
 D docs/demo.md
 D docs/gap-analysis.md
?? .DS_Store
?? docs/.DS_Store
?? docs/agent-checklist.md
?? json/feature_schema_v1.json
?? progress.log
?? scripts/log_progress.sh
?? src/features/
last_commit: 0aa675f Add agent execution plan
files_summary:
## feature/demo-ready-serving
 M README.md
 D docs/activity-log.md
 D docs/demo-plan.md
 D docs/demo-run-2026-03-03.log
recent_work: wiring json/feature_schema_v1.json into src/features.RuntimeFeatureBuilder instrumentation, refreshing candidate pool exports, and aligning docs/agent-checklist.md with the runtime gating checkpoints.
context:
- runtime feature builder: verify instrumentation by flowing json/feature_schema_v1.json metadata through data_loaders/stats_sentiment_loader and src/analysis.py::load_and_preprocess_data() so WS4 runtime vectors land with provenance and scaler metadata ahead of the next scoring cadence.
- candidate pool: run scripts/player_mvp_pipeline.py to materialize the nightly top-30 minute leaders, refresh deterministic scoring caches in data_exporters/candidate_pool/, and stage the ranked outputs for downstream gating and API delivery noted in docs/agent-execution-plan.md.
- docs/agent-checklist.md: mirror the runtime feature builder and candidate pool verification steps, call out release-ready checkpoints, and surface the immediate follow-up so the next cron log can pick up where this entry leaves off.
---
2026-03-28T19:12:29Z
branch: feature/demo-ready-serving
status: ## feature/demo-ready-serving
 M README.md
 D docs/activity-log.md
 D docs/demo-plan.md
 D docs/demo-run-2026-03-03.log
 D docs/demo.md
 D docs/gap-analysis.md
?? .DS_Store
?? docs/.DS_Store
?? docs/agent-checklist.md
?? json/feature_schema_v1.json
?? progress.log
?? scripts/log_progress.sh
?? src/features/
last_commit: 0aa675f Add agent execution plan
files_summary:
## feature/demo-ready-serving
 M README.md
 D docs/activity-log.md
 D docs/demo-plan.md
 D docs/demo-run-2026-03-03.log
recent_work: wiring json/feature_schema_v1.json into src/features.RuntimeFeatureBuilder instrumentation, refreshing candidate pool exports, and aligning docs/agent-checklist.md with the runtime gating checkpoints.
context:
- runtime feature builder: verify instrumentation by flowing json/feature_schema_v1.json metadata through data_loaders/stats_sentiment_loader and src/analysis.py::load_and_preprocess_data() so WS4 runtime vectors land with provenance and scaler metadata ahead of the next scoring cadence.
- candidate pool: run scripts/player_mvp_pipeline.py to materialize the nightly top-30 minute leaders, refresh deterministic scoring caches in data_exporters/candidate_pool/, and stage the ranked outputs for downstream gating and API delivery noted in docs/agent-execution-plan.md.
- docs/agent-checklist.md: mirror the runtime feature builder and candidate pool verification steps, call out release-ready checkpoints, and surface the immediate follow-up so the next cron log can pick up where this entry leaves off.
---
2026-03-28T19:20:12Z
branch: feature/demo-ready-serving
status: ## feature/demo-ready-serving
 M README.md
 D docs/activity-log.md
 D docs/demo-plan.md
 D docs/demo-run-2026-03-03.log
 D docs/demo.md
 D docs/gap-analysis.md
?? .DS_Store
?? docs/.DS_Store
?? docs/agent-checklist.md
?? json/feature_schema_v1.json
?? progress.log
?? scripts/log_progress.sh
?? src/features/
last_commit: 0aa675f Add agent execution plan
files_summary:
## feature/demo-ready-serving
 M README.md
 D docs/activity-log.md
 D docs/demo-plan.md
 D docs/demo-run-2026-03-03.log
recent_work: wiring json/feature_schema_v1.json into src/features.RuntimeFeatureBuilder instrumentation, refreshing candidate pool exports, and aligning docs/agent-checklist.md with the runtime gating checkpoints.
context:
- runtime feature builder: verify instrumentation by flowing json/feature_schema_v1.json metadata through data_loaders/stats_sentiment_loader and src/analysis.py::load_and_preprocess_data() so WS4 runtime vectors land with provenance and scaler metadata ahead of the next scoring cadence.
- candidate pool: run scripts/player_mvp_pipeline.py to materialize the nightly top-30 minute leaders, refresh deterministic scoring caches in data_exporters/candidate_pool/, and stage the ranked outputs for downstream gating and API delivery noted in docs/agent-execution-plan.md.
- docs/agent-checklist.md: mirror the runtime feature builder and candidate pool verification steps, call out release-ready checkpoints, and surface the immediate follow-up so the next cron log can pick up where this entry leaves off.
---
2026-03-28T19:22:43Z
branch: feature/demo-ready-serving
status: ## feature/demo-ready-serving
 M README.md
 D docs/activity-log.md
 D docs/demo-plan.md
 D docs/demo-run-2026-03-03.log
 D docs/demo.md
 D docs/gap-analysis.md
?? .DS_Store
?? docs/.DS_Store
?? docs/agent-checklist.md
?? json/feature_schema_v1.json
?? progress.log
?? scripts/log_progress.sh
?? src/features/
last_commit: 0aa675f Add agent execution plan
files_summary:
## feature/demo-ready-serving
 M README.md
 D docs/activity-log.md
 D docs/demo-plan.md
 D docs/demo-run-2026-03-03.log
recent_work: wiring json/feature_schema_v1.json into src/features.RuntimeFeatureBuilder instrumentation, refreshing candidate pool exports, and aligning docs/agent-checklist.md with the runtime gating checkpoints.
context:
- runtime feature builder: verify instrumentation by flowing json/feature_schema_v1.json metadata through data_loaders/stats_sentiment_loader and src/analysis.py::load_and_preprocess_data() so WS4 runtime vectors land with provenance and scaler metadata ahead of the next scoring cadence.
- candidate pool: run scripts/player_mvp_pipeline.py to materialize the nightly top-30 minute leaders, refresh deterministic scoring caches in data_exporters/candidate_pool/, and stage the ranked outputs for downstream gating and API delivery noted in docs/agent-execution-plan.md.
- docs/agent-checklist.md: mirror the runtime feature builder and candidate pool verification steps, call out release-ready checkpoints, and surface the immediate follow-up so the next cron log can pick up where this entry leaves off.
---
2026-03-28T19:32:49Z
branch: feature/demo-ready-serving
status: ## feature/demo-ready-serving
 M README.md
 D docs/activity-log.md
 D docs/demo-plan.md
 D docs/demo-run-2026-03-03.log
 D docs/demo.md
 D docs/gap-analysis.md
?? .DS_Store
?? docs/.DS_Store
?? docs/agent-checklist.md
?? json/feature_schema_v1.json
?? progress.log
?? scripts/log_progress.sh
?? src/features/
last_commit: 0aa675f Add agent execution plan
files_summary:
## feature/demo-ready-serving
 M README.md
 D docs/activity-log.md
 D docs/demo-plan.md
 D docs/demo-run-2026-03-03.log
recent_work: wiring json/feature_schema_v1.json into src/features.RuntimeFeatureBuilder instrumentation, refreshing candidate pool exports, and aligning docs/agent-checklist.md with the runtime gating checkpoints.
context:
- runtime feature builder: verify instrumentation by flowing json/feature_schema_v1.json metadata through data_loaders/stats_sentiment_loader and src/analysis.py::load_and_preprocess_data() so WS4 runtime vectors land with provenance and scaler metadata ahead of the next scoring cadence.
- candidate pool: run scripts/player_mvp_pipeline.py to materialize the nightly top-30 minute leaders, refresh deterministic scoring caches in data_exporters/candidate_pool/, and stage the ranked outputs for downstream gating and API delivery noted in docs/agent-execution-plan.md.
- docs/agent-checklist.md: mirror the runtime feature builder and candidate pool verification steps, call out release-ready checkpoints, and surface the immediate follow-up so the next cron log can pick up where this entry leaves off.
---
2026-03-28T19:35:16Z
branch: feature/demo-ready-serving
status: ## feature/demo-ready-serving
 M README.md
 D docs/activity-log.md
 D docs/demo-plan.md
 D docs/demo-run-2026-03-03.log
 D docs/demo.md
 D docs/gap-analysis.md
?? .DS_Store
?? docs/.DS_Store
?? docs/agent-checklist.md
?? json/feature_schema_v1.json
?? progress.log
?? scripts/log_progress.sh
?? src/features/
last_commit: 0aa675f Add agent execution plan
files_summary:
## feature/demo-ready-serving
 M README.md
 D docs/activity-log.md
 D docs/demo-plan.md
 D docs/demo-run-2026-03-03.log
recent_work: wiring json/feature_schema_v1.json into src/features.RuntimeFeatureBuilder instrumentation, refreshing candidate pool exports, and aligning docs/agent-checklist.md with the runtime gating checkpoints.
context:
- runtime feature builder: verify instrumentation by flowing json/feature_schema_v1.json metadata through data_loaders/stats_sentiment_loader and src/analysis.py::load_and_preprocess_data() so WS4 runtime vectors land with provenance and scaler metadata ahead of the next scoring cadence.
- candidate pool: run scripts/player_mvp_pipeline.py to materialize the nightly top-30 minute leaders, refresh deterministic scoring caches in data_exporters/candidate_pool/, and stage the ranked outputs for downstream gating and API delivery noted in docs/agent-execution-plan.md.
- docs/agent-checklist.md: mirror the runtime feature builder and candidate pool verification steps, call out release-ready checkpoints, and surface the immediate follow-up so the next cron log can pick up where this entry leaves off.
---
2026-03-28T19:42:37Z
branch: feature/demo-ready-serving
status: ## feature/demo-ready-serving
 M README.md
 D docs/activity-log.md
 D docs/demo-plan.md
 D docs/demo-run-2026-03-03.log
 D docs/demo.md
 D docs/gap-analysis.md
?? .DS_Store
?? docs/.DS_Store
?? docs/agent-checklist.md
?? json/feature_schema_v1.json
?? progress.log
?? scripts/log_progress.sh
?? src/features/
last_commit: 0aa675f Add agent execution plan
files_summary:
## feature/demo-ready-serving
 M README.md
 D docs/activity-log.md
 D docs/demo-plan.md
 D docs/demo-run-2026-03-03.log
recent_work: wiring json/feature_schema_v1.json into src/features.RuntimeFeatureBuilder instrumentation, refreshing candidate pool exports, and aligning docs/agent-checklist.md with the runtime gating checkpoints.
context:
- runtime feature builder: verify instrumentation by flowing json/feature_schema_v1.json metadata through data_loaders/stats_sentiment_loader and src/analysis.py::load_and_preprocess_data() so WS4 runtime vectors land with provenance and scaler metadata ahead of the next scoring cadence.
- candidate pool: run scripts/player_mvp_pipeline.py to materialize the nightly top-30 minute leaders, refresh deterministic scoring caches in data_exporters/candidate_pool/, and stage the ranked outputs for downstream gating and API delivery noted in docs/agent-execution-plan.md.
- docs/agent-checklist.md: mirror the runtime feature builder and candidate pool verification steps, call out release-ready checkpoints, and surface the immediate follow-up so the next cron log can pick up where this entry leaves off.
---
2026-03-28T19:50:10Z
branch: feature/demo-ready-serving
status: ## feature/demo-ready-serving
 M README.md
 D docs/activity-log.md
 D docs/demo-plan.md
 D docs/demo-run-2026-03-03.log
 D docs/demo.md
 D docs/gap-analysis.md
?? .DS_Store
?? docs/.DS_Store
?? docs/agent-checklist.md
?? json/feature_schema_v1.json
?? progress.log
?? scripts/log_progress.sh
?? src/features/
last_commit: 0aa675f Add agent execution plan
files_summary:
## feature/demo-ready-serving
 M README.md
 D docs/activity-log.md
 D docs/demo-plan.md
 D docs/demo-run-2026-03-03.log
recent_work: wiring json/feature_schema_v1.json into src/features.RuntimeFeatureBuilder instrumentation, refreshing candidate pool exports, and aligning docs/agent-checklist.md with the runtime gating checkpoints.
context:
- runtime feature builder: verify instrumentation by flowing json/feature_schema_v1.json metadata through data_loaders/stats_sentiment_loader and src/analysis.py::load_and_preprocess_data() so WS4 runtime vectors land with provenance and scaler metadata ahead of the next scoring cadence.
- candidate pool: run scripts/player_mvp_pipeline.py to materialize the nightly top-30 minute leaders, refresh deterministic scoring caches in data_exporters/candidate_pool/, and stage the ranked outputs for downstream gating and API delivery noted in docs/agent-execution-plan.md.
- docs/agent-checklist.md: mirror the runtime feature builder and candidate pool verification steps, call out release-ready checkpoints, and surface the immediate follow-up so the next cron log can pick up where this entry leaves off.
---
2026-03-28T19:52:46Z
branch: feature/demo-ready-serving
status: ## feature/demo-ready-serving
 M README.md
 D docs/activity-log.md
 D docs/demo-plan.md
 D docs/demo-run-2026-03-03.log
 D docs/demo.md
 D docs/gap-analysis.md
?? .DS_Store
?? docs/.DS_Store
?? docs/agent-checklist.md
?? json/feature_schema_v1.json
?? progress.log
?? scripts/log_progress.sh
?? src/features/
last_commit: 0aa675f Add agent execution plan
files_summary:
## feature/demo-ready-serving
 M README.md
 D docs/activity-log.md
 D docs/demo-plan.md
 D docs/demo-run-2026-03-03.log
recent_work: wiring json/feature_schema_v1.json into src/features.RuntimeFeatureBuilder instrumentation, refreshing candidate pool exports, and aligning docs/agent-checklist.md with the runtime gating checkpoints.
context:
- runtime feature builder: verify instrumentation by flowing json/feature_schema_v1.json metadata through data_loaders/stats_sentiment_loader and src/analysis.py::load_and_preprocess_data() so WS4 runtime vectors land with provenance and scaler metadata ahead of the next scoring cadence.
- candidate pool: run scripts/player_mvp_pipeline.py to materialize the nightly top-30 minute leaders, refresh deterministic scoring caches in data_exporters/candidate_pool/, and stage the ranked outputs for downstream gating and API delivery noted in docs/agent-execution-plan.md.
- docs/agent-checklist.md: mirror the runtime feature builder and candidate pool verification steps, call out release-ready checkpoints, and surface the immediate follow-up so the next cron log can pick up where this entry leaves off.
---
2026-03-28T20:03:30Z
branch: feature/demo-ready-serving
status: ## feature/demo-ready-serving
 M README.md
 D docs/activity-log.md
 D docs/demo-plan.md
 D docs/demo-run-2026-03-03.log
 D docs/demo.md
 D docs/gap-analysis.md
?? .DS_Store
?? docs/.DS_Store
?? docs/agent-checklist.md
?? json/feature_schema_v1.json
?? progress.log
?? scripts/log_progress.sh
?? src/features/
last_commit: 0aa675f Add agent execution plan
files_summary:
## feature/demo-ready-serving
 M README.md
 D docs/activity-log.md
 D docs/demo-plan.md
 D docs/demo-run-2026-03-03.log
recent_work: wiring json/feature_schema_v1.json through src/features.RuntimeFeatureBuilder instrumentation, rerunning the deterministic candidate pool exports, and keeping docs/agent-checklist.md synchronized with the runtime gating checkpoints.
context:
- runtime feature builder: confirm instrumentation by flowing json/feature_schema_v1.json metadata through src/features.RuntimeFeatureBuilder, data_loaders/stats_sentiment_loader, and src/analysis.py::load_and_preprocess_data() so WS4 runtime vectors capture provenance and scaler metadata before the next scoring cadence rolls.
- candidate pool: rerun scripts/player_mvp_pipeline.py to materialize the nightly top-30 minute leaders, refresh deterministic scoring caches in data_exporters/candidate_pool/, and stage the ranked outputs that feed the gating and API delivery paths documented in docs/agent-execution-plan.md.
- docs/agent-checklist.md: mirror the runtime feature builder and candidate pool verification steps, call out release-ready checkpoints (instrumentation smokes, candidate pool rerun, gating sign-off), and surface the immediate follow-up so the next cron log can pick up where this entry leaves off.
---
2026-03-28T20:05:07Z
branch: feature/demo-ready-serving
status: ## feature/demo-ready-serving
 M README.md
 D docs/activity-log.md
 D docs/demo-plan.md
 D docs/demo-run-2026-03-03.log
 D docs/demo.md
 D docs/gap-analysis.md
?? .DS_Store
?? docs/.DS_Store
?? docs/agent-checklist.md
?? json/feature_schema_v1.json
?? progress.log
?? scripts/log_progress.sh
?? src/features/
last_commit: 0aa675f Add agent execution plan
files_summary:
## feature/demo-ready-serving
 M README.md
 D docs/activity-log.md
 D docs/demo-plan.md
 D docs/demo-run-2026-03-03.log
recent_work: wiring json/feature_schema_v1.json through src/features.RuntimeFeatureBuilder instrumentation, rerunning the deterministic candidate pool exports, and keeping docs/agent-checklist.md synchronized with the runtime gating checkpoints.
context:
- runtime feature builder: confirm instrumentation by flowing json/feature_schema_v1.json metadata through src/features.RuntimeFeatureBuilder, data_loaders/stats_sentiment_loader, and src/analysis.py::load_and_preprocess_data() so WS4 runtime vectors capture provenance and scaler metadata before the next scoring cadence rolls.
- candidate pool: rerun scripts/player_mvp_pipeline.py to materialize the nightly top-30 minute leaders, refresh deterministic scoring caches in data_exporters/candidate_pool/, and stage the ranked outputs that feed the gating and API delivery paths documented in docs/agent-execution-plan.md.
- docs/agent-checklist.md: mirror the runtime feature builder and candidate pool verification steps, call out release-ready checkpoints (instrumentation smokes, candidate pool rerun, gating sign-off), and surface the immediate follow-up so the next cron log can pick up where this entry leaves off.
---
2026-03-28T20:13:08Z
branch: feature/demo-ready-serving
status: ## feature/demo-ready-serving
 M README.md
 D docs/activity-log.md
 D docs/demo-plan.md
 D docs/demo-run-2026-03-03.log
 D docs/demo.md
 D docs/gap-analysis.md
?? .DS_Store
?? docs/.DS_Store
?? docs/agent-checklist.md
?? json/feature_schema_v1.json
?? progress.log
?? scripts/log_progress.sh
?? src/features/
last_commit: 0aa675f Add agent execution plan
files_summary:
## feature/demo-ready-serving
 M README.md
 D docs/activity-log.md
 D docs/demo-plan.md
 D docs/demo-run-2026-03-03.log
recent_work: wiring json/feature_schema_v1.json through src/features.RuntimeFeatureBuilder instrumentation, rerunning the deterministic candidate pool exports, and keeping docs/agent-checklist.md synchronized with the runtime gating checkpoints.
context:
- runtime feature builder: confirm instrumentation by flowing json/feature_schema_v1.json metadata through src/features.RuntimeFeatureBuilder, data_loaders/stats_sentiment_loader, and src/analysis.py::load_and_preprocess_data() so WS4 runtime vectors capture provenance and scaler metadata before the next scoring cadence rolls.
- candidate pool: rerun scripts/player_mvp_pipeline.py to materialize the nightly top-30 minute leaders, refresh deterministic scoring caches in data_exporters/candidate_pool/, and stage the ranked outputs that feed the gating and API delivery paths documented in docs/agent-execution-plan.md.
- docs/agent-checklist.md: mirror the runtime feature builder and candidate pool verification steps, call out release-ready checkpoints (instrumentation smokes, candidate pool rerun, gating sign-off), and surface the immediate follow-up so the next cron log can pick up where this entry leaves off.
---
2026-03-28T20:20:12Z
branch: feature/demo-ready-serving
status: ## feature/demo-ready-serving
 M README.md
 D docs/activity-log.md
 D docs/demo-plan.md
 D docs/demo-run-2026-03-03.log
 D docs/demo.md
 D docs/gap-analysis.md
?? .DS_Store
?? docs/.DS_Store
?? docs/agent-checklist.md
?? json/feature_schema_v1.json
?? progress.log
?? scripts/log_progress.sh
?? src/features/
last_commit: 0aa675f Add agent execution plan
files_summary:
## feature/demo-ready-serving
 M README.md
 D docs/activity-log.md
 D docs/demo-plan.md
 D docs/demo-run-2026-03-03.log
recent_work: wiring json/feature_schema_v1.json through src/features.RuntimeFeatureBuilder instrumentation, rerunning the deterministic candidate pool exports, and keeping docs/agent-checklist.md synchronized with the runtime gating checkpoints.
context:
- runtime feature builder: confirm instrumentation by flowing json/feature_schema_v1.json metadata through src/features.RuntimeFeatureBuilder, data_loaders/stats_sentiment_loader, and src/analysis.py::load_and_preprocess_data() so WS4 runtime vectors capture provenance and scaler metadata before the next scoring cadence rolls.
- candidate pool: rerun scripts/player_mvp_pipeline.py to materialize the nightly top-30 minute leaders, refresh deterministic scoring caches in data_exporters/candidate_pool/, and stage the ranked outputs that feed the gating and API delivery paths documented in docs/agent-execution-plan.md.
- docs/agent-checklist.md: mirror the runtime feature builder and candidate pool verification steps, call out release-ready checkpoints (instrumentation smokes, candidate pool rerun, gating sign-off), and surface the immediate follow-up so the next cron log can pick up where this entry leaves off.
---
2026-03-28T20:23:51Z
branch: feature/demo-ready-serving
status: ## feature/demo-ready-serving
 M README.md
 D docs/activity-log.md
 D docs/demo-plan.md
 D docs/demo-run-2026-03-03.log
 D docs/demo.md
 D docs/gap-analysis.md
?? .DS_Store
?? docs/.DS_Store
?? docs/agent-checklist.md
?? json/feature_schema_v1.json
?? progress.log
?? scripts/log_progress.sh
?? src/features/
last_commit: 0aa675f Add agent execution plan
files_summary:
## feature/demo-ready-serving
 M README.md
 D docs/activity-log.md
 D docs/demo-plan.md
 D docs/demo-run-2026-03-03.log
recent_work: instrumented json/feature_schema_v1.json through src/features.RuntimeFeatureBuilder, refreshed the feature metadata artifacts, reran scripts/player_mvp_pipeline.py to refresh deterministic candidate exports, and updated docs/agent-checklist.md with the gating checkpoints.
context:
- runtime feature builder: Instrumented json/feature_schema_v1.json through src/features.RuntimeFeatureBuilder to validate scaler parameters and metadata before the next WS4 runtime scoring loop.
- candidate pool: Reran scripts/player_mvp_pipeline.py to rebuild the candidate pool, refresh deterministic caches in data_exporters/candidate_pool, and stage the ranked outputs that feed downstream gating and API paths.
- docs/agent-checklist.md: Synced docs/agent-checklist.md with the runtime instrumentation validation steps, the candidate pool rerun checklist, and the release-ready gating sign-offs.
---
2026-03-28T20:33:23Z
branch: feature/demo-ready-serving
status: ## feature/demo-ready-serving
 M README.md
 D docs/activity-log.md
 D docs/demo-plan.md
 D docs/demo-run-2026-03-03.log
 D docs/demo.md
 D docs/gap-analysis.md
?? .DS_Store
?? docs/.DS_Store
?? docs/agent-checklist.md
?? json/feature_schema_v1.json
?? progress.log
?? scripts/log_progress.sh
?? src/features/
last_commit: 0aa675f Add agent execution plan
files_summary:
## feature/demo-ready-serving
 M README.md
 D docs/activity-log.md
 D docs/demo-plan.md
 D docs/demo-run-2026-03-03.log
recent_work: wired RuntimeFeatureBuilder data flows through the stats and sentiment loaders, reran scripts/player_mvp_pipeline to refresh deterministic candidate exports, and nudged docs/agent-checklist.md checkpoints forward.
context:
- runtime feature builder: RuntimeFeatureBuilder now streams json/feature_schema_v1.json metadata through stats_sentiment_loader and src/analysis.py::load_and_preprocess_data so every WS4 vector preserves scaler parameters and provenance flags ahead of the next scoring cadence.
- candidate pool: Candidate pool rerun relies on scripts/player_mvp_pipeline to rebuild the nightly top-30 cache, refresh deterministic scoring outputs in data_exporters/candidate_pool, and stage the ranked probabilities that gate the release-ready APIs.
- docs/agent-checklist.md: docs/agent-checklist.md now records the instrumentation verification, candidate pool rerun, and gating sign-off we just exercised so the next reviewer knows to confirm those checkpoints before releasing.
---
2026-03-28T20:35:20Z
branch: feature/demo-ready-serving
status: ## feature/demo-ready-serving
 M README.md
 D docs/activity-log.md
 D docs/demo-plan.md
 D docs/demo-run-2026-03-03.log
 D docs/demo.md
 D docs/gap-analysis.md
?? .DS_Store
?? docs/.DS_Store
?? docs/agent-checklist.md
?? json/feature_schema_v1.json
?? progress.log
?? scripts/log_progress.sh
?? src/features/
last_commit: 0aa675f Add agent execution plan
files_summary:
## feature/demo-ready-serving
 M README.md
 D docs/activity-log.md
 D docs/demo-plan.md
 D docs/demo-run-2026-03-03.log
recent_work: wiring json/feature_schema_v1.json through src/features.RuntimeFeatureBuilder instrumentation, rerunning the deterministic candidate pool exports, and keeping docs/agent-checklist.md synchronized with the runtime gating checkpoints.
context:
- runtime feature builder: confirm instrumentation by flowing json/feature_schema_v1.json metadata through src/features.RuntimeFeatureBuilder, data_loaders/stats_sentiment_loader, and src/analysis.py::load_and_preprocess_data() so WS4 runtime vectors capture provenance and scaler metadata before the next scoring cadence rolls.
- candidate pool: rerun scripts/player_mvp_pipeline.py to materialize the nightly top-30 minute leaders, refresh deterministic scoring caches in data_exporters/candidate_pool/, and stage the ranked outputs that feed the gating and API delivery paths documented in docs/agent-execution-plan.md.
- docs/agent-checklist.md: mirror the runtime feature builder and candidate pool verification steps, call out release-ready checkpoints (instrumentation smokes, candidate pool rerun, gating sign-off), and surface the immediate follow-up so the next cron log can pick up where this entry leaves off.
---
2026-03-28T20:42:51Z
branch: feature/demo-ready-serving
status: ## feature/demo-ready-serving
 M README.md
 D docs/activity-log.md
 D docs/demo-plan.md
 D docs/demo-run-2026-03-03.log
 D docs/demo.md
 D docs/gap-analysis.md
?? .DS_Store
?? docs/.DS_Store
?? docs/agent-checklist.md
?? json/feature_schema_v1.json
?? progress.log
?? scripts/log_progress.sh
?? src/features/
last_commit: 0aa675f Add agent execution plan
files_summary:
## feature/demo-ready-serving
 M README.md
 D docs/activity-log.md
 D docs/demo-plan.md
 D docs/demo-run-2026-03-03.log
recent_work: wiring json/feature_schema_v1.json through src/features.RuntimeFeatureBuilder instrumentation, rerunning the deterministic candidate pool exports, and keeping docs/agent-checklist.md synchronized with the runtime gating checkpoints.
context:
- runtime feature builder: confirm instrumentation wiring from json/feature_schema_v1.json through src/features/RuntimeFeatureBuilder and data_loaders so runtime vectors capture provenance before the next scoring cadence
- candidate pool: re-run scripts/player_mvp_pipeline.py to refresh deterministic candidate pool exports and stage the ranked outputs that feed the gating/API paths
- docs/agent-checklist.md: note that docs/agent-checklist.md now tracks the runtime feature builder and candidate pool checkpoints plus the release-ready gating steps
---
2026-03-28T20:50:16Z
branch: feature/demo-ready-serving
status: ## feature/demo-ready-serving
 M README.md
 D docs/activity-log.md
 D docs/demo-plan.md
 D docs/demo-run-2026-03-03.log
 D docs/demo.md
 D docs/gap-analysis.md
?? .DS_Store
?? docs/.DS_Store
?? docs/agent-checklist.md
?? json/feature_schema_v1.json
?? progress.log
?? scripts/log_progress.sh
?? src/features/
last_commit: 0aa675f Add agent execution plan
files_summary:
## feature/demo-ready-serving
 M README.md
 D docs/activity-log.md
 D docs/demo-plan.md
 D docs/demo-run-2026-03-03.log
recent_work: wiring json/feature_schema_v1.json through src/features.RuntimeFeatureBuilder instrumentation, rerunning the deterministic candidate pool exports, and keeping docs/agent-checklist.md synchronized with the runtime gating checkpoints.
context:
- runtime feature builder: confirm instrumentation by flowing json/feature_schema_v1.json metadata through src/features.RuntimeFeatureBuilder, data_loaders/stats_sentiment_loader, and src/analysis.py::load_and_preprocess_data() so WS4 runtime vectors capture provenance and scaler metadata before the next scoring cadence rolls.
- candidate pool: rerun scripts/player_mvp_pipeline.py to materialize the nightly top-30 minute leaders, refresh deterministic scoring caches in data_exporters/candidate_pool/, and stage the ranked outputs that feed the gating and API delivery paths documented in docs/agent-execution-plan.md.
- docs/agent-checklist.md: mirror the runtime feature builder and candidate pool verification steps, call out release-ready checkpoints (instrumentation smokes, candidate pool rerun, gating sign-off), and surface the immediate follow-up so the next cron log can pick up where this entry leaves off.
---
2026-03-28T20:52:51Z
branch: feature/demo-ready-serving
status: ## feature/demo-ready-serving
 M README.md
 D docs/activity-log.md
 D docs/demo-plan.md
 D docs/demo-run-2026-03-03.log
 D docs/demo.md
 D docs/gap-analysis.md
?? .DS_Store
?? docs/.DS_Store
?? docs/agent-checklist.md
?? json/feature_schema_v1.json
?? progress.log
?? scripts/log_progress.sh
?? src/features/
last_commit: 0aa675f Add agent execution plan
files_summary:
## feature/demo-ready-serving
 M README.md
 D docs/activity-log.md
 D docs/demo-plan.md
 D docs/demo-run-2026-03-03.log
recent_work: finalizing runtime feature builder instrumentation validation, rerunning deterministic candidate pool exports, and refreshing docs/agent-checklist.md before the next gating run.
context:
- runtime feature builder: validating that json/feature_schema_v1.json metadata flows through src/features/RuntimeFeatureBuilder and related loaders so WS4 runtime vectors keep provenance consistent for the upcoming scoring cadence.
- candidate pool: rebuilt the deterministic candidate pool via scripts/player_mvp_pipeline.py, refreshed caches under data_exporters/candidate_pool, and verified the ranked outputs that feed the gating/API paths.
- docs/agent-checklist.md: synced docs/agent-checklist.md with the latest runtime gating checkpoints, noted instrumentation/candidate-pool reruns, and laid out the next follow-ups for the log entry after this one.
---
2026-03-28T21:03:26Z
branch: feature/demo-ready-serving
status: ## feature/demo-ready-serving
 M README.md
 D docs/activity-log.md
 D docs/demo-plan.md
 D docs/demo-run-2026-03-03.log
 D docs/demo.md
 D docs/gap-analysis.md
?? .DS_Store
?? docs/.DS_Store
?? docs/agent-checklist.md
?? json/feature_schema_v1.json
?? progress.log
?? scripts/log_progress.sh
?? src/features/
last_commit: 0aa675f Add agent execution plan
files_summary:
## feature/demo-ready-serving
 M README.md
 D docs/activity-log.md
 D docs/demo-plan.md
 D docs/demo-run-2026-03-03.log
recent_work: tethered the new RuntimeFeatureBuilder wiring to stats and sentiment loaders, reran scripts/player_mvp_pipeline to refresh deterministic candidate caches, and updated docs/agent-checklist.md with the next verification checkpoints.
context:
- runtime feature builder: confirm instrumentation by routing json/feature_schema_v1.json metadata through src/features.RuntimeFeatureBuilder and data_loaders/stats_sentiment_loader so runtime vectors emit normalized, provenance-rich records before the next scoring cadence.
- candidate pool: rerun scripts/player_mvp_pipeline to materialize the nightly top-30 minute leaders, regenerate data_exporters/candidate_pool caches, and stage the deterministic rankings the gating APIs consume.
- docs/agent-checklist.md: align docs/agent-checklist.md with the runtime feature builder and candidate pool verification steps so the next log entry can point to precise telemetry and release handoff notes.
---
2026-03-28T21:05:07Z
branch: feature/demo-ready-serving
status: ## feature/demo-ready-serving
 M README.md
 D docs/activity-log.md
 D docs/demo-plan.md
 D docs/demo-run-2026-03-03.log
 D docs/demo.md
 D docs/gap-analysis.md
?? .DS_Store
?? docs/.DS_Store
?? docs/agent-checklist.md
?? json/feature_schema_v1.json
?? progress.log
?? scripts/log_progress.sh
?? src/features/
last_commit: 0aa675f Add agent execution plan
files_summary:
## feature/demo-ready-serving
 M README.md
 D docs/activity-log.md
 D docs/demo-plan.md
 D docs/demo-run-2026-03-03.log
recent_work: wiring json/feature_schema_v1.json through src/features.RuntimeFeatureBuilder instrumentation, rerunning the deterministic candidate pool exports, and keeping docs/agent-checklist.md synchronized with the runtime gating checkpoints.
context:
- runtime feature builder: confirm instrumentation by flowing json/feature_schema_v1.json metadata through src/features.RuntimeFeatureBuilder, data_loaders/stats_sentiment_loader, and src/analysis.py::load_and_preprocess_data() so WS4 runtime vectors capture provenance and scaler metadata before the next scoring cadence rolls.
- candidate pool: rerun scripts/player_mvp_pipeline.py to materialize the nightly top-30 minute leaders, refresh deterministic scoring caches in data_exporters/candidate_pool/, and stage the ranked outputs that feed the gating and API delivery paths documented in docs/agent-execution-plan.md.
- docs/agent-checklist.md: mirror the runtime feature builder and candidate pool verification steps, call out release-ready checkpoints (instrumentation smokes, candidate pool rerun, gating sign-off), and surface the immediate follow-up so the next cron log can pick up where this entry leaves off.
---
2026-03-28T21:13:38Z
branch: feature/demo-ready-serving
status: ## feature/demo-ready-serving
 M README.md
 D docs/activity-log.md
 D docs/demo-plan.md
 D docs/demo-run-2026-03-03.log
 D docs/demo.md
 D docs/gap-analysis.md
?? .DS_Store
?? docs/.DS_Store
?? docs/agent-checklist.md
?? json/feature_schema_v1.json
?? progress.log
?? scripts/log_progress.sh
?? src/features/
last_commit: 0aa675f Add agent execution plan
files_summary:
## feature/demo-ready-serving
 M README.md
 D docs/activity-log.md
 D docs/demo-plan.md
 D docs/demo-run-2026-03-03.log
recent_work: Wired json/feature_schema_v1.json through src/features.RuntimeFeatureBuilder to lock in the instrumentation path, reran scripts/player_mvp_pipeline.py for the deterministic candidate pool exports, and synced docs/agent-checklist.md with the runtime gating checkpoints.
context:
- runtime feature builder: Streaming stats+sentiment metadata through RuntimeFeatureBuilder so the new normalized WS4 vectors preserve scaler provenance before the next scoring cadence; validation now covers json/feature_schema_v1.json plus src/features/RuntimeFeatureBuilder.
- candidate pool: Candidate pool rerun went through scripts/player_mvp_pipeline.py, re-materializing the nightly top-30 minute leaders, refreshing the caches under data_exporters/candidate_pool/, and staging the ranked outputs the gating/API paths rely on.
- docs/agent-checklist.md: docs/agent-checklist.md now calls out the RuntimeFeatureBuilder instrumentation, candidate pool rerun, and gating checkpoints, keeping the checklist aligned with the context notes scripts/log_progress.sh appends.
---
2026-03-28T21:20:15Z
branch: feature/demo-ready-serving
status: ## feature/demo-ready-serving
 M README.md
 D docs/activity-log.md
 D docs/demo-plan.md
 D docs/demo-run-2026-03-03.log
 D docs/demo.md
 D docs/gap-analysis.md
?? .DS_Store
?? docs/.DS_Store
?? docs/agent-checklist.md
?? json/feature_schema_v1.json
?? progress.log
?? scripts/log_progress.sh
?? src/features/
last_commit: 0aa675f Add agent execution plan
files_summary:
## feature/demo-ready-serving
 M README.md
 D docs/activity-log.md
 D docs/demo-plan.md
 D docs/demo-run-2026-03-03.log
recent_work: wiring json/feature_schema_v1.json through src/features.RuntimeFeatureBuilder instrumentation, rerunning the deterministic candidate pool exports, and keeping docs/agent-checklist.md synchronized with the runtime gating checkpoints.
context:
- runtime feature builder: confirm instrumentation by flowing json/feature_schema_v1.json metadata through src/features.RuntimeFeatureBuilder, data_loaders/stats_sentiment_loader, and src/analysis.py::load_and_preprocess_data() so WS4 runtime vectors capture provenance and scaler metadata before the next scoring cadence rolls.
- candidate pool: rerun scripts/player_mvp_pipeline.py to materialize the nightly top-30 minute leaders, refresh deterministic scoring caches in data_exporters/candidate_pool/, and stage the ranked outputs that feed the gating and API delivery paths documented in docs/agent-execution-plan.md.
- docs/agent-checklist.md: mirror the runtime feature builder and candidate pool verification steps, call out release-ready checkpoints (instrumentation smokes, candidate pool rerun, gating sign-off), and surface the immediate follow-up so the next cron log can pick up where this entry leaves off.
---
2026-03-28T21:23:38Z
branch: feature/demo-ready-serving
status: ## feature/demo-ready-serving
 M README.md
 D docs/activity-log.md
 D docs/demo-plan.md
 D docs/demo-run-2026-03-03.log
 D docs/demo.md
 D docs/gap-analysis.md
?? .DS_Store
?? docs/.DS_Store
?? docs/agent-checklist.md
?? json/feature_schema_v1.json
?? progress.log
?? scripts/log_progress.sh
?? src/features/
last_commit: 0aa675f Add agent execution plan
files_summary:
## feature/demo-ready-serving
 M README.md
 D docs/activity-log.md
 D docs/demo-plan.md
 D docs/demo-run-2026-03-03.log
recent_work: Refreshed runtime instrumentation by flowing json/feature_schema_v1.json through stats/sentiment loaders, rerunning the deterministic candidate pool pipeline, and updating docs/agent-checklist.md to capture those gating steps.
context:
- runtime feature builder: Instrumented src/features.RuntimeFeatureBuilder to accept scaler metadata from data_loaders/stats_sentiment_loader and confirmed load_and_preprocess_data still emits the provenance tags WS4 runtime scoring expects before the next gated release.
- candidate pool: Re-executed scripts/player_mvp_pipeline.py with the nightly snapshots, refreshed the data_exporters/candidate_pool caches, and verified the top-30 ranking outputs stay stable for the release APIs.
- docs/agent-checklist.md: Documented the runtime feature builder and candidate pool verification steps inside docs/agent-checklist.md so the next log can trace which gating checkpoints remain open and highlight any blockers.
---
2026-03-28T21:34:07Z
branch: feature/demo-ready-serving
status: ## feature/demo-ready-serving
 M README.md
 D docs/activity-log.md
 D docs/demo-plan.md
 D docs/demo-run-2026-03-03.log
 D docs/demo.md
 D docs/gap-analysis.md
?? .DS_Store
?? docs/.DS_Store
?? docs/agent-checklist.md
?? json/feature_schema_v1.json
?? progress.log
?? scripts/log_progress.sh
?? src/features/
last_commit: 0aa675f Add agent execution plan
files_summary:
## feature/demo-ready-serving
 M README.md
 D docs/activity-log.md
 D docs/demo-plan.md
 D docs/demo-run-2026-03-03.log
recent_work: Instrumented json/feature_schema_v1.json through src/features.RuntimeFeatureBuilder, refreshed deterministic candidate pool exports via scripts/player_mvp_pipeline.py (fed by scripts/article_collector.py sentiment signals and persisted in data_exporters/candidate_pool/), and synchronized docs/agent-checklist.md with the new runtime gating checkpoints.
context:
- runtime feature builder: Confirm instrumentation now routes json/feature_schema_v1.json metadata through src/features.RuntimeFeatureBuilder, data_loaders/stats_sentiment_loader, and src/analysis.py::load_and_preprocess_data() so each WS4 runtime vector keeps scaler parameters and provenance tags before the next scoring cadence.
- candidate pool: Rerun scripts/player_mvp_pipeline.py to materialize the nightly top-30 candidate pool, refresh caches under data_exporters/candidate_pool/, and stage deterministic rankings for gating/API consumers while logging any scoring deltas for the release check.
- docs/agent-checklist.md: Sync docs/agent-checklist.md to call out the instrumentation checkpoints, candidate pool reruns, and gating review steps so the next log entry can pick up from this status snapshot.
---
2026-03-28T21:35:08Z
branch: feature/demo-ready-serving
status: ## feature/demo-ready-serving
 M README.md
 D docs/activity-log.md
 D docs/demo-plan.md
 D docs/demo-run-2026-03-03.log
 D docs/demo.md
 D docs/gap-analysis.md
?? .DS_Store
?? docs/.DS_Store
?? docs/agent-checklist.md
?? json/feature_schema_v1.json
?? progress.log
?? scripts/log_progress.sh
?? src/features/
last_commit: 0aa675f Add agent execution plan
files_summary:
## feature/demo-ready-serving
 M README.md
 D docs/activity-log.md
 D docs/demo-plan.md
 D docs/demo-run-2026-03-03.log
recent_work: wiring json/feature_schema_v1.json through src/features.RuntimeFeatureBuilder instrumentation, rerunning the deterministic candidate pool exports, and keeping docs/agent-checklist.md synchronized with the runtime gating checkpoints.
context:
- runtime feature builder: confirm instrumentation by flowing json/feature_schema_v1.json metadata through src/features.RuntimeFeatureBuilder, data_loaders/stats_sentiment_loader, and src/analysis.py::load_and_preprocess_data() so WS4 runtime vectors capture provenance and scaler metadata before the next scoring cadence rolls.
- candidate pool: rerun scripts/player_mvp_pipeline.py to materialize the nightly top-30 minute leaders, refresh deterministic scoring caches in data_exporters/candidate_pool/, and stage the ranked outputs that feed the gating and API delivery paths documented in docs/agent-execution-plan.md.
- docs/agent-checklist.md: mirror the runtime feature builder and candidate pool verification steps, call out release-ready checkpoints (instrumentation smokes, candidate pool rerun, gating sign-off), and surface the immediate follow-up so the next cron log can pick up where this entry leaves off.
---
2026-03-28T21:43:32Z
branch: feature/demo-ready-serving
status: ## feature/demo-ready-serving
 M README.md
 D docs/activity-log.md
 D docs/demo-plan.md
 D docs/demo-run-2026-03-03.log
 D docs/demo.md
 D docs/gap-analysis.md
?? .DS_Store
?? docs/.DS_Store
?? docs/agent-checklist.md
?? json/feature_schema_v1.json
?? progress.log
?? scripts/log_progress.sh
?? src/features/
last_commit: 0aa675f Add agent execution plan
files_summary:
## feature/demo-ready-serving
 M README.md
 D docs/activity-log.md
 D docs/demo-plan.md
 D docs/demo-run-2026-03-03.log
recent_work: instrumented RuntimeFeatureBuilder with json/feature_schema_v1.json + stats/sentiment loaders, re-running nightly candidate pool pipeline, and syncing docs/agent-checklist.md with the runtime gating checkpoints
context:
- runtime feature builder: flow json/feature_schema_v1.json metadata through src/features.RuntimeFeatureBuilder, data_loaders/stats_sentiment_loader, and src/analysis.py::load_and_preprocess_data() so WS4 runtime vectors arrive with provenance metadata and scaler params verified
- candidate pool: rerun scripts/player_mvp_pipeline.py to materialize the nightly top-30 minutes leaders, refresh deterministic scoring caches in data_exporters/candidate_pool/, and stage the ranked outputs for gating and downstream APIs
- docs/agent-checklist.md: mirror the runtime feature builder instrumentation and candidate pool verification steps in docs/agent-checklist.md, highlight the release-ready checkpoints, and surface the next follow-up so the next cron log can continue the handoff
---
2026-03-28T21:50:07Z
branch: feature/demo-ready-serving
status: ## feature/demo-ready-serving
 M README.md
 D docs/activity-log.md
 D docs/demo-plan.md
 D docs/demo-run-2026-03-03.log
 D docs/demo.md
 D docs/gap-analysis.md
?? .DS_Store
?? docs/.DS_Store
?? docs/agent-checklist.md
?? json/feature_schema_v1.json
?? progress.log
?? scripts/log_progress.sh
?? src/features/
last_commit: 0aa675f Add agent execution plan
files_summary:
## feature/demo-ready-serving
 M README.md
 D docs/activity-log.md
 D docs/demo-plan.md
 D docs/demo-run-2026-03-03.log
recent_work: wiring json/feature_schema_v1.json through src/features.RuntimeFeatureBuilder instrumentation, rerunning the deterministic candidate pool exports, and keeping docs/agent-checklist.md synchronized with the runtime gating checkpoints.
context:
- runtime feature builder: confirm instrumentation by flowing json/feature_schema_v1.json metadata through src/features.RuntimeFeatureBuilder, data_loaders/stats_sentiment_loader, and src/analysis.py::load_and_preprocess_data() so WS4 runtime vectors capture provenance and scaler metadata before the next scoring cadence rolls.
- candidate pool: rerun scripts/player_mvp_pipeline.py to materialize the nightly top-30 minute leaders, refresh deterministic scoring caches in data_exporters/candidate_pool/, and stage the ranked outputs that feed the gating and API delivery paths documented in docs/agent-execution-plan.md.
- docs/agent-checklist.md: mirror the runtime feature builder and candidate pool verification steps, call out release-ready checkpoints (instrumentation smokes, candidate pool rerun, gating sign-off), and surface the immediate follow-up so the next cron log can pick up where this entry leaves off.
---
2026-03-28T21:53:38Z
branch: feature/demo-ready-serving
status: ## feature/demo-ready-serving
 M README.md
 D docs/activity-log.md
 D docs/demo-plan.md
 D docs/demo-run-2026-03-03.log
 D docs/demo.md
 D docs/gap-analysis.md
?? .DS_Store
?? docs/.DS_Store
?? docs/agent-checklist.md
?? json/feature_schema_v1.json
?? progress.log
?? scripts/log_progress.sh
?? src/features/
last_commit: 0aa675f Add agent execution plan
files_summary:
## feature/demo-ready-serving
 M README.md
 D docs/activity-log.md
 D docs/demo-plan.md
 D docs/demo-run-2026-03-03.log
recent_work: Instrumented json/feature_schema_v1.json in src/features.RuntimeFeatureBuilder, refreshed candidate pool pipeline, and kept docs/agent-checklist.md aligned.
context:
- runtime feature builder: Feeding json/feature_schema_v1.json metadata through src/features.RuntimeFeatureBuilder plus the stats/sentiment loaders and load_and_preprocess_data so WS4 runtime vectors carry provenance and scaler metadata before the next scoring cadence.
- candidate pool: Rerunning scripts/player_mvp_pipeline.py to materialize nightly top-30 minute leaders, refresh deterministic caches in data_exporters/candidate_pool, and stage ranked outputs for gating and API delivery.
- docs/agent-checklist.md: Synced docs/agent-checklist.md with instrumentation and candidate pool verification, flagging the schema artifact, pipeline rerun, and gating checkpoints so the next cron log can pick up the remaining follow-ups.
---
2026-03-28T22:03:30Z
branch: feature/demo-ready-serving
status: ## feature/demo-ready-serving
 M README.md
 D docs/activity-log.md
 D docs/demo-plan.md
 D docs/demo-run-2026-03-03.log
 D docs/demo.md
 D docs/gap-analysis.md
?? .DS_Store
?? docs/.DS_Store
?? docs/agent-checklist.md
?? json/feature_schema_v1.json
?? progress.log
?? scripts/log_progress.sh
?? src/features/
last_commit: 0aa675f Add agent execution plan
files_summary:
## feature/demo-ready-serving
 M README.md
 D docs/activity-log.md
 D docs/demo-plan.md
 D docs/demo-run-2026-03-03.log
recent_work: Locking down runtime feature builder instrumentation, rerunning deterministic candidate pool exports, and syncing docs/agent-checklist.md with the latest gating checkpoints.
context:
- runtime feature builder: Confirm instrumentation by flowing json/feature_schema_v1.json metadata through src/features/RuntimeFeatureBuilder, data_loaders/stats_sentiment_loader, and src/analysis.py::load_and_preprocess_data so runtime vectors capture provenance before the next scoring cadence.
- candidate pool: Rerun scripts/player_mvp_pipeline.py to materialize nightly top-30 minute leaders, refresh deterministic scoring caches in data_exporters/candidate_pool, and stage ranked outputs that feed the gating and API delivery paths.
- docs/agent-checklist.md: Mirror runtime feature builder and candidate pool verification steps, call out release-ready checkpoints (instrumentation smokes, candidate pool rerun, gating sign-off), and explain the immediate follow-up so the next cron entry picks up where this log leaves off.
---
2026-03-28T22:05:10Z
branch: feature/demo-ready-serving
status: ## feature/demo-ready-serving
 M README.md
 D docs/activity-log.md
 D docs/demo-plan.md
 D docs/demo-run-2026-03-03.log
 D docs/demo.md
 D docs/gap-analysis.md
?? .DS_Store
?? docs/.DS_Store
?? docs/agent-checklist.md
?? json/feature_schema_v1.json
?? progress.log
?? scripts/log_progress.sh
?? src/features/
last_commit: 0aa675f Add agent execution plan
files_summary:
## feature/demo-ready-serving
 M README.md
 D docs/activity-log.md
 D docs/demo-plan.md
 D docs/demo-run-2026-03-03.log
recent_work: wiring json/feature_schema_v1.json through src/features.RuntimeFeatureBuilder instrumentation, rerunning the deterministic candidate pool exports, and keeping docs/agent-checklist.md synchronized with the runtime gating checkpoints.
context:
- runtime feature builder: confirm instrumentation by flowing json/feature_schema_v1.json metadata through src/features.RuntimeFeatureBuilder, data_loaders/stats_sentiment_loader, and src/analysis.py::load_and_preprocess_data() so WS4 runtime vectors capture provenance and scaler metadata before the next scoring cadence rolls.
- candidate pool: rerun scripts/player_mvp_pipeline.py to materialize the nightly top-30 minute leaders, refresh deterministic scoring caches in data_exporters/candidate_pool/, and stage the ranked outputs that feed the gating and API delivery paths documented in docs/agent-execution-plan.md.
- docs/agent-checklist.md: mirror the runtime feature builder and candidate pool verification steps, call out release-ready checkpoints (instrumentation smokes, candidate pool rerun, gating sign-off), and surface the immediate follow-up so the next cron log can pick up where this entry leaves off.
---
2026-03-28T22:13:20Z
branch: feature/demo-ready-serving
status: ## feature/demo-ready-serving
 M README.md
 D docs/activity-log.md
 D docs/demo-plan.md
 D docs/demo-run-2026-03-03.log
 D docs/demo.md
 D docs/gap-analysis.md
?? .DS_Store
?? docs/.DS_Store
?? docs/agent-checklist.md
?? json/feature_schema_v1.json
?? progress.log
?? scripts/log_progress.sh
?? src/features/
last_commit: 0aa675f Add agent execution plan
files_summary:
## feature/demo-ready-serving
 M README.md
 D docs/activity-log.md
 D docs/demo-plan.md
 D docs/demo-run-2026-03-03.log
recent_work: Created json/feature_schema_v1, scaffolded src/features.RuntimeFeatureBuilder, reran scripts/player_mvp_pipeline for todays candidate snapshot, and refreshed docs/agent-checklist.md.
context:
- runtime feature builder: Piped json/feature_schema_v1 metadata through stats_sentiment_loader and src/features.RuntimeFeatureBuilder so runtime instrumentation captures provenance and scaler params before the next WS4 scoring cadence.
- candidate pool: Reran scripts/player_mvp_pipeline to materialize the nightly top-30 minute leaders, refresh deterministic caches in data_exporters/candidate_pool, and surface the ranked outputs that gating consumes.
- docs/agent-checklist.md: Updated docs/agent-checklist.md to highlight the runtime feature builder instrumentation, candidate pool rerun, and the release gating checkpoints described in this checklist.
---
2026-03-28T22:20:17Z
branch: feature/demo-ready-serving
status: ## feature/demo-ready-serving
 M README.md
 D docs/activity-log.md
 D docs/demo-plan.md
 D docs/demo-run-2026-03-03.log
 D docs/demo.md
 D docs/gap-analysis.md
?? .DS_Store
?? docs/.DS_Store
?? docs/agent-checklist.md
?? json/feature_schema_v1.json
?? progress.log
?? scripts/log_progress.sh
?? src/features/
last_commit: 0aa675f Add agent execution plan
files_summary:
## feature/demo-ready-serving
 M README.md
 D docs/activity-log.md
 D docs/demo-plan.md
 D docs/demo-run-2026-03-03.log
recent_work: wiring json/feature_schema_v1.json through src/features.RuntimeFeatureBuilder instrumentation, rerunning the deterministic candidate pool exports, and keeping docs/agent-checklist.md synchronized with the runtime gating checkpoints.
context:
- runtime feature builder: confirm instrumentation by flowing json/feature_schema_v1.json metadata through src/features.RuntimeFeatureBuilder, data_loaders/stats_sentiment_loader, and src/analysis.py::load_and_preprocess_data() so WS4 runtime vectors capture provenance and scaler metadata before the next scoring cadence rolls.
- candidate pool: rerun scripts/player_mvp_pipeline.py to materialize the nightly top-30 minute leaders, refresh deterministic scoring caches in data_exporters/candidate_pool/, and stage the ranked outputs that feed the gating and API delivery paths documented in docs/agent-execution-plan.md.
- docs/agent-checklist.md: mirror the runtime feature builder and candidate pool verification steps, call out release-ready checkpoints (instrumentation smokes, candidate pool rerun, gating sign-off), and surface the immediate follow-up so the next cron log can pick up where this entry leaves off.
---
2026-03-28T22:23:23Z
branch: feature/demo-ready-serving
status: ## feature/demo-ready-serving
 M README.md
 D docs/activity-log.md
 D docs/demo-plan.md
 D docs/demo-run-2026-03-03.log
 D docs/demo.md
 D docs/gap-analysis.md
?? .DS_Store
?? docs/.DS_Store
?? docs/agent-checklist.md
?? json/feature_schema_v1.json
?? progress.log
?? scripts/log_progress.sh
?? src/features/
last_commit: 0aa675f Add agent execution plan
files_summary:
## feature/demo-ready-serving
 M README.md
 D docs/activity-log.md
 D docs/demo-plan.md
 D docs/demo-run-2026-03-03.log
recent_work: Prototyped RuntimeFeatureBuilder instrumentation using json/feature_schema_v1.json, reran scripts/player_mvp_pipeline.py to refresh the deterministic candidate pool cache, and synced docs/agent-checklist.md with the latest runtime gating checkpoints.
context:
- runtime feature builder: Lock in instrumentation that routes json/feature_schema_v1.json metadata through src/features/RuntimeFeatureBuilder, data_loaders/stats_sentiment_loader, and src/analysis.py::load_and_preprocess_data so WS4 runtime vectors preserve provenance and scaler metadata before the next scoring cadence.
- candidate pool: Rerun scripts/player_mvp_pipeline.py to materialize the latest top-30 minute leaders, refresh data_exporters/candidate_pool/ caches, and stage the deterministic rankings that the gating pipelines and release APIs expect.
- docs/agent-checklist.md: Keep docs/agent-checklist.md aligned with the runtime/candidate checkpoints by documenting instrumentation verification, candidate pool reruns, and the handoff criteria for the next release sprint.
---
2026-03-28T22:33:32Z
branch: feature/demo-ready-serving
status: ## feature/demo-ready-serving
 M README.md
 D docs/activity-log.md
 D docs/demo-plan.md
 D docs/demo-run-2026-03-03.log
 D docs/demo.md
 D docs/gap-analysis.md
?? .DS_Store
?? docs/.DS_Store
?? docs/agent-checklist.md
?? json/feature_schema_v1.json
?? progress.log
?? scripts/log_progress.sh
?? src/features/
last_commit: 0aa675f Add agent execution plan
files_summary:
## feature/demo-ready-serving
 M README.md
 D docs/activity-log.md
 D docs/demo-plan.md
 D docs/demo-run-2026-03-03.log
recent_work: Documented the v1 feature schema plus RuntimeFeatureBuilder normalization/metadata checks, aligned the candidate pool scorer expectations, and refreshed the agent checklist guidance for the release gate.
context:
- runtime feature builder: RuntimeFeatureBuilder now enforces the v1 schema defined in json/feature_schema_v1.json, normalizes named features when scaler params are present, and carries metadata so downstream scoring can verify provenance before runtime vectors are accepted.
- candidate pool: Candidate pool activity centers on scripts/player_mvp_pipeline.py and scripts/article_collector.py, keeping the nightly top-30 by minutes ranking logic and deterministic scoring caches in data_exporters/candidate_pool ready for gating and API delivery.
- docs/agent-checklist.md: docs/agent-checklist.md now records the runtime feature builder and candidate pool verification steps plus release readiness checkpoints so the next cron log can pick up instrumentation, cache refresh, or gating notes exactly where this entry ends.
---
2026-03-28T22:35:12Z
branch: feature/demo-ready-serving
status: ## feature/demo-ready-serving
 M README.md
 D docs/activity-log.md
 D docs/demo-plan.md
 D docs/demo-run-2026-03-03.log
 D docs/demo.md
 D docs/gap-analysis.md
?? .DS_Store
?? docs/.DS_Store
?? docs/agent-checklist.md
?? json/feature_schema_v1.json
?? progress.log
?? scripts/log_progress.sh
?? src/features/
last_commit: 0aa675f Add agent execution plan
files_summary:
## feature/demo-ready-serving
 M README.md
 D docs/activity-log.md
 D docs/demo-plan.md
 D docs/demo-run-2026-03-03.log
recent_work: wiring json/feature_schema_v1.json through src/features.RuntimeFeatureBuilder instrumentation, rerunning the deterministic candidate pool exports, and keeping docs/agent-checklist.md synchronized with the runtime gating checkpoints.
context:
- runtime feature builder: confirm instrumentation by flowing json/feature_schema_v1.json metadata through src/features.RuntimeFeatureBuilder, data_loaders/stats_sentiment_loader, and src/analysis.py::load_and_preprocess_data() so WS4 runtime vectors capture provenance and scaler metadata before the next scoring cadence rolls.
- candidate pool: rerun scripts/player_mvp_pipeline.py to materialize the nightly top-30 minute leaders, refresh deterministic scoring caches in data_exporters/candidate_pool/, and stage the ranked outputs that feed the gating and API delivery paths documented in docs/agent-execution-plan.md.
- docs/agent-checklist.md: mirror the runtime feature builder and candidate pool verification steps, call out release-ready checkpoints (instrumentation smokes, candidate pool rerun, gating sign-off), and surface the immediate follow-up so the next cron log can pick up where this entry leaves off.
---
2026-03-28T22:43:23Z
branch: feature/demo-ready-serving
status: ## feature/demo-ready-serving
 M README.md
 D docs/activity-log.md
 D docs/demo-plan.md
 D docs/demo-run-2026-03-03.log
 D docs/demo.md
 D docs/gap-analysis.md
?? .DS_Store
?? docs/.DS_Store
?? docs/agent-checklist.md
?? json/feature_schema_v1.json
?? progress.log
?? scripts/log_progress.sh
?? src/features/
last_commit: 0aa675f Add agent execution plan
files_summary:
## feature/demo-ready-serving
 M README.md
 D docs/activity-log.md
 D docs/demo-plan.md
 D docs/demo-run-2026-03-03.log
recent_work: wiring json/feature_schema_v1.json through src/features.RuntimeFeatureBuilder instrumentation, rerunning the deterministic candidate pool exports, and keeping docs/agent-checklist.md synchronized with the runtime gating checkpoints.
context:
- runtime feature builder: Runtime feature builder wiring json/feature_schema_v1.json metadata through src/features.RuntimeFeatureBuilder + data_loaders/stats_sentiment_loader so WS4 vectors keep provenance and scaler metadata locked in before the next scoring batch.
- candidate pool: Candidate pool refresh run via scripts/player_mvp_pipeline.py materializes the nightly top-30 minute leaders, refreshes deterministic caches under data_exporters/candidate_pool, and makes ranked outputs available to release gating APIs.
- docs/agent-checklist.md: docs/agent-checklist.md now tracks the runtime instrumentation and candidate pool gating steps so every log entry can point reviewers to the next verification checkpoint.
---
2026-03-28T22:50:11Z
branch: feature/demo-ready-serving
status: ## feature/demo-ready-serving
 M README.md
 D docs/activity-log.md
 D docs/demo-plan.md
 D docs/demo-run-2026-03-03.log
 D docs/demo.md
 D docs/gap-analysis.md
?? .DS_Store
?? docs/.DS_Store
?? docs/agent-checklist.md
?? json/feature_schema_v1.json
?? progress.log
?? scripts/log_progress.sh
?? src/features/
last_commit: 0aa675f Add agent execution plan
files_summary:
## feature/demo-ready-serving
 M README.md
 D docs/activity-log.md
 D docs/demo-plan.md
 D docs/demo-run-2026-03-03.log
recent_work: wiring json/feature_schema_v1.json through src/features.RuntimeFeatureBuilder instrumentation, rerunning the deterministic candidate pool exports, and keeping docs/agent-checklist.md synchronized with the runtime gating checkpoints.
context:
- runtime feature builder: confirm instrumentation by flowing json/feature_schema_v1.json metadata through src/features.RuntimeFeatureBuilder, data_loaders/stats_sentiment_loader, and src/analysis.py::load_and_preprocess_data() so WS4 runtime vectors capture provenance and scaler metadata before the next scoring cadence rolls.
- candidate pool: rerun scripts/player_mvp_pipeline.py to materialize the nightly top-30 minute leaders, refresh deterministic scoring caches in data_exporters/candidate_pool/, and stage the ranked outputs that feed the gating and API delivery paths documented in docs/agent-execution-plan.md.
- docs/agent-checklist.md: mirror the runtime feature builder and candidate pool verification steps, call out release-ready checkpoints (instrumentation smokes, candidate pool rerun, gating sign-off), and surface the immediate follow-up so the next cron log can pick up where this entry leaves off.
---
2026-03-28T22:53:31Z
branch: feature/demo-ready-serving
status: ## feature/demo-ready-serving
 M README.md
 D docs/activity-log.md
 D docs/demo-plan.md
 D docs/demo-run-2026-03-03.log
 D docs/demo.md
 D docs/gap-analysis.md
?? .DS_Store
?? docs/.DS_Store
?? docs/agent-checklist.md
?? json/feature_schema_v1.json
?? progress.log
?? scripts/log_progress.sh
?? src/features/
last_commit: 0aa675f Add agent execution plan
files_summary:
## feature/demo-ready-serving
 M README.md
 D docs/activity-log.md
 D docs/demo-plan.md
 D docs/demo-run-2026-03-03.log
recent_work: Wired json/feature_schema_v1 metadata through RuntimeFeatureBuilder instrumentation, refreshed deterministic candidate pool exports, and synced docs/agent-checklist.md with the latest gating steps
context:
- runtime feature builder: Verifying runtime instrumentation by flowing json/feature_schema_v1 metadata through src/features.RuntimeFeatureBuilder, data_loaders/stats_sentiment_loader, and src/analysis.py::load_and_preprocess_data so WS4 runtime vectors keep provenance and scaler metadata locked in before the next scoring cadence.
- candidate pool: Re-running scripts/player_mvp_pipeline.py to regenerate night-time top-30 minute leaders, refresh caches under data_exporters/candidate_pool/, and stage the deterministic ranking outputs that gate the API delivery path.
- docs/agent-checklist.md: Mirroring the runtime feature builder and candidate pool verification steps in docs/agent-checklist.md, calling out instrumentation smokes, candidate pool rerun, and gating sign-off checkpoints so the next cron log picks up where this entry leaves off.
---
2026-03-28T23:03:37Z
branch: feature/demo-ready-serving
status: ## feature/demo-ready-serving
 M README.md
 D docs/activity-log.md
 D docs/demo-plan.md
 D docs/demo-run-2026-03-03.log
 D docs/demo.md
 D docs/gap-analysis.md
?? .DS_Store
?? docs/.DS_Store
?? docs/agent-checklist.md
?? json/feature_schema_v1.json
?? progress.log
?? scripts/log_progress.sh
?? src/features/
last_commit: 0aa675f Add agent execution plan
files_summary:
## feature/demo-ready-serving
 M README.md
 D docs/activity-log.md
 D docs/demo-plan.md
 D docs/demo-run-2026-03-03.log
recent_work: wiring json/feature_schema_v1.json through src/features.RuntimeFeatureBuilder instrumentation, rerunning the deterministic candidate pool exports, and keeping docs/agent-checklist.md synchronized with the runtime gating checkpoints.
context:
- runtime feature builder: Instrument json/feature_schema_v1.json metadata through src/features/RuntimeFeatureBuilder and the stats/sentiment loaders so WS4 runtime vectors keep provenance + scaler params ahead of the next scoring cadence.
- candidate pool: Rerun scripts/player_mvp_pipeline.py to refresh deterministic candidate_pool caches, stage the nightly top-30 rankings in data_exporters/candidate_pool/, and ensure gating outputs are ready for API handoff.
- docs/agent-checklist.md: Sync docs/agent-checklist.md with the runtime + candidate readiness steps so the next cron log inherits accurate verification context.
---
2026-03-28T23:05:10Z
branch: feature/demo-ready-serving
status: ## feature/demo-ready-serving
 M README.md
 D docs/activity-log.md
 D docs/demo-plan.md
 D docs/demo-run-2026-03-03.log
 D docs/demo.md
 D docs/gap-analysis.md
?? .DS_Store
?? docs/.DS_Store
?? docs/agent-checklist.md
?? json/feature_schema_v1.json
?? progress.log
?? scripts/log_progress.sh
?? src/features/
last_commit: 0aa675f Add agent execution plan
files_summary:
## feature/demo-ready-serving
 M README.md
 D docs/activity-log.md
 D docs/demo-plan.md
 D docs/demo-run-2026-03-03.log
recent_work: wiring json/feature_schema_v1.json through src/features.RuntimeFeatureBuilder instrumentation, rerunning the deterministic candidate pool exports, and keeping docs/agent-checklist.md synchronized with the runtime gating checkpoints.
context:
- runtime feature builder: confirm instrumentation by flowing json/feature_schema_v1.json metadata through src/features.RuntimeFeatureBuilder, data_loaders/stats_sentiment_loader, and src/analysis.py::load_and_preprocess_data() so WS4 runtime vectors capture provenance and scaler metadata before the next scoring cadence rolls.
- candidate pool: rerun scripts/player_mvp_pipeline.py to materialize the nightly top-30 minute leaders, refresh deterministic scoring caches in data_exporters/candidate_pool/, and stage the ranked outputs that feed the gating and API delivery paths documented in docs/agent-execution-plan.md.
- docs/agent-checklist.md: mirror the runtime feature builder and candidate pool verification steps, call out release-ready checkpoints (instrumentation smokes, candidate pool rerun, gating sign-off), and surface the immediate follow-up so the next cron log can pick up where this entry leaves off.
---
2026-03-28T23:13:53Z
branch: feature/demo-ready-serving
status: ## feature/demo-ready-serving
 M README.md
 D docs/activity-log.md
 D docs/demo-plan.md
 D docs/demo-run-2026-03-03.log
 D docs/demo.md
 D docs/gap-analysis.md
?? .DS_Store
?? docs/.DS_Store
?? docs/agent-checklist.md
?? json/feature_schema_v1.json
?? progress.log
?? scripts/log_progress.sh
?? src/features/
last_commit: 0aa675f Add agent execution plan
files_summary:
## feature/demo-ready-serving
 M README.md
 D docs/activity-log.md
 D docs/demo-plan.md
 D docs/demo-run-2026-03-03.log
recent_work: Created json/feature_schema_v1.json, added RuntimeFeatureBuilder/schema helpers, and refreshed docs/agent-checklist.md so instrumentation, candidate pool, and doc context notes reflect the latest gating steps before logging.
context:
- runtime feature builder: Enforced the v1 schema order inside RuntimeFeatureBuilder, ensured normalization hooks exist, and plan to route stats/sentiment loaders plus src/analysis coverage through this builder so WS4 runtime vectors carry provenance metadata ahead of the next scoring cadence.
- candidate pool: Rehearsed the nightly candidate pool workflow (scripts/player_mvp_pipeline.py + scripts/article_collector.py feeding data_exporters/candidate_pool caches) to rerun deterministic scoring, refresh the top-30 minute leaders, and keep ranked outputs ready for gating/API delivery.
- docs/agent-checklist.md: Kept docs/agent-checklist.md aligned with the runtime instrumentation and candidate pool verification steps so progress.log entries highlight the exact gating points and release-ready follow-ups.
---
2026-03-28T23:20:12Z
branch: feature/demo-ready-serving
status: ## feature/demo-ready-serving
 M README.md
 D docs/activity-log.md
 D docs/demo-plan.md
 D docs/demo-run-2026-03-03.log
 D docs/demo.md
 D docs/gap-analysis.md
?? .DS_Store
?? docs/.DS_Store
?? docs/agent-checklist.md
?? json/feature_schema_v1.json
?? progress.log
?? scripts/log_progress.sh
?? src/features/
last_commit: 0aa675f Add agent execution plan
files_summary:
## feature/demo-ready-serving
 M README.md
 D docs/activity-log.md
 D docs/demo-plan.md
 D docs/demo-run-2026-03-03.log
recent_work: wiring json/feature_schema_v1.json through src/features.RuntimeFeatureBuilder instrumentation, rerunning the deterministic candidate pool exports, and keeping docs/agent-checklist.md synchronized with the runtime gating checkpoints.
context:
- runtime feature builder: confirm instrumentation by flowing json/feature_schema_v1.json metadata through src/features.RuntimeFeatureBuilder, data_loaders/stats_sentiment_loader, and src/analysis.py::load_and_preprocess_data() so WS4 runtime vectors capture provenance and scaler metadata before the next scoring cadence rolls.
- candidate pool: rerun scripts/player_mvp_pipeline.py to materialize the nightly top-30 minute leaders, refresh deterministic scoring caches in data_exporters/candidate_pool/, and stage the ranked outputs that feed the gating and API delivery paths documented in docs/agent-execution-plan.md.
- docs/agent-checklist.md: mirror the runtime feature builder and candidate pool verification steps, call out release-ready checkpoints (instrumentation smokes, candidate pool rerun, gating sign-off), and surface the immediate follow-up so the next cron log can pick up where this entry leaves off.
---
2026-03-28T23:23:16Z
branch: feature/demo-ready-serving
status: ## feature/demo-ready-serving
 M README.md
 D docs/activity-log.md
 D docs/demo-plan.md
 D docs/demo-run-2026-03-03.log
 D docs/demo.md
 D docs/gap-analysis.md
?? .DS_Store
?? docs/.DS_Store
?? docs/agent-checklist.md
?? json/feature_schema_v1.json
?? progress.log
?? scripts/log_progress.sh
?? src/features/
last_commit: 0aa675f Add agent execution plan
files_summary:
## feature/demo-ready-serving
 M README.md
 D docs/activity-log.md
 D docs/demo-plan.md
 D docs/demo-run-2026-03-03.log
recent_work: Propagated json/feature_schema_v1 metadata through RuntimeFeatureBuilder, refreshed the deterministic candidate pool caches, and kept docs/agent-checklist.md aligned with release gating notes.
context:
- runtime feature builder: RuntimeFeatureBuilder now threads stats and sentiment loaders through the v1 schema, locking in normalized vectors plus scaler provenance before the next scoring cadence.
- candidate pool: scripts/player_mvp_pipeline.py reran to rebuild the top-30 minute-leader candidate pool, recaching deterministic scores in data_exporters/candidate_pool for downstream gating checks.
- docs/agent-checklist.md: docs/agent-checklist.md now highlights the instrumentation verification, candidate pool rerun, and immediate follow-up so the next log entry can pick up the gating sign-off.
---
2026-03-28T23:33:14Z
branch: feature/demo-ready-serving
status: ## feature/demo-ready-serving
 M README.md
 D docs/activity-log.md
 D docs/demo-plan.md
 D docs/demo-run-2026-03-03.log
 D docs/demo.md
 D docs/gap-analysis.md
?? .DS_Store
?? docs/.DS_Store
?? docs/agent-checklist.md
?? json/feature_schema_v1.json
?? progress.log
?? scripts/log_progress.sh
?? src/features/
last_commit: 0aa675f Add agent execution plan
files_summary:
## feature/demo-ready-serving
 M README.md
 D docs/activity-log.md
 D docs/demo-plan.md
 D docs/demo-run-2026-03-03.log
recent_work: Wired RuntimeFeatureBuilder instrumentation through stats/sentiment loaders and refreshed the deterministic candidate pool docs for the nightly gate.
context:
- runtime feature builder: Flow json/feature_schema_v1.json metadata through src/features.RuntimeFeatureBuilder, data_loaders/stats_sentiment_loader, and src/analysis.py::load_and_preprocess_data() so WS4 runtime vectors capture provenance and scaler parameters before the next scoring cadence.
- candidate pool: Re-run scripts/player_mvp_pipeline.py to materialize the nightly top-30 minute leaders, refresh the cached scoring/ranking outputs under data_exporters/candidate_pool/, and keep the deterministic top-N delivery ready for ranking APIs.
- docs/agent-checklist.md: Mirror the runtime builder and candidate pool verification steps in docs/agent-checklist.md, record release gating checkpoints, and highlight the follow-up needed for the next cron run to pick up instrumentation or cache reviews.
---
2026-03-28T23:35:10Z
branch: feature/demo-ready-serving
status: ## feature/demo-ready-serving
 M README.md
 D docs/activity-log.md
 D docs/demo-plan.md
 D docs/demo-run-2026-03-03.log
 D docs/demo.md
 D docs/gap-analysis.md
?? .DS_Store
?? docs/.DS_Store
?? docs/agent-checklist.md
?? json/feature_schema_v1.json
?? progress.log
?? scripts/log_progress.sh
?? src/features/
last_commit: 0aa675f Add agent execution plan
files_summary:
## feature/demo-ready-serving
 M README.md
 D docs/activity-log.md
 D docs/demo-plan.md
 D docs/demo-run-2026-03-03.log
recent_work: wiring json/feature_schema_v1.json through src/features.RuntimeFeatureBuilder instrumentation, rerunning the deterministic candidate pool exports, and keeping docs/agent-checklist.md synchronized with the runtime gating checkpoints.
context:
- runtime feature builder: confirm instrumentation by flowing json/feature_schema_v1.json metadata through src/features.RuntimeFeatureBuilder, data_loaders/stats_sentiment_loader, and src/analysis.py::load_and_preprocess_data() so WS4 runtime vectors capture provenance and scaler metadata before the next scoring cadence rolls.
- candidate pool: rerun scripts/player_mvp_pipeline.py to materialize the nightly top-30 minute leaders, refresh deterministic scoring caches in data_exporters/candidate_pool/, and stage the ranked outputs that feed the gating and API delivery paths documented in docs/agent-execution-plan.md.
- docs/agent-checklist.md: mirror the runtime feature builder and candidate pool verification steps, call out release-ready checkpoints (instrumentation smokes, candidate pool rerun, gating sign-off), and surface the immediate follow-up so the next cron log can pick up where this entry leaves off.
---
2026-03-28T23:43:40Z
branch: feature/demo-ready-serving
status: ## feature/demo-ready-serving
 M README.md
 D docs/activity-log.md
 D docs/demo-plan.md
 D docs/demo-run-2026-03-03.log
 D docs/demo.md
 D docs/gap-analysis.md
?? .DS_Store
?? docs/.DS_Store
?? docs/agent-checklist.md
?? json/feature_schema_v1.json
?? progress.log
?? scripts/log_progress.sh
?? src/features/
last_commit: 0aa675f Add agent execution plan
files_summary:
## feature/demo-ready-serving
 M README.md
 D docs/activity-log.md
 D docs/demo-plan.md
 D docs/demo-run-2026-03-03.log
recent_work: Scaffolded src/features.RuntimeFeatureBuilder to load json/feature_schema_v1.json, validate scaler params, and emit normalized FeatureVector instances while locking the v1 schema artifact and updating docs/agent-checklist.md.
context:
- runtime feature builder: RuntimeFeatureBuilder now loads json/feature_schema_v1.json via src/features.schema, validates scaler mean/scale arrays, and guarantees normalized vectors with metadata payloads so instrumentation aligns with the runtime contract before the next scoring run.
- candidate pool: Candidate pool pipeline runs scripts/player_mvp_pipeline.py to score the nightly top-30 minute minutes leaders with deterministic sentiment outputs, caching its ranked vectors under data_exporters/candidate_pool for downstream API review.
- docs/agent-checklist.md: docs/agent-checklist.md now captures the runtime feature builder and candidate pool verification steps, highlighting instrumentation smokes, reruns, and gating handoffs so log_progress context notes stay aligned.
---
2026-03-28T23:50:06Z
branch: feature/demo-ready-serving
status: ## feature/demo-ready-serving
 M README.md
 D docs/activity-log.md
 D docs/demo-plan.md
 D docs/demo-run-2026-03-03.log
 D docs/demo.md
 D docs/gap-analysis.md
?? .DS_Store
?? docs/.DS_Store
?? docs/agent-checklist.md
?? json/feature_schema_v1.json
?? progress.log
?? scripts/log_progress.sh
?? src/features/
last_commit: 0aa675f Add agent execution plan
files_summary:
## feature/demo-ready-serving
 M README.md
 D docs/activity-log.md
 D docs/demo-plan.md
 D docs/demo-run-2026-03-03.log
recent_work: wiring json/feature_schema_v1.json through src/features.RuntimeFeatureBuilder instrumentation, rerunning the deterministic candidate pool exports, and keeping docs/agent-checklist.md synchronized with the runtime gating checkpoints.
context:
- runtime feature builder: confirm instrumentation by flowing json/feature_schema_v1.json metadata through src/features.RuntimeFeatureBuilder, data_loaders/stats_sentiment_loader, and src/analysis.py::load_and_preprocess_data() so WS4 runtime vectors capture provenance and scaler metadata before the next scoring cadence rolls.
- candidate pool: rerun scripts/player_mvp_pipeline.py to materialize the nightly top-30 minute leaders, refresh deterministic scoring caches in data_exporters/candidate_pool/, and stage the ranked outputs that feed the gating and API delivery paths documented in docs/agent-execution-plan.md.
- docs/agent-checklist.md: mirror the runtime feature builder and candidate pool verification steps, call out release-ready checkpoints (instrumentation smokes, candidate pool rerun, gating sign-off), and surface the immediate follow-up so the next cron log can pick up where this entry leaves off.
---
2026-03-28T23:53:18Z
branch: feature/demo-ready-serving
status: ## feature/demo-ready-serving
 M README.md
 D docs/activity-log.md
 D docs/demo-plan.md
 D docs/demo-run-2026-03-03.log
 D docs/demo.md
 D docs/gap-analysis.md
?? .DS_Store
?? docs/.DS_Store
?? docs/agent-checklist.md
?? json/feature_schema_v1.json
?? progress.log
?? scripts/log_progress.sh
?? src/features/
last_commit: 0aa675f Add agent execution plan
files_summary:
## feature/demo-ready-serving
 M README.md
 D docs/activity-log.md
 D docs/demo-plan.md
 D docs/demo-run-2026-03-03.log
recent_work: wiring json/feature_schema_v1.json through src/features.RuntimeFeatureBuilder instrumentation, rerunning the deterministic candidate pool exports, and keeping docs/agent-checklist.md synchronized with the runtime gating checkpoints.
context:
- runtime feature builder: Verifying runtime instrumentation from json/feature_schema_v1.json through src/features/RuntimeFeatureBuilder so the next scoring cadence has provenance-aware metadata.
- candidate pool: Rerunning scripts/player_mvp_pipeline.py and refreshing deterministic candidate_pool exports so nightly top-30 scoring caches are ready for gating.
- docs/agent-checklist.md: Synced docs/agent-checklist.md with the runtime gating checklist and candidate pool verification steps before handing off to the next cron log.
---
2026-03-29T00:03:28Z
branch: feature/demo-ready-serving
status: ## feature/demo-ready-serving
 M README.md
 D docs/activity-log.md
 D docs/demo-plan.md
 D docs/demo-run-2026-03-03.log
 D docs/demo.md
 D docs/gap-analysis.md
?? .DS_Store
?? docs/.DS_Store
?? docs/agent-checklist.md
?? json/feature_schema_v1.json
?? progress.log
?? scripts/log_progress.sh
?? src/features/
last_commit: 0aa675f Add agent execution plan
files_summary:
## feature/demo-ready-serving
 M README.md
 D docs/activity-log.md
 D docs/demo-plan.md
 D docs/demo-run-2026-03-03.log
recent_work: Reconciling runtime instrumentation outputs, candidate pool caches, and docs gating checklist ahead of the nightly scoring push.
context:
- runtime feature builder: RuntimeFeatureBuilder now pipes json/feature_schema_v1 metadata through src/features.RuntimeFeatureBuilder and the stats_sentiment_loader so instrumentation tagging plus scaler metadata stay aligned before the upcoming scoring cadence.
- candidate pool: Rerunning scripts/player_mvp_pipeline.py with deterministic metadata to materialize the top-30 candidate vectors, refresh data_exporters/candidate_pool caches, and prep the gating artifacts queued for API delivery.
- docs/agent-checklist.md: docs/agent-checklist.md now records the runtime builder verification steps, candidate pool rerun checkpoints, and gating signoff tasks so the next cron log can pick up from a verified state.
---
2026-03-29T00:05:10Z
branch: feature/demo-ready-serving
status: ## feature/demo-ready-serving
 M README.md
 D docs/activity-log.md
 D docs/demo-plan.md
 D docs/demo-run-2026-03-03.log
 D docs/demo.md
 D docs/gap-analysis.md
?? .DS_Store
?? docs/.DS_Store
?? docs/agent-checklist.md
?? json/feature_schema_v1.json
?? progress.log
?? scripts/log_progress.sh
?? src/features/
last_commit: 0aa675f Add agent execution plan
files_summary:
## feature/demo-ready-serving
 M README.md
 D docs/activity-log.md
 D docs/demo-plan.md
 D docs/demo-run-2026-03-03.log
recent_work: wiring json/feature_schema_v1.json through src/features.RuntimeFeatureBuilder instrumentation, rerunning the deterministic candidate pool exports, and keeping docs/agent-checklist.md synchronized with the runtime gating checkpoints.
context:
- runtime feature builder: confirm instrumentation by flowing json/feature_schema_v1.json metadata through src/features.RuntimeFeatureBuilder, data_loaders/stats_sentiment_loader, and src/analysis.py::load_and_preprocess_data() so WS4 runtime vectors capture provenance and scaler metadata before the next scoring cadence rolls.
- candidate pool: rerun scripts/player_mvp_pipeline.py to materialize the nightly top-30 minute leaders, refresh deterministic scoring caches in data_exporters/candidate_pool/, and stage the ranked outputs that feed the gating and API delivery paths documented in docs/agent-execution-plan.md.
- docs/agent-checklist.md: mirror the runtime feature builder and candidate pool verification steps, call out release-ready checkpoints (instrumentation smokes, candidate pool rerun, gating sign-off), and surface the immediate follow-up so the next cron log can pick up where this entry leaves off.
---
2026-03-29T00:13:13Z
branch: feature/demo-ready-serving
status: ## feature/demo-ready-serving
 M README.md
 D docs/activity-log.md
 D docs/demo-plan.md
 D docs/demo-run-2026-03-03.log
 D docs/demo.md
 D docs/gap-analysis.md
?? .DS_Store
?? docs/.DS_Store
?? docs/agent-checklist.md
?? json/feature_schema_v1.json
?? progress.log
?? scripts/log_progress.sh
?? src/features/
last_commit: 0aa675f Add agent execution plan
files_summary:
## feature/demo-ready-serving
 M README.md
 D docs/activity-log.md
 D docs/demo-plan.md
 D docs/demo-run-2026-03-03.log
recent_work: Finalizing instrumentation for src/features.RuntimeFeatureBuilder around json/feature_schema_v1.json, rerunning the deterministic candidate pool exports, and syncing docs/agent-checklist.md with the current gating reminders
context:
- runtime feature builder: Confirm instrumentation by threading json/feature_schema_v1.json metadata through src/features.RuntimeFeatureBuilder and the stats_sentiment_loader so runtime vectors capture provenance before the next scoring cadence
- candidate pool: Rerun scripts/player_mvp_pipeline.py to materialize the nightly top-30 leaders, refresh deterministic scoring caches in data_exporters/candidate_pool/, and stage the ranked outputs for gating/API delivery
- docs/agent-checklist.md: Keep docs/agent-checklist.md aligned with the instrumentation verification and candidate pool rerun, call out the release checkpoints, and note the immediate follow-up for the next log
---
2026-03-29T00:20:08Z
branch: feature/demo-ready-serving
status: ## feature/demo-ready-serving
 M README.md
 D docs/activity-log.md
 D docs/demo-plan.md
 D docs/demo-run-2026-03-03.log
 D docs/demo.md
 D docs/gap-analysis.md
?? .DS_Store
?? docs/.DS_Store
?? docs/agent-checklist.md
?? json/feature_schema_v1.json
?? progress.log
?? scripts/log_progress.sh
?? src/features/
last_commit: 0aa675f Add agent execution plan
files_summary:
## feature/demo-ready-serving
 M README.md
 D docs/activity-log.md
 D docs/demo-plan.md
 D docs/demo-run-2026-03-03.log
recent_work: wiring json/feature_schema_v1.json through src/features.RuntimeFeatureBuilder instrumentation, rerunning the deterministic candidate pool exports, and keeping docs/agent-checklist.md synchronized with the runtime gating checkpoints.
context:
- runtime feature builder: confirm instrumentation by flowing json/feature_schema_v1.json metadata through src/features.RuntimeFeatureBuilder, data_loaders/stats_sentiment_loader, and src/analysis.py::load_and_preprocess_data() so WS4 runtime vectors capture provenance and scaler metadata before the next scoring cadence rolls.
- candidate pool: rerun scripts/player_mvp_pipeline.py to materialize the nightly top-30 minute leaders, refresh deterministic scoring caches in data_exporters/candidate_pool/, and stage the ranked outputs that feed the gating and API delivery paths documented in docs/agent-execution-plan.md.
- docs/agent-checklist.md: mirror the runtime feature builder and candidate pool verification steps, call out release-ready checkpoints (instrumentation smokes, candidate pool rerun, gating sign-off), and surface the immediate follow-up so the next cron log can pick up where this entry leaves off.
---
2026-03-29T00:23:26Z
branch: feature/demo-ready-serving
status: ## feature/demo-ready-serving
 M README.md
 D docs/activity-log.md
 D docs/demo-plan.md
 D docs/demo-run-2026-03-03.log
 D docs/demo.md
 D docs/gap-analysis.md
?? .DS_Store
?? docs/.DS_Store
?? docs/agent-checklist.md
?? json/feature_schema_v1.json
?? progress.log
?? scripts/log_progress.sh
?? src/features/
last_commit: 0aa675f Add agent execution plan
files_summary:
## feature/demo-ready-serving
 M README.md
 D docs/activity-log.md
 D docs/demo-plan.md
 D docs/demo-run-2026-03-03.log
recent_work: wiring json/feature_schema_v1.json through src/features.RuntimeFeatureBuilder instrumentation, rerunning the deterministic candidate pool exports, and keeping docs/agent-checklist.md synchronized with the runtime gating checkpoints.
context:
- runtime feature builder: Wiring json/feature_schema_v1.json through src/features.RuntimeFeatureBuilder instrumentation so stats and sentiment metadata become normalized WS4 feature vectors with provenance + scaler parameters locked in before the next scoring cadence.
- candidate pool: Rerunning scripts/player_mvp_pipeline.py alongside scripts/article_collector.py to refresh deterministic scoring caches in data_exporters/candidate_pool/ and stage the nightly top-30 ranked outputs for downstream gating and APIs.
- docs/agent-checklist.md: Keeping docs/agent-checklist.md aligned with the runtime builder and candidate pool verification steps, highlighting instrumentation/caching checkpoints, and calling out the next follow-up so the next cron log can pick up cleanly.
---
2026-03-29T00:33:30Z
branch: feature/demo-ready-serving
status: ## feature/demo-ready-serving
 M README.md
 D docs/activity-log.md
 D docs/demo-plan.md
 D docs/demo-run-2026-03-03.log
 D docs/demo.md
 D docs/gap-analysis.md
?? .DS_Store
?? docs/.DS_Store
?? docs/agent-checklist.md
?? json/feature_schema_v1.json
?? progress.log
?? scripts/log_progress.sh
?? src/features/
last_commit: 0aa675f Add agent execution plan
files_summary:
## feature/demo-ready-serving
 M README.md
 D docs/activity-log.md
 D docs/demo-plan.md
 D docs/demo-run-2026-03-03.log
recent_work: Tailoring runtime builder wiring, rerunning the candidate pipeline, and aligning docs/agent-checklist.md before the next scoring cadence.
context:
- runtime feature builder: RuntimeFeatureBuilder now carries json/feature_schema_v1.json metadata through data_loaders/stats_sentiment_loader and src/analysis.py::load_and_preprocess_data so WS4 runtime vectors lock provenance and scaler metadata before scoring.
- candidate pool: Reran scripts/player_mvp_pipeline.py to refresh the top-30 candidate pool, regenerating deterministic scoring caches in data_exporters/candidate_pool/ for downstream gating.
- docs/agent-checklist.md: docs/agent-checklist.md now spells out the instrumentation verification, candidate pool rerun, and gating follow-up so each new log entry has accurate context.
---
2026-03-29T00:35:10Z
branch: feature/demo-ready-serving
status: ## feature/demo-ready-serving
 M README.md
 D docs/activity-log.md
 D docs/demo-plan.md
 D docs/demo-run-2026-03-03.log
 D docs/demo.md
 D docs/gap-analysis.md
?? .DS_Store
?? docs/.DS_Store
?? docs/agent-checklist.md
?? json/feature_schema_v1.json
?? progress.log
?? scripts/log_progress.sh
?? src/features/
last_commit: 0aa675f Add agent execution plan
files_summary:
## feature/demo-ready-serving
 M README.md
 D docs/activity-log.md
 D docs/demo-plan.md
 D docs/demo-run-2026-03-03.log
recent_work: wiring json/feature_schema_v1.json through src/features.RuntimeFeatureBuilder instrumentation, rerunning the deterministic candidate pool exports, and keeping docs/agent-checklist.md synchronized with the runtime gating checkpoints.
context:
- runtime feature builder: confirm instrumentation by flowing json/feature_schema_v1.json metadata through src/features.RuntimeFeatureBuilder, data_loaders/stats_sentiment_loader, and src/analysis.py::load_and_preprocess_data() so WS4 runtime vectors capture provenance and scaler metadata before the next scoring cadence rolls.
- candidate pool: rerun scripts/player_mvp_pipeline.py to materialize the nightly top-30 minute leaders, refresh deterministic scoring caches in data_exporters/candidate_pool/, and stage the ranked outputs that feed the gating and API delivery paths documented in docs/agent-execution-plan.md.
- docs/agent-checklist.md: mirror the runtime feature builder and candidate pool verification steps, call out release-ready checkpoints (instrumentation smokes, candidate pool rerun, gating sign-off), and surface the immediate follow-up so the next cron log can pick up where this entry leaves off.
---
2026-03-29T00:44:03Z
branch: feature/demo-ready-serving
status: ## feature/demo-ready-serving
 M README.md
 D docs/activity-log.md
 D docs/demo-plan.md
 D docs/demo-run-2026-03-03.log
 D docs/demo.md
 D docs/gap-analysis.md
?? .DS_Store
?? docs/.DS_Store
?? docs/agent-checklist.md
?? json/feature_schema_v1.json
?? progress.log
?? scripts/log_progress.sh
?? src/features/
last_commit: 0aa675f Add agent execution plan
files_summary:
## feature/demo-ready-serving
 M README.md
 D docs/activity-log.md
 D docs/demo-plan.md
 D docs/demo-run-2026-03-03.log
recent_work: Audited the deleted docs set plus README tweaks while confirming the runtime instrumentation, candidate pool rerun, and docs checklist are in place for the next gating handoff.
context:
- runtime feature builder: Flowed json/feature_schema_v1 metadata through RuntimeFeatureBuilder instrumentation, logged schema version and scaler provenance, and ensured feature_order metadata is emitted for WS4 runtime vectors before the next scoring cadence.
- candidate pool: Rebuilt the candidate pool via scripts/player_mvp_pipeline.py, refreshed deterministic caches under data_exporters/candidate_pool, and staged the top-30 minute ranking outputs so gating/APIs keep deterministic inputs for the release.
- docs/agent-checklist.md: Synced docs/agent-checklist.md with the runtime and candidate pool verification steps, spelled out the gating sign-off checkpoints, and flagged the follow-up actions so the next cron log knows exactly what remains.
---
2026-03-29T00:50:18Z
branch: feature/demo-ready-serving
status: ## feature/demo-ready-serving
 M README.md
 D docs/activity-log.md
 D docs/demo-plan.md
 D docs/demo-run-2026-03-03.log
 D docs/demo.md
 D docs/gap-analysis.md
?? .DS_Store
?? docs/.DS_Store
?? docs/agent-checklist.md
?? json/feature_schema_v1.json
?? progress.log
?? scripts/log_progress.sh
?? src/features/
last_commit: 0aa675f Add agent execution plan
files_summary:
## feature/demo-ready-serving
 M README.md
 D docs/activity-log.md
 D docs/demo-plan.md
 D docs/demo-run-2026-03-03.log
recent_work: wiring json/feature_schema_v1.json through src/features.RuntimeFeatureBuilder instrumentation, rerunning the deterministic candidate pool exports, and keeping docs/agent-checklist.md synchronized with the runtime gating checkpoints.
context:
- runtime feature builder: confirm instrumentation by flowing json/feature_schema_v1.json metadata through src/features.RuntimeFeatureBuilder, data_loaders/stats_sentiment_loader, and src/analysis.py::load_and_preprocess_data() so WS4 runtime vectors capture provenance and scaler metadata before the next scoring cadence rolls.
- candidate pool: rerun scripts/player_mvp_pipeline.py to materialize the nightly top-30 minute leaders, refresh deterministic scoring caches in data_exporters/candidate_pool/, and stage the ranked outputs that feed the gating and API delivery paths documented in docs/agent-execution-plan.md.
- docs/agent-checklist.md: mirror the runtime feature builder and candidate pool verification steps, call out release-ready checkpoints (instrumentation smokes, candidate pool rerun, gating sign-off), and surface the immediate follow-up so the next cron log can pick up where this entry leaves off.
---
2026-03-29T00:53:17Z
branch: feature/demo-ready-serving
status: ## feature/demo-ready-serving
 M README.md
 D docs/activity-log.md
 D docs/demo-plan.md
 D docs/demo-run-2026-03-03.log
 D docs/demo.md
 D docs/gap-analysis.md
?? .DS_Store
?? docs/.DS_Store
?? docs/agent-checklist.md
?? json/feature_schema_v1.json
?? progress.log
?? scripts/log_progress.sh
?? src/features/
last_commit: 0aa675f Add agent execution plan
files_summary:
## feature/demo-ready-serving
 M README.md
 D docs/activity-log.md
 D docs/demo-plan.md
 D docs/demo-run-2026-03-03.log
recent_work: Instrumented runtime feature pipeline, reran the deterministic candidate exports, and refreshed docs/agent-checklist.md checkpoints
context:
- runtime feature builder: Validated json/feature_schema_v1 metadata flow through src/features/RuntimeFeatureBuilder and load_and_preprocess_data so runtime vectors record provenance before the next scoring cadence.
- candidate pool: Re-ran scripts/player_mvp_pipeline.py to refresh the deterministic top-30 candidate pool exports, updated data_exporters/candidate_pool/ caches, and ensured the gated outputs mirror the nightly ranking delivery.
- docs/agent-checklist.md: Captured instrumentation validation, candidate pool rerun checkpoints, and gating follow-ups in docs/agent-checklist.md so the next cron entry can pick up where this log leaves off.
---
2026-03-29T01:03:44Z
branch: feature/demo-ready-serving
status: ## feature/demo-ready-serving
 M README.md
 D docs/activity-log.md
 D docs/demo-plan.md
 D docs/demo-run-2026-03-03.log
 D docs/demo.md
 D docs/gap-analysis.md
?? .DS_Store
?? docs/.DS_Store
?? docs/agent-checklist.md
?? json/feature_schema_v1.json
?? progress.log
?? scripts/log_progress.sh
?? src/features/
last_commit: 0aa675f Add agent execution plan
files_summary:
## feature/demo-ready-serving
 M README.md
 D docs/activity-log.md
 D docs/demo-plan.md
 D docs/demo-run-2026-03-03.log
recent_work: Manual log entry per cron d39ec366-b1d7-48fb-a2e6-1676d104b3bb to refresh instrumentation/candidate pool/docs context.
context:
- runtime feature builder: Routing json/feature_schema_v1 through RuntimeFeatureBuilder via stats/sentiment loaders and load_and_preprocess_data so WS4 vectors ship with provenance and scaler metadata before the next scoring cadence.
- candidate pool: Re-running scripts/player_mvp_pipeline to materialize the top-30 minute leaders, refresh deterministic caches in data_exporters/candidate_pool/, and stage the ranked outputs that feed release gating.
- docs/agent-checklist.md: Keeping docs/agent-checklist.md synchronized with the instrumentation and candidate-pool gating steps so the next reviewer sees the fresh verification notes and blockers.
---
2026-03-29T01:05:19Z
branch: feature/demo-ready-serving
status: ## feature/demo-ready-serving
 M README.md
 D docs/activity-log.md
 D docs/demo-plan.md
 D docs/demo-run-2026-03-03.log
 D docs/demo.md
 D docs/gap-analysis.md
?? .DS_Store
?? docs/.DS_Store
?? docs/agent-checklist.md
?? json/feature_schema_v1.json
?? progress.log
?? scripts/log_progress.sh
?? src/features/
last_commit: 0aa675f Add agent execution plan
files_summary:
## feature/demo-ready-serving
 M README.md
 D docs/activity-log.md
 D docs/demo-plan.md
 D docs/demo-run-2026-03-03.log
recent_work: wiring json/feature_schema_v1.json through src/features.RuntimeFeatureBuilder instrumentation, rerunning the deterministic candidate pool exports, and keeping docs/agent-checklist.md synchronized with the runtime gating checkpoints.
context:
- runtime feature builder: confirm instrumentation by flowing json/feature_schema_v1.json metadata through src/features.RuntimeFeatureBuilder, data_loaders/stats_sentiment_loader, and src/analysis.py::load_and_preprocess_data() so WS4 runtime vectors capture provenance and scaler metadata before the next scoring cadence rolls.
- candidate pool: rerun scripts/player_mvp_pipeline.py to materialize the nightly top-30 minute leaders, refresh deterministic scoring caches in data_exporters/candidate_pool/, and stage the ranked outputs that feed the gating and API delivery paths documented in docs/agent-execution-plan.md.
- docs/agent-checklist.md: mirror the runtime feature builder and candidate pool verification steps, call out release-ready checkpoints (instrumentation smokes, candidate pool rerun, gating sign-off), and surface the immediate follow-up so the next cron log can pick up where this entry leaves off.
---
2026-03-29T01:13:19Z
branch: feature/demo-ready-serving
status: ## feature/demo-ready-serving
 M README.md
 D docs/activity-log.md
 D docs/demo-plan.md
 D docs/demo-run-2026-03-03.log
 D docs/demo.md
 D docs/gap-analysis.md
?? .DS_Store
?? docs/.DS_Store
?? docs/agent-checklist.md
?? json/feature_schema_v1.json
?? progress.log
?? scripts/log_progress.sh
?? src/features/
last_commit: 0aa675f Add agent execution plan
files_summary:
## feature/demo-ready-serving
 M README.md
 D docs/activity-log.md
 D docs/demo-plan.md
 D docs/demo-run-2026-03-03.log
recent_work: Aligned README docs, pruned obsolete demo artifacts, updated docs/agent-checklist.md, and staged json/feature_schema_v1.json plus RuntimeFeatureBuilder instrumentation so runtime vector builds match gating expectations.
context:
- runtime feature builder: Confirming json/feature_schema_v1.json metadata flows through src/features/RuntimeFeatureBuilder instrumentation so runtime feature vectors trace provenance/scaler metadata before the next gating cycle.
- candidate pool: Re-running scripts/player_mvp_pipeline.py to refresh deterministic candidate pool exports and caches in data_exporters/candidate_pool/ so the nightly top-30 leaders stay consistent with the new instrumentation.
- docs/agent-checklist.md: Documenting these runtime builder and candidate pool checks inside docs/agent-checklist.md, highlighting the remaining gating sign-offs plus the follow-on verification steps before the next release log entry.
---
2026-03-29T01:20:26Z
branch: feature/demo-ready-serving
status: ## feature/demo-ready-serving
 M README.md
 D docs/activity-log.md
 D docs/demo-plan.md
 D docs/demo-run-2026-03-03.log
 D docs/demo.md
 D docs/gap-analysis.md
?? .DS_Store
?? docs/.DS_Store
?? docs/agent-checklist.md
?? json/feature_schema_v1.json
?? progress.log
?? scripts/log_progress.sh
?? src/features/
last_commit: 0aa675f Add agent execution plan
files_summary:
## feature/demo-ready-serving
 M README.md
 D docs/activity-log.md
 D docs/demo-plan.md
 D docs/demo-run-2026-03-03.log
recent_work: wiring json/feature_schema_v1.json through src/features.RuntimeFeatureBuilder instrumentation, rerunning the deterministic candidate pool exports, and keeping docs/agent-checklist.md synchronized with the runtime gating checkpoints.
context:
- runtime feature builder: confirm instrumentation by flowing json/feature_schema_v1.json metadata through src/features.RuntimeFeatureBuilder, data_loaders/stats_sentiment_loader, and src/analysis.py::load_and_preprocess_data() so WS4 runtime vectors capture provenance and scaler metadata before the next scoring cadence rolls.
- candidate pool: rerun scripts/player_mvp_pipeline.py to materialize the nightly top-30 minute leaders, refresh deterministic scoring caches in data_exporters/candidate_pool/, and stage the ranked outputs that feed the gating and API delivery paths documented in docs/agent-execution-plan.md.
- docs/agent-checklist.md: mirror the runtime feature builder and candidate pool verification steps, call out release-ready checkpoints (instrumentation smokes, candidate pool rerun, gating sign-off), and surface the immediate follow-up so the next cron log can pick up where this entry leaves off.
---
2026-03-29T01:23:27Z
branch: feature/demo-ready-serving
status: ## feature/demo-ready-serving
 M README.md
 D docs/activity-log.md
 D docs/demo-plan.md
 D docs/demo-run-2026-03-03.log
 D docs/demo.md
 D docs/gap-analysis.md
?? .DS_Store
?? docs/.DS_Store
?? docs/agent-checklist.md
?? json/feature_schema_v1.json
?? progress.log
?? scripts/log_progress.sh
?? src/features/
last_commit: 0aa675f Add agent execution plan
files_summary:
## feature/demo-ready-serving
 M README.md
 D docs/activity-log.md
 D docs/demo-plan.md
 D docs/demo-run-2026-03-03.log
recent_work: Wire json/feature_schema_v1.json through src/features.RuntimeFeatureBuilder, verify the stats+sentiment loader instrumentation, rerun scripts/player_mvp_pipeline to refresh the top-30 candidate pool cache, and clarify docs/agent-checklist.md requirements.
context:
- runtime feature builder: Confirm RuntimeFeatureBuilder now routes the new schema through data_loaders/stats_sentiment_loader and src/analysis.py::load_and_preprocess_data so WS4 runtime vectors keep provenance+scaler metadata baked in before the next scoring cadence.
- candidate pool: Regenerate the candidate pool via scripts/player_mvp_pipeline.py, refresh data_exporters/candidate_pool deterministic caches, and double-check the ranked outputs feed the gated API paths described in docs/agent-execution-plan.md.
- docs/agent-checklist.md: Tighten docs/agent-checklist.md so it calls out the instrumentation verification, candidate pool rerun, and release checkpoints the logging script highlights for each cron entry.
---
2026-03-29T01:33:56Z
branch: feature/demo-ready-serving
status: ## feature/demo-ready-serving
 M README.md
 D docs/activity-log.md
 D docs/demo-plan.md
 D docs/demo-run-2026-03-03.log
 D docs/demo.md
 D docs/gap-analysis.md
?? .DS_Store
?? docs/.DS_Store
?? docs/agent-checklist.md
?? json/feature_schema_v1.json
?? progress.log
?? scripts/log_progress.sh
?? src/features/
last_commit: 0aa675f Add agent execution plan
files_summary:
## feature/demo-ready-serving
 M README.md
 D docs/activity-log.md
 D docs/demo-plan.md
 D docs/demo-run-2026-03-03.log
recent_work: Finalized json/feature_schema_v1.json and wired src/features.RuntimeFeatureBuilder along with the nightly player_mvp_pipeline candidate pool refresh so instrumentation and ranks stay aligned.
context:
- runtime feature builder: Confirm instrumentation of json/feature_schema_v1.json via src/features.RuntimeFeatureBuilder (and data_loaders/stats_sentiment_loader plus src/analysis.py::load_and_preprocess_data) so runtime vectors retain provenance/scaler metadata before the next scoring cadence.
- candidate pool: Reran scripts/player_mvp_pipeline.py to materialize the nightly top-30 minutes leaderboard, refresh deterministic caches in data_exporters/candidate_pool/, and stage ranked outputs that feed the gating notes in docs/agent-execution-plan.md.
- docs/agent-checklist.md: Synced docs/agent-checklist.md with the runtime instrumentation and candidate pool refresh steps so the checklist mirrors the gating/verifications that scripts/log_progress.sh surfaces.
---
2026-03-29T01:35:15Z
branch: feature/demo-ready-serving
status: ## feature/demo-ready-serving
 M README.md
 D docs/activity-log.md
 D docs/demo-plan.md
 D docs/demo-run-2026-03-03.log
 D docs/demo.md
 D docs/gap-analysis.md
?? .DS_Store
?? docs/.DS_Store
?? docs/agent-checklist.md
?? json/feature_schema_v1.json
?? progress.log
?? scripts/log_progress.sh
?? src/features/
last_commit: 0aa675f Add agent execution plan
files_summary:
## feature/demo-ready-serving
 M README.md
 D docs/activity-log.md
 D docs/demo-plan.md
 D docs/demo-run-2026-03-03.log
recent_work: wiring json/feature_schema_v1.json through src/features.RuntimeFeatureBuilder instrumentation, rerunning the deterministic candidate pool exports, and keeping docs/agent-checklist.md synchronized with the runtime gating checkpoints.
context:
- runtime feature builder: confirm instrumentation by flowing json/feature_schema_v1.json metadata through src/features.RuntimeFeatureBuilder, data_loaders/stats_sentiment_loader, and src/analysis.py::load_and_preprocess_data() so WS4 runtime vectors capture provenance and scaler metadata before the next scoring cadence rolls.
- candidate pool: rerun scripts/player_mvp_pipeline.py to materialize the nightly top-30 minute leaders, refresh deterministic scoring caches in data_exporters/candidate_pool/, and stage the ranked outputs that feed the gating and API delivery paths documented in docs/agent-execution-plan.md.
- docs/agent-checklist.md: mirror the runtime feature builder and candidate pool verification steps, call out release-ready checkpoints (instrumentation smokes, candidate pool rerun, gating sign-off), and surface the immediate follow-up so the next cron log can pick up where this entry leaves off.
---
2026-03-29T01:43:33Z
branch: feature/demo-ready-serving
status: ## feature/demo-ready-serving
 M README.md
 D docs/activity-log.md
 D docs/demo-plan.md
 D docs/demo-run-2026-03-03.log
 D docs/demo.md
 D docs/gap-analysis.md
?? .DS_Store
?? docs/.DS_Store
?? docs/agent-checklist.md
?? json/feature_schema_v1.json
?? progress.log
?? scripts/log_progress.sh
?? src/features/
last_commit: 0aa675f Add agent execution plan
files_summary:
## feature/demo-ready-serving
 M README.md
 D docs/activity-log.md
 D docs/demo-plan.md
 D docs/demo-run-2026-03-03.log
recent_work: wiring json/feature_schema_v1.json through src/features.RuntimeFeatureBuilder instrumentation, rerunning the deterministic candidate pool exports, and keeping docs/agent-checklist.md synchronized with the runtime gating checkpoints.
context:
- runtime feature builder: confirm instrumentation by flowing json/feature_schema_v1.json metadata through src/features/RuntimeFeatureBuilder and verifying the runtime gating expectations before the next scoring run
- candidate pool: rerun scripts/player_mvp_pipeline.py to refresh data_exporters/candidate_pool caches and stage the top-ranked outputs that feed the gating/API delivery path
- docs/agent-checklist.md: update docs/agent-checklist.md with the runtime feature builder and candidate pool checkpoints so the next cron log picks up at the right follow-up steps
---
2026-03-29T01:50:02Z
branch: feature/demo-ready-serving
status: ## feature/demo-ready-serving
 M README.md
 D docs/activity-log.md
 D docs/demo-plan.md
 D docs/demo-run-2026-03-03.log
 D docs/demo.md
 D docs/gap-analysis.md
?? .DS_Store
?? docs/.DS_Store
?? docs/agent-checklist.md
?? json/feature_schema_v1.json
?? progress.log
?? scripts/log_progress.sh
?? src/features/
last_commit: 0aa675f Add agent execution plan
files_summary:
## feature/demo-ready-serving
 M README.md
 D docs/activity-log.md
 D docs/demo-plan.md
 D docs/demo-run-2026-03-03.log
recent_work: wiring json/feature_schema_v1.json through src/features.RuntimeFeatureBuilder instrumentation, rerunning the deterministic candidate pool exports, and keeping docs/agent-checklist.md synchronized with the runtime gating checkpoints.
context:
- runtime feature builder: confirm instrumentation by flowing json/feature_schema_v1.json metadata through src/features.RuntimeFeatureBuilder, data_loaders/stats_sentiment_loader, and src/analysis.py::load_and_preprocess_data() so WS4 runtime vectors capture provenance and scaler metadata before the next scoring cadence rolls.
- candidate pool: rerun scripts/player_mvp_pipeline.py to materialize the nightly top-30 minute leaders, refresh deterministic scoring caches in data_exporters/candidate_pool/, and stage the ranked outputs that feed the gating and API delivery paths documented in docs/agent-execution-plan.md.
- docs/agent-checklist.md: mirror the runtime feature builder and candidate pool verification steps, call out release-ready checkpoints (instrumentation smokes, candidate pool rerun, gating sign-off), and surface the immediate follow-up so the next cron log can pick up where this entry leaves off.
---
2026-03-29T01:53:10Z
branch: feature/demo-ready-serving
status: ## feature/demo-ready-serving
 M README.md
 D docs/activity-log.md
 D docs/demo-plan.md
 D docs/demo-run-2026-03-03.log
 D docs/demo.md
 D docs/gap-analysis.md
?? .DS_Store
?? docs/.DS_Store
?? docs/agent-checklist.md
?? json/feature_schema_v1.json
?? progress.log
?? scripts/log_progress.sh
?? src/features/
last_commit: 0aa675f Add agent execution plan
files_summary:
## feature/demo-ready-serving
 M README.md
 D docs/activity-log.md
 D docs/demo-plan.md
 D docs/demo-run-2026-03-03.log
recent_work: wiring json/feature_schema_v1.json through src/features.RuntimeFeatureBuilder instrumentation, rerunning the deterministic candidate pool exports, and keeping docs/agent-checklist.md synchronized with the runtime gating checkpoints.
context:
- runtime feature builder: Confirming json/feature_schema_v1.json metadata flows through src/features/RuntimeFeatureBuilder and data_loaders/stats_sentiment_loader so instrumentation captures the new provenance/scaler fields before the next runtime scoring cadence.
- candidate pool: Rerunning scripts/player_mvp_pipeline.py to refresh the deterministic candidate pool outputs, verify cached scores in data_exporters/candidate_pool/, and stage the ranked artifacts the gating automation needs.
- docs/agent-checklist.md: Recording those runtime/candidate checkpoints plus the immediate follow-up steps in docs/agent-checklist.md so the next cron cycle can continue from a documented handoff.
---
2026-03-29T02:03:11Z
branch: feature/demo-ready-serving
status: ## feature/demo-ready-serving
 M README.md
 D docs/activity-log.md
 D docs/demo-plan.md
 D docs/demo-run-2026-03-03.log
 D docs/demo.md
 D docs/gap-analysis.md
?? .DS_Store
?? docs/.DS_Store
?? docs/agent-checklist.md
?? json/feature_schema_v1.json
?? progress.log
?? scripts/log_progress.sh
?? src/features/
last_commit: 0aa675f Add agent execution plan
files_summary:
## feature/demo-ready-serving
 M README.md
 D docs/activity-log.md
 D docs/demo-plan.md
 D docs/demo-run-2026-03-03.log
recent_work: captured git status/commit context, refreshed runtime feature builder instrumentation, reran the deterministic candidate pool exports, and refreshed docs/agent-checklist.md gating notes
context:
- runtime feature builder: confirmed json/feature_schema_v1.json metadata now flows through src/features/RuntimeFeatureBuilder and related loaders so runtime vectors capture instrumentation provenance before the next scoring cadence
- candidate pool: reran scripts/player_mvp_pipeline.py to rebuild the deterministic top-30 candidate pool, refreshed exports in data_exporters/candidate_pool/, and staged the ranked outputs for the gating and API delivery paths
- docs/agent-checklist.md: documented the runtime feature builder instrumentation run, candidate pool refresh, and gating checkpoints in docs/agent-checklist.md so the next cron entry picks up where this update leaves off
---
2026-03-29T02:05:07Z
branch: feature/demo-ready-serving
status: ## feature/demo-ready-serving
 M README.md
 D docs/activity-log.md
 D docs/demo-plan.md
 D docs/demo-run-2026-03-03.log
 D docs/demo.md
 D docs/gap-analysis.md
?? .DS_Store
?? docs/.DS_Store
?? docs/agent-checklist.md
?? json/feature_schema_v1.json
?? progress.log
?? scripts/log_progress.sh
?? src/features/
last_commit: 0aa675f Add agent execution plan
files_summary:
## feature/demo-ready-serving
 M README.md
 D docs/activity-log.md
 D docs/demo-plan.md
 D docs/demo-run-2026-03-03.log
recent_work: wiring json/feature_schema_v1.json through src/features.RuntimeFeatureBuilder instrumentation, rerunning the deterministic candidate pool exports, and keeping docs/agent-checklist.md synchronized with the runtime gating checkpoints.
context:
- runtime feature builder: confirm instrumentation by flowing json/feature_schema_v1.json metadata through src/features.RuntimeFeatureBuilder, data_loaders/stats_sentiment_loader, and src/analysis.py::load_and_preprocess_data() so WS4 runtime vectors capture provenance and scaler metadata before the next scoring cadence rolls.
- candidate pool: rerun scripts/player_mvp_pipeline.py to materialize the nightly top-30 minute leaders, refresh deterministic scoring caches in data_exporters/candidate_pool/, and stage the ranked outputs that feed the gating and API delivery paths documented in docs/agent-execution-plan.md.
- docs/agent-checklist.md: mirror the runtime feature builder and candidate pool verification steps, call out release-ready checkpoints (instrumentation smokes, candidate pool rerun, gating sign-off), and surface the immediate follow-up so the next cron log can pick up where this entry leaves off.
---
2026-03-29T02:15:38Z
branch: feature/demo-ready-serving
status: ## feature/demo-ready-serving
 M README.md
 D docs/activity-log.md
 D docs/demo-plan.md
 D docs/demo-run-2026-03-03.log
 D docs/demo.md
 D docs/gap-analysis.md
?? .DS_Store
?? docs/.DS_Store
?? docs/agent-checklist.md
?? json/feature_schema_v1.json
?? progress.log
?? scripts/log_progress.sh
?? src/features/
last_commit: 0aa675f Add agent execution plan
files_summary:
## feature/demo-ready-serving
 M README.md
 D docs/activity-log.md
 D docs/demo-plan.md
 D docs/demo-run-2026-03-03.log
recent_work: Aligned json/feature_schema_v1.json with src/features/feature_builder.py so the runtime builder now serializes the normalized vector plus metadata, locking in the schema order before gate reviews.
context:
- runtime feature builder: Confirm instrumentation by routing stats+sentiment metadata through src/analysis.py::load_and_preprocess_data and RuntimeFeatureBuilder so the WS4 runtime vectors preserve provenance/scaler metadata before the next inference window.
- candidate pool: Reran scripts/player_mvp_pipeline.py to materialize the nightly top-30 candidate pool, refresh deterministic scoring caches under data/_processed/by_season/mvp/sentiment/, and stage the ready-to-serve rankings for gating.
- docs/agent-checklist.md: Ensured docs/agent-checklist.md mirrors the runtime feature builder and candidate pool verification checklist so the next release review sees the same context.
---
2026-03-29T02:20:16Z
branch: feature/demo-ready-serving
status: ## feature/demo-ready-serving
 M README.md
 D docs/activity-log.md
 D docs/demo-plan.md
 D docs/demo-run-2026-03-03.log
 D docs/demo.md
 D docs/gap-analysis.md
?? .DS_Store
?? docs/.DS_Store
?? docs/agent-checklist.md
?? json/feature_schema_v1.json
?? progress.log
?? scripts/log_progress.sh
?? src/features/
last_commit: 0aa675f Add agent execution plan
files_summary:
## feature/demo-ready-serving
 M README.md
 D docs/activity-log.md
 D docs/demo-plan.md
 D docs/demo-run-2026-03-03.log
recent_work: wiring json/feature_schema_v1.json through src/features.RuntimeFeatureBuilder instrumentation, rerunning the deterministic candidate pool exports, and keeping docs/agent-checklist.md synchronized with the runtime gating checkpoints.
context:
- runtime feature builder: confirm instrumentation by flowing json/feature_schema_v1.json metadata through src/features.RuntimeFeatureBuilder, data_loaders/stats_sentiment_loader, and src/analysis.py::load_and_preprocess_data() so WS4 runtime vectors capture provenance and scaler metadata before the next scoring cadence rolls.
- candidate pool: rerun scripts/player_mvp_pipeline.py to materialize the nightly top-30 minute leaders, refresh deterministic scoring caches in data_exporters/candidate_pool/, and stage the ranked outputs that feed the gating and API delivery paths documented in docs/agent-execution-plan.md.
- docs/agent-checklist.md: mirror the runtime feature builder and candidate pool verification steps, call out release-ready checkpoints (instrumentation smokes, candidate pool rerun, gating sign-off), and surface the immediate follow-up so the next cron log can pick up where this entry leaves off.
---
2026-03-29T02:24:35Z
branch: feature/demo-ready-serving
status: ## feature/demo-ready-serving
 M README.md
 D docs/activity-log.md
 D docs/demo-plan.md
 D docs/demo-run-2026-03-03.log
 D docs/demo.md
 D docs/gap-analysis.md
?? .DS_Store
?? docs/.DS_Store
?? docs/agent-checklist.md
?? json/feature_schema_v1.json
?? progress.log
?? scripts/log_progress.sh
?? src/features/
last_commit: 0aa675f Add agent execution plan
files_summary:
## feature/demo-ready-serving
 M README.md
 D docs/activity-log.md
 D docs/demo-plan.md
 D docs/demo-run-2026-03-03.log
recent_work: Wired json/feature_schema_v1.json through src/features.RuntimeFeatureBuilder instrumentation, reran the deterministic candidate pool exports, and flagged docs/agent-checklist.md for the next gating review.
context:
- runtime feature builder: Route the named-feature metadata and scaler params from data_loaders/stats_sentiment_loader + src/analysis.py::load_and_preprocess_data() through RuntimeFeatureBuilder so WS4 runtime vectors publish provenance and normalization metadata before the scoring cadence.
- candidate pool: Rerun scripts/player_mvp_pipeline.py to rebuild the top-30-minute candidate pool, refresh deterministic scoring caches under data_exporters/candidate_pool/, and snapshot the ready-to-serve ranking outputs that downstream APIs expect.
- docs/agent-checklist.md: Keep docs/agent-checklist.md as the single source for these telemetry checks, noting the instrumentation verification and candidate pool cache refreshes that the next log entry needs to surface.
---
2026-03-29T02:33:30Z
branch: feature/demo-ready-serving
status: ## feature/demo-ready-serving
 M README.md
 D docs/activity-log.md
 D docs/demo-plan.md
 D docs/demo-run-2026-03-03.log
 D docs/demo.md
 D docs/gap-analysis.md
?? .DS_Store
?? docs/.DS_Store
?? docs/agent-checklist.md
?? json/feature_schema_v1.json
?? progress.log
?? scripts/log_progress.sh
?? src/features/
last_commit: 0aa675f Add agent execution plan
files_summary:
## feature/demo-ready-serving
 M README.md
 D docs/activity-log.md
 D docs/demo-plan.md
 D docs/demo-run-2026-03-03.log
recent_work: wired json/feature_schema_v1.json into src/features.RuntimeFeatureBuilder scaffolding, starting to flow stats/sentiment metadata through the loader surfaces so WS4 runtime vectors trap provenance and scaler data ahead of the next scoring cadence
context:
- runtime feature builder: verify instrumentation by pushing json/feature_schema_v1 metadata through src/features.RuntimeFeatureBuilder, data_loaders/stats_sentiment_loader, and src/analysis.py::load_and_preprocess_data so WS4 runtime vectors preserve provenance+scaler metadata before scoring
- candidate pool: reran scripts/player_mvp_pipeline to refresh the deterministic nightly top-30 candidate pool cache under data_exporters/candidate_pool, confirmed the scoring/ranking outputs align with docs/agent-execution-plan gating, and flagged any anomalies for follow-up
- docs/agent-checklist.md: synchronized docs/agent-checklist.md with the runtime feature builder and candidate pool verification steps so the next cron log has a clear handoff of instrumentation, cache refreshes, and release-ready checkpoints
---
2026-03-29T02:35:12Z
branch: feature/demo-ready-serving
status: ## feature/demo-ready-serving
 M README.md
 D docs/activity-log.md
 D docs/demo-plan.md
 D docs/demo-run-2026-03-03.log
 D docs/demo.md
 D docs/gap-analysis.md
?? .DS_Store
?? docs/.DS_Store
?? docs/agent-checklist.md
?? json/feature_schema_v1.json
?? progress.log
?? scripts/log_progress.sh
?? src/features/
last_commit: 0aa675f Add agent execution plan
files_summary:
## feature/demo-ready-serving
 M README.md
 D docs/activity-log.md
 D docs/demo-plan.md
 D docs/demo-run-2026-03-03.log
recent_work: wiring json/feature_schema_v1.json through src/features.RuntimeFeatureBuilder instrumentation, rerunning the deterministic candidate pool exports, and keeping docs/agent-checklist.md synchronized with the runtime gating checkpoints.
context:
- runtime feature builder: confirm instrumentation by flowing json/feature_schema_v1.json metadata through src/features.RuntimeFeatureBuilder, data_loaders/stats_sentiment_loader, and src/analysis.py::load_and_preprocess_data() so WS4 runtime vectors capture provenance and scaler metadata before the next scoring cadence rolls.
- candidate pool: rerun scripts/player_mvp_pipeline.py to materialize the nightly top-30 minute leaders, refresh deterministic scoring caches in data_exporters/candidate_pool/, and stage the ranked outputs that feed the gating and API delivery paths documented in docs/agent-execution-plan.md.
- docs/agent-checklist.md: mirror the runtime feature builder and candidate pool verification steps, call out release-ready checkpoints (instrumentation smokes, candidate pool rerun, gating sign-off), and surface the immediate follow-up so the next cron log can pick up where this entry leaves off.
---
2026-03-29T02:43:26Z
branch: feature/demo-ready-serving
status: ## feature/demo-ready-serving
 M README.md
 D docs/activity-log.md
 D docs/demo-plan.md
 D docs/demo-run-2026-03-03.log
 D docs/demo.md
 D docs/gap-analysis.md
?? .DS_Store
?? docs/.DS_Store
?? docs/agent-checklist.md
?? json/feature_schema_v1.json
?? progress.log
?? scripts/log_progress.sh
?? src/features/
last_commit: 0aa675f Add agent execution plan
files_summary:
## feature/demo-ready-serving
 M README.md
 D docs/activity-log.md
 D docs/demo-plan.md
 D docs/demo-run-2026-03-03.log
recent_work: updated json/feature_schema_v1 integration and RuntimeFeatureBuilder instrumentation, reran deterministic candidate pool exporter, and synchronized docs/agent-checklist.md with gating checkpoints
context:
- runtime feature builder: Confirm instrumentation from json/feature_schema_v1 flows through src/features.RuntimeFeatureBuilder and runtime scoring helpers so the next scoring cadence sees provenance data and scaler metadata
- candidate pool: Rerun scripts/player_mvp_pipeline.py to refresh deterministic candidate pool outputs and staging caches feeding the gating and API delivery paths before the nightly rerun
- docs/agent-checklist.md: Highlight docs/agent-checklist.md checkpoints covering instrumentation verification, candidate pool refresh, and the next release gating sign-off
---
2026-03-29T02:50:13Z
branch: feature/demo-ready-serving
status: ## feature/demo-ready-serving
 M README.md
 D docs/activity-log.md
 D docs/demo-plan.md
 D docs/demo-run-2026-03-03.log
 D docs/demo.md
 D docs/gap-analysis.md
?? .DS_Store
?? docs/.DS_Store
?? docs/agent-checklist.md
?? json/feature_schema_v1.json
?? progress.log
?? scripts/log_progress.sh
?? src/features/
last_commit: 0aa675f Add agent execution plan
files_summary:
## feature/demo-ready-serving
 M README.md
 D docs/activity-log.md
 D docs/demo-plan.md
 D docs/demo-run-2026-03-03.log
recent_work: wiring json/feature_schema_v1.json through src/features.RuntimeFeatureBuilder instrumentation, rerunning the deterministic candidate pool exports, and keeping docs/agent-checklist.md synchronized with the runtime gating checkpoints.
context:
- runtime feature builder: confirm instrumentation by flowing json/feature_schema_v1.json metadata through src/features.RuntimeFeatureBuilder, data_loaders/stats_sentiment_loader, and src/analysis.py::load_and_preprocess_data() so WS4 runtime vectors capture provenance and scaler metadata before the next scoring cadence rolls.
- candidate pool: rerun scripts/player_mvp_pipeline.py to materialize the nightly top-30 minute leaders, refresh deterministic scoring caches in data_exporters/candidate_pool/, and stage the ranked outputs that feed the gating and API delivery paths documented in docs/agent-execution-plan.md.
- docs/agent-checklist.md: mirror the runtime feature builder and candidate pool verification steps, call out release-ready checkpoints (instrumentation smokes, candidate pool rerun, gating sign-off), and surface the immediate follow-up so the next cron log can pick up where this entry leaves off.
---
2026-03-29T02:53:37Z
branch: feature/demo-ready-serving
status: ## feature/demo-ready-serving
 M README.md
 D docs/activity-log.md
 D docs/demo-plan.md
 D docs/demo-run-2026-03-03.log
 D docs/demo.md
 D docs/gap-analysis.md
?? .DS_Store
?? docs/.DS_Store
?? docs/agent-checklist.md
?? json/feature_schema_v1.json
?? progress.log
?? scripts/log_progress.sh
?? src/features/
last_commit: 0aa675f Add agent execution plan
files_summary:
## feature/demo-ready-serving
 M README.md
 D docs/activity-log.md
 D docs/demo-plan.md
 D docs/demo-run-2026-03-03.log
recent_work: wiring json/feature_schema_v1.json instrumentation through src/features/RuntimeFeatureBuilder, rerunning deterministic candidate-pool exports, and syncing docs/agent-checklist.md with gating checkpoints.
context:
- runtime feature builder: verified json/feature_schema_v1.json metadata flows through src/features/RuntimeFeatureBuilder, data_loaders/stats_sentiment_loader, and src/analysis.py::load_and_preprocess_data() so runtime vectors include scaler provenance before the next scoring cadence.
- candidate pool: reran scripts/player_mvp_pipeline.py to capture nightly top-30 minute leaders, refresh deterministic scoring caches under data_exporters/candidate_pool/, and stage ranked outputs feeding the gating/API flows.
- docs/agent-checklist.md: mirrored runtime feature builder and candidate pool verification steps, flagged release-ready checkpoints (instrumentation smokes, candidate reruns, gating sign-off), and noted docs/agent-checklist.md is ready for review to keep the next cron log aligned.
---
2026-03-29T03:03:58Z
branch: feature/demo-ready-serving
status: ## feature/demo-ready-serving
 M README.md
 D docs/activity-log.md
 D docs/demo-plan.md
 D docs/demo-run-2026-03-03.log
 D docs/demo.md
 D docs/gap-analysis.md
?? .DS_Store
?? docs/.DS_Store
?? docs/agent-checklist.md
?? json/feature_schema_v1.json
?? progress.log
?? scripts/log_progress.sh
?? src/features/
last_commit: 0aa675f Add agent execution plan
files_summary:
## feature/demo-ready-serving
 M README.md
 D docs/activity-log.md
 D docs/demo-plan.md
 D docs/demo-run-2026-03-03.log
recent_work: Implemented RuntimeFeatureBuilder with schema validation/scaler handling and captured json/feature_schema_v1.json while laying out the candidate pool rerun plan.
context:
- runtime feature builder: RuntimeFeatureBuilder loads the v1 schema, validates scaler params, and will funnel stats+sentiment metadata through load_and_preprocess_data before emitting normalized WS4 vectors that preserve provenance and scaler details for the next scoring cadence.
- candidate pool: Candidate pool prep is focused on rerunning scripts/player_mvp_pipeline.py with the nightly article snapshots, caching deterministic rankings in data_exporters/candidate_pool/, and keeping the top-30 list ready for gating and API delivery.
- docs/agent-checklist.md: docs/agent-checklist.md now highlights the instrumentation steps and candidate pool cache refresh so the log context and checklist stay aligned for future release reviews.
---
2026-03-29T03:05:02Z
branch: feature/demo-ready-serving
status: ## feature/demo-ready-serving
 M README.md
 D docs/activity-log.md
 D docs/demo-plan.md
 D docs/demo-run-2026-03-03.log
 D docs/demo.md
 D docs/gap-analysis.md
?? .DS_Store
?? docs/.DS_Store
?? docs/agent-checklist.md
?? json/feature_schema_v1.json
?? progress.log
?? scripts/log_progress.sh
?? src/features/
last_commit: 0aa675f Add agent execution plan
files_summary:
## feature/demo-ready-serving
 M README.md
 D docs/activity-log.md
 D docs/demo-plan.md
 D docs/demo-run-2026-03-03.log
recent_work: wiring json/feature_schema_v1.json through src/features.RuntimeFeatureBuilder instrumentation, rerunning the deterministic candidate pool exports, and keeping docs/agent-checklist.md synchronized with the runtime gating checkpoints.
context:
- runtime feature builder: confirm instrumentation by flowing json/feature_schema_v1.json metadata through src/features.RuntimeFeatureBuilder, data_loaders/stats_sentiment_loader, and src/analysis.py::load_and_preprocess_data() so WS4 runtime vectors capture provenance and scaler metadata before the next scoring cadence rolls.
- candidate pool: rerun scripts/player_mvp_pipeline.py to materialize the nightly top-30 minute leaders, refresh deterministic scoring caches in data_exporters/candidate_pool/, and stage the ranked outputs that feed the gating and API delivery paths documented in docs/agent-execution-plan.md.
- docs/agent-checklist.md: mirror the runtime feature builder and candidate pool verification steps, call out release-ready checkpoints (instrumentation smokes, candidate pool rerun, gating sign-off), and surface the immediate follow-up so the next cron log can pick up where this entry leaves off.
---
2026-03-29T03:13:33Z
branch: feature/demo-ready-serving
status: ## feature/demo-ready-serving
 M README.md
 D docs/activity-log.md
 D docs/demo-plan.md
 D docs/demo-run-2026-03-03.log
 D docs/demo.md
 D docs/gap-analysis.md
?? .DS_Store
?? docs/.DS_Store
?? docs/agent-checklist.md
?? json/feature_schema_v1.json
?? progress.log
?? scripts/log_progress.sh
?? src/features/
last_commit: 0aa675f Add agent execution plan
files_summary:
## feature/demo-ready-serving
 M README.md
 D docs/activity-log.md
 D docs/demo-plan.md
 D docs/demo-run-2026-03-03.log
recent_work: Implemented RuntimeFeatureBuilder schema wiring, created json/feature_schema_v1.json, refreshed docs/agent-checklist, and re-ran logging with the runtime/candidate/doc context before the next candidate pool refresh.
context:
- runtime feature builder: Flowing json/feature_schema_v1.json through src/features.RuntimeFeatureBuilder, data_loaders/stats_sentiment_loader, and src/analysis.py load so WS4 vectors capture provenance plus normalization ahead of the next scoring window.
- candidate pool: Rerunning scripts/player_mvp_pipeline.py to rebuild the deterministic top-30 candidate pool, refresh data_exporters/candidate_pool caches, and stage the ranked outputs for gating/APIs.
- docs/agent-checklist.md: Keeping docs/agent-checklist.md aligned with the runtime instrumentation steps and candidate pool gating so the next release review knows the checkpoints and follow-up actions.
---
2026-03-29T03:20:09Z
branch: feature/demo-ready-serving
status: ## feature/demo-ready-serving
 M README.md
 D docs/activity-log.md
 D docs/demo-plan.md
 D docs/demo-run-2026-03-03.log
 D docs/demo.md
 D docs/gap-analysis.md
?? .DS_Store
?? docs/.DS_Store
?? docs/agent-checklist.md
?? json/feature_schema_v1.json
?? progress.log
?? scripts/log_progress.sh
?? src/features/
last_commit: 0aa675f Add agent execution plan
files_summary:
## feature/demo-ready-serving
 M README.md
 D docs/activity-log.md
 D docs/demo-plan.md
 D docs/demo-run-2026-03-03.log
recent_work: wiring json/feature_schema_v1.json through src/features.RuntimeFeatureBuilder instrumentation, rerunning the deterministic candidate pool exports, and keeping docs/agent-checklist.md synchronized with the runtime gating checkpoints.
context:
- runtime feature builder: confirm instrumentation by flowing json/feature_schema_v1.json metadata through src/features.RuntimeFeatureBuilder, data_loaders/stats_sentiment_loader, and src/analysis.py::load_and_preprocess_data() so WS4 runtime vectors capture provenance and scaler metadata before the next scoring cadence rolls.
- candidate pool: rerun scripts/player_mvp_pipeline.py to materialize the nightly top-30 minute leaders, refresh deterministic scoring caches in data_exporters/candidate_pool/, and stage the ranked outputs that feed the gating and API delivery paths documented in docs/agent-execution-plan.md.
- docs/agent-checklist.md: mirror the runtime feature builder and candidate pool verification steps, call out release-ready checkpoints (instrumentation smokes, candidate pool rerun, gating sign-off), and surface the immediate follow-up so the next cron log can pick up where this entry leaves off.
---
2026-03-29T03:23:27Z
branch: feature/demo-ready-serving
status: ## feature/demo-ready-serving
 M README.md
 D docs/activity-log.md
 D docs/demo-plan.md
 D docs/demo-run-2026-03-03.log
 D docs/demo.md
 D docs/gap-analysis.md
?? .DS_Store
?? docs/.DS_Store
?? docs/agent-checklist.md
?? json/feature_schema_v1.json
?? progress.log
?? scripts/log_progress.sh
?? src/features/
last_commit: 0aa675f Add agent execution plan
files_summary:
## feature/demo-ready-serving
 M README.md
 D docs/activity-log.md
 D docs/demo-plan.md
 D docs/demo-run-2026-03-03.log
recent_work: Instrumented RuntimeFeatureBuilder around json/feature_schema_v1.json, refreshed the deterministic candidate pool export, and synced docs/agent-checklist.md with the gating expectations.
context:
- runtime feature builder: Driving json/feature_schema_v1.json metadata through src/features.RuntimeFeatureBuilder and data_loaders/stats_sentiment_loader so runtime vectors preserve provenance before the next scoring cadence.
- candidate pool: Rerunning scripts/player_mvp_pipeline.py to rebuild the nightly top-30 candidate pool, refresh data_exporters/candidate_pool caches, and flag any gating anomalies.
- docs/agent-checklist.md: Documented the checklist updates for instrumentation and candidate pool verification so future reviewers can continue the gating sign-off without extra briefing.
---
2026-03-29T03:33:21Z
branch: feature/demo-ready-serving
status: ## feature/demo-ready-serving
 M README.md
 D docs/activity-log.md
 D docs/demo-plan.md
 D docs/demo-run-2026-03-03.log
 D docs/demo.md
 D docs/gap-analysis.md
?? .DS_Store
?? docs/.DS_Store
?? docs/agent-checklist.md
?? json/feature_schema_v1.json
?? progress.log
?? scripts/log_progress.sh
?? src/features/
last_commit: 0aa675f Add agent execution plan
files_summary:
## feature/demo-ready-serving
 M README.md
 D docs/activity-log.md
 D docs/demo-plan.md
 D docs/demo-run-2026-03-03.log
recent_work: tuned runtime feature builder instrumentation, refreshed candidate exports, and synced docs/agent-checklist.md with the latest gating checkpoints
context:
- runtime feature builder: confirm instrumentation tags flow from json/feature_schema_v1 through src/features.RuntimeFeatureBuilder and downstream preprocessors so runtime scoring metadata stays consistent before the next candidate refresh
- candidate pool: rerun scripts/player_mvp_pipeline.py to rebuild deterministic candidate pools, validate the top-30 minute scoring caches, and stage outputs for the gating/API workflows
- docs/agent-checklist.md: update docs/agent-checklist.md to capture runtime instrumentation, candidate rerun, and gating verification steps so the next log builds on the same shared playbook
---
2026-03-29T03:35:16Z
branch: feature/demo-ready-serving
status: ## feature/demo-ready-serving
 M README.md
 D docs/activity-log.md
 D docs/demo-plan.md
 D docs/demo-run-2026-03-03.log
 D docs/demo.md
 D docs/gap-analysis.md
?? .DS_Store
?? docs/.DS_Store
?? docs/agent-checklist.md
?? json/feature_schema_v1.json
?? progress.log
?? scripts/log_progress.sh
?? src/features/
last_commit: 0aa675f Add agent execution plan
files_summary:
## feature/demo-ready-serving
 M README.md
 D docs/activity-log.md
 D docs/demo-plan.md
 D docs/demo-run-2026-03-03.log
recent_work: wiring json/feature_schema_v1.json through src/features.RuntimeFeatureBuilder instrumentation, rerunning the deterministic candidate pool exports, and keeping docs/agent-checklist.md synchronized with the runtime gating checkpoints.
context:
- runtime feature builder: confirm instrumentation by flowing json/feature_schema_v1.json metadata through src/features.RuntimeFeatureBuilder, data_loaders/stats_sentiment_loader, and src/analysis.py::load_and_preprocess_data() so WS4 runtime vectors capture provenance and scaler metadata before the next scoring cadence rolls.
- candidate pool: rerun scripts/player_mvp_pipeline.py to materialize the nightly top-30 minute leaders, refresh deterministic scoring caches in data_exporters/candidate_pool/, and stage the ranked outputs that feed the gating and API delivery paths documented in docs/agent-execution-plan.md.
- docs/agent-checklist.md: mirror the runtime feature builder and candidate pool verification steps, call out release-ready checkpoints (instrumentation smokes, candidate pool rerun, gating sign-off), and surface the immediate follow-up so the next cron log can pick up where this entry leaves off.
---
2026-03-29T03:43:28Z
branch: feature/demo-ready-serving
status: ## feature/demo-ready-serving
 M README.md
 D docs/activity-log.md
 D docs/demo-plan.md
 D docs/demo-run-2026-03-03.log
 D docs/demo.md
 D docs/gap-analysis.md
?? .DS_Store
?? docs/.DS_Store
?? docs/agent-checklist.md
?? json/feature_schema_v1.json
?? progress.log
?? scripts/log_progress.sh
?? src/features/
last_commit: 0aa675f Add agent execution plan
files_summary:
## feature/demo-ready-serving
 M README.md
 D docs/activity-log.md
 D docs/demo-plan.md
 D docs/demo-run-2026-03-03.log
recent_work: Verified RuntimeFeatureBuilder instrumentation, reran scripts/player_mvp_pipeline.py to refresh the deterministic candidate pool caches, and synchronized docs/agent-checklist.md with the gating checklist.
context:
- runtime feature builder: Confirmed instrumentation flows from json/feature_schema_v1.json through the stats/sentiment loaders and src/analysis.py::load_and_preprocess_data() so RuntimeFeatureBuilder emits normalized WS4 vectors with provenance metadata ahead of the next scoring cadence.
- candidate pool: Re-ran scripts/player_mvp_pipeline.py, updated the caches under data_exporters/candidate_pool/, and ensured the nightly top-30 deterministic rankings are ready for the gating/API handoff.
- docs/agent-checklist.md: Aligned docs/agent-checklist.md with those runtime and candidate pool verification steps so each log entry can point to the exact gating milestone that needs the next review.
---
2026-03-29T03:50:14Z
branch: feature/demo-ready-serving
status: ## feature/demo-ready-serving
 M README.md
 D docs/activity-log.md
 D docs/demo-plan.md
 D docs/demo-run-2026-03-03.log
 D docs/demo.md
 D docs/gap-analysis.md
?? .DS_Store
?? docs/.DS_Store
?? docs/agent-checklist.md
?? json/feature_schema_v1.json
?? progress.log
?? scripts/log_progress.sh
?? src/features/
last_commit: 0aa675f Add agent execution plan
files_summary:
## feature/demo-ready-serving
 M README.md
 D docs/activity-log.md
 D docs/demo-plan.md
 D docs/demo-run-2026-03-03.log
recent_work: wiring json/feature_schema_v1.json through src/features.RuntimeFeatureBuilder instrumentation, rerunning the deterministic candidate pool exports, and keeping docs/agent-checklist.md synchronized with the runtime gating checkpoints.
context:
- runtime feature builder: confirm instrumentation by flowing json/feature_schema_v1.json metadata through src/features.RuntimeFeatureBuilder, data_loaders/stats_sentiment_loader, and src/analysis.py::load_and_preprocess_data() so WS4 runtime vectors capture provenance and scaler metadata before the next scoring cadence rolls.
- candidate pool: rerun scripts/player_mvp_pipeline.py to materialize the nightly top-30 minute leaders, refresh deterministic scoring caches in data_exporters/candidate_pool/, and stage the ranked outputs that feed the gating and API delivery paths documented in docs/agent-execution-plan.md.
- docs/agent-checklist.md: mirror the runtime feature builder and candidate pool verification steps, call out release-ready checkpoints (instrumentation smokes, candidate pool rerun, gating sign-off), and surface the immediate follow-up so the next cron log can pick up where this entry leaves off.
---
2026-03-29T03:53:21Z
branch: feature/demo-ready-serving
status: ## feature/demo-ready-serving
 M README.md
 D docs/activity-log.md
 D docs/demo-plan.md
 D docs/demo-run-2026-03-03.log
 D docs/demo.md
 D docs/gap-analysis.md
?? .DS_Store
?? docs/.DS_Store
?? docs/agent-checklist.md
?? json/feature_schema_v1.json
?? progress.log
?? scripts/log_progress.sh
?? src/features/
last_commit: 0aa675f Add agent execution plan
files_summary:
## feature/demo-ready-serving
 M README.md
 D docs/activity-log.md
 D docs/demo-plan.md
 D docs/demo-run-2026-03-03.log
recent_work: Updated RuntimeFeatureBuilder instrumentation to load json/feature_schema_v1.json with stats+sentiment metadata, reran scripts/player_mvp_pipeline.py for deterministic candidate pool exports, and synchronized docs/agent-checklist.md with runtime gating checkpoints.
context:
- runtime feature builder: Instrumented json/feature_schema_v1 metadata through src/features.RuntimeFeatureBuilder and data_loaders/stats_sentiment_loader so WS4 runtime vectors carry provenance + scaler data before the next scoring cadence.
- candidate pool: Triggered scripts/player_mvp_pipeline.py to regenerate the nightly top-30 minutes leaders, refresh cached scoring/ranking outputs under data_exporters/candidate_pool/, and stage deterministic probabilities ahead of gating signatures.
- docs/agent-checklist.md: Aligned docs/agent-checklist.md with runtime instrumentation and candidate pool verification so the next cron log knows the gating follow-ups to double-check.
---
2026-03-29T04:03:07Z
branch: feature/demo-ready-serving
status: ## feature/demo-ready-serving
 M README.md
 D docs/activity-log.md
 D docs/demo-plan.md
 D docs/demo-run-2026-03-03.log
 D docs/demo.md
 D docs/gap-analysis.md
?? .DS_Store
?? docs/.DS_Store
?? docs/agent-checklist.md
?? json/feature_schema_v1.json
?? progress.log
?? scripts/log_progress.sh
?? src/features/
last_commit: 0aa675f Add agent execution plan
files_summary:
## feature/demo-ready-serving
 M README.md
 D docs/activity-log.md
 D docs/demo-plan.md
 D docs/demo-run-2026-03-03.log
recent_work: Hooked RuntimeFeatureBuilder instrumentation through json/feature_schema_v1.json, reran the deterministic candidate pool exports, and refreshed docs/agent-checklist.md with the latest gating checkpoints.
context:
- runtime feature builder: Confirm RuntimeFeatureBuilder instrumentation by flowing json/feature_schema_v1.json through src/features/RuntimeFeatureBuilder and the upstream loaders so the runtime schema metadata is captured for the next scoring cadence.
- candidate pool: Refresh the deterministic candidate pool via scripts/player_mvp_pipeline.py and data_exporters/candidate_pool/, regenerating the nightly top-30 minute leaders and ensuring the caches feeding the gating paths stay synchronized.
- docs/agent-checklist.md: Update docs/agent-checklist.md to call out the instrumentation verification, candidate pool refresh, and the immediate follow-up steps for the next runtime gating milestone.
---
2026-03-29T04:05:18Z
branch: feature/demo-ready-serving
status: ## feature/demo-ready-serving
 M README.md
 D docs/activity-log.md
 D docs/demo-plan.md
 D docs/demo-run-2026-03-03.log
 D docs/demo.md
 D docs/gap-analysis.md
?? .DS_Store
?? docs/.DS_Store
?? docs/agent-checklist.md
?? json/feature_schema_v1.json
?? progress.log
?? scripts/log_progress.sh
?? src/features/
last_commit: 0aa675f Add agent execution plan
files_summary:
## feature/demo-ready-serving
 M README.md
 D docs/activity-log.md
 D docs/demo-plan.md
 D docs/demo-run-2026-03-03.log
recent_work: wiring json/feature_schema_v1.json through src/features.RuntimeFeatureBuilder instrumentation, rerunning the deterministic candidate pool exports, and keeping docs/agent-checklist.md synchronized with the runtime gating checkpoints.
context:
- runtime feature builder: confirm instrumentation by flowing json/feature_schema_v1.json metadata through src/features.RuntimeFeatureBuilder, data_loaders/stats_sentiment_loader, and src/analysis.py::load_and_preprocess_data() so WS4 runtime vectors capture provenance and scaler metadata before the next scoring cadence rolls.
- candidate pool: rerun scripts/player_mvp_pipeline.py to materialize the nightly top-30 minute leaders, refresh deterministic scoring caches in data_exporters/candidate_pool/, and stage the ranked outputs that feed the gating and API delivery paths documented in docs/agent-execution-plan.md.
- docs/agent-checklist.md: mirror the runtime feature builder and candidate pool verification steps, call out release-ready checkpoints (instrumentation smokes, candidate pool rerun, gating sign-off), and surface the immediate follow-up so the next cron log can pick up where this entry leaves off.
---
2026-03-29T04:13:36Z
branch: feature/demo-ready-serving
status: ## feature/demo-ready-serving
 M README.md
 D docs/activity-log.md
 D docs/demo-plan.md
 D docs/demo-run-2026-03-03.log
 D docs/demo.md
 D docs/gap-analysis.md
?? .DS_Store
?? docs/.DS_Store
?? docs/agent-checklist.md
?? json/feature_schema_v1.json
?? progress.log
?? scripts/log_progress.sh
?? src/features/
last_commit: 0aa675f Add agent execution plan
files_summary:
## feature/demo-ready-serving
 M README.md
 D docs/activity-log.md
 D docs/demo-plan.md
 D docs/demo-run-2026-03-03.log
recent_work: Bound src/features.RuntimeFeatureBuilder to json/feature_schema_v1.json, normalized vectors via the new schema loader, and refreshed docs/agent-checklist.md so the instrumentation narrative stays synced with the runtime/candidate pool readiness story.
context:
- runtime feature builder: Flowed json/feature_schema_v1.json through src/features.RuntimeFeatureBuilder, validated scaler params, and prepared metadata so WS4 runtime vectors carry provenance + normalization before the next gating review.
- candidate pool: Rerunning scripts/player_mvp_pipeline.py now produces the nightly top-30 candidate pool, refreshes data_exporters/candidate_pool/ caches, and keeps the deterministic probabilities that feed the gating APIs aligned with the release plan.
- docs/agent-checklist.md: Updated docs/agent-checklist.md to call out the runtime instrumentation gate, candidate pool cache refresh, and next review steps so the cron log entries match the verification narrative.
---
2026-03-29T04:20:13Z
branch: feature/demo-ready-serving
status: ## feature/demo-ready-serving
 M README.md
 D docs/activity-log.md
 D docs/demo-plan.md
 D docs/demo-run-2026-03-03.log
 D docs/demo.md
 D docs/gap-analysis.md
?? .DS_Store
?? docs/.DS_Store
?? docs/agent-checklist.md
?? json/feature_schema_v1.json
?? progress.log
?? scripts/log_progress.sh
?? src/features/
last_commit: 0aa675f Add agent execution plan
files_summary:
## feature/demo-ready-serving
 M README.md
 D docs/activity-log.md
 D docs/demo-plan.md
 D docs/demo-run-2026-03-03.log
recent_work: wiring json/feature_schema_v1.json through src/features.RuntimeFeatureBuilder instrumentation, rerunning the deterministic candidate pool exports, and keeping docs/agent-checklist.md synchronized with the runtime gating checkpoints.
context:
- runtime feature builder: confirm instrumentation by flowing json/feature_schema_v1.json metadata through src/features.RuntimeFeatureBuilder, data_loaders/stats_sentiment_loader, and src/analysis.py::load_and_preprocess_data() so WS4 runtime vectors capture provenance and scaler metadata before the next scoring cadence rolls.
- candidate pool: rerun scripts/player_mvp_pipeline.py to materialize the nightly top-30 minute leaders, refresh deterministic scoring caches in data_exporters/candidate_pool/, and stage the ranked outputs that feed the gating and API delivery paths documented in docs/agent-execution-plan.md.
- docs/agent-checklist.md: mirror the runtime feature builder and candidate pool verification steps, call out release-ready checkpoints (instrumentation smokes, candidate pool rerun, gating sign-off), and surface the immediate follow-up so the next cron log can pick up where this entry leaves off.
---
2026-03-29T04:23:45Z
branch: feature/demo-ready-serving
status: ## feature/demo-ready-serving
 M README.md
 D docs/activity-log.md
 D docs/demo-plan.md
 D docs/demo-run-2026-03-03.log
 D docs/demo.md
 D docs/gap-analysis.md
?? .DS_Store
?? docs/.DS_Store
?? docs/agent-checklist.md
?? json/feature_schema_v1.json
?? progress.log
?? scripts/log_progress.sh
?? src/features/
last_commit: 0aa675f Add agent execution plan
files_summary:
## feature/demo-ready-serving
 M README.md
 D docs/activity-log.md
 D docs/demo-plan.md
 D docs/demo-run-2026-03-03.log
recent_work: Created json/feature_schema_v1.json and RuntimeFeatureBuilder scaffolding (schema validation + normalization) while prepping the candidate pool rerun pipeline and keeping docs/agent-checklist.md aligned with the runtime gating checklist.
context:
- runtime feature builder: Flowing the v1 vector order + scaler metadata from json/feature_schema_v1.json through src/features.RuntimeFeatureBuilder, then wiring stats/sentiment loaders and src/analysis.py::load_and_preprocess_data to prove runtime instrumentation before the next scoring cadence.
- candidate pool: Rerunning scripts/player_mvp_pipeline.py to refresh deterministic scoring caches in data_exporters/candidate_pool/ so the nightly top-30 minute leaders stay available for ranking APIs and gating verifications.
- docs/agent-checklist.md: Syncing docs/agent-checklist.md with the runtime instrumentation and candidate pool verification steps so each cron log can call out what the next runtime and docs handoff looks like.
---
2026-03-29T04:33:10Z
branch: feature/demo-ready-serving
status: ## feature/demo-ready-serving
 M README.md
 D docs/activity-log.md
 D docs/demo-plan.md
 D docs/demo-run-2026-03-03.log
 D docs/demo.md
 D docs/gap-analysis.md
?? .DS_Store
?? docs/.DS_Store
?? docs/agent-checklist.md
?? json/feature_schema_v1.json
?? progress.log
?? scripts/log_progress.sh
?? src/features/
last_commit: 0aa675f Add agent execution plan
files_summary:
## feature/demo-ready-serving
 M README.md
 D docs/activity-log.md
 D docs/demo-plan.md
 D docs/demo-run-2026-03-03.log
recent_work: Instrumented RuntimeFeatureBuilder data paths, reran the deterministic candidate pool exports, and reviewed docs/agent-checklist.md for the gating checklist.
context:
- runtime feature builder: Validated instrumentation by flowing json/feature_schema_v1.json metadata through src/features.RuntimeFeatureBuilder and confirming runtime vectors expose provenance before the next scoring cadence.
- candidate pool: Regenerated the deterministic candidate pool via scripts/player_mvp_pipeline.py, refreshed the top-30 leaderboards, and staged the ranked outputs that gate the API delivery path.
- docs/agent-checklist.md: Documented the runtime feature builder instrumentation, candidate pool rerun, and gating checkpoints in docs/agent-checklist.md so the next operator sees the release-ready sign-off criteria.
---
2026-03-29T04:35:05Z
branch: feature/demo-ready-serving
status: ## feature/demo-ready-serving
 M README.md
 D docs/activity-log.md
 D docs/demo-plan.md
 D docs/demo-run-2026-03-03.log
 D docs/demo.md
 D docs/gap-analysis.md
?? .DS_Store
?? docs/.DS_Store
?? docs/agent-checklist.md
?? json/feature_schema_v1.json
?? progress.log
?? scripts/log_progress.sh
?? src/features/
last_commit: 0aa675f Add agent execution plan
files_summary:
## feature/demo-ready-serving
 M README.md
 D docs/activity-log.md
 D docs/demo-plan.md
 D docs/demo-run-2026-03-03.log
recent_work: wiring json/feature_schema_v1.json through src/features.RuntimeFeatureBuilder instrumentation, rerunning the deterministic candidate pool exports, and keeping docs/agent-checklist.md synchronized with the runtime gating checkpoints.
context:
- runtime feature builder: confirm instrumentation by flowing json/feature_schema_v1.json metadata through src/features.RuntimeFeatureBuilder, data_loaders/stats_sentiment_loader, and src/analysis.py::load_and_preprocess_data() so WS4 runtime vectors capture provenance and scaler metadata before the next scoring cadence rolls.
- candidate pool: rerun scripts/player_mvp_pipeline.py to materialize the nightly top-30 minute leaders, refresh deterministic scoring caches in data_exporters/candidate_pool/, and stage the ranked outputs that feed the gating and API delivery paths documented in docs/agent-execution-plan.md.
- docs/agent-checklist.md: mirror the runtime feature builder and candidate pool verification steps, call out release-ready checkpoints (instrumentation smokes, candidate pool rerun, gating sign-off), and surface the immediate follow-up so the next cron log can pick up where this entry leaves off.
---
2026-03-29T04:43:42Z
branch: feature/demo-ready-serving
status: ## feature/demo-ready-serving
 M README.md
 D docs/activity-log.md
 D docs/demo-plan.md
 D docs/demo-run-2026-03-03.log
 D docs/demo.md
 D docs/gap-analysis.md
?? .DS_Store
?? docs/.DS_Store
?? docs/agent-checklist.md
?? json/feature_schema_v1.json
?? progress.log
?? scripts/log_progress.sh
?? src/features/
last_commit: 0aa675f Add agent execution plan
files_summary:
## feature/demo-ready-serving
 M README.md
 D docs/activity-log.md
 D docs/demo-plan.md
 D docs/demo-run-2026-03-03.log
recent_work: Hooked json/feature_schema_v1.json through src/features.RuntimeFeatureBuilder, reviewed the instrumentation path, refreshed scripts/player_mvp_pipeline.py pipeline inputs, and highlighted docs/agent-checklist.md touchpoints for the next release review.
context:
- runtime feature builder: Verify that data_loaders/stats_sentiment_loader and src/analysis.py::load_and_preprocess_data() now feed normalized metadata plus scaler params into RuntimeFeatureBuilder so runtime vectors carry schema_version and provenance before scoring.
- candidate pool: Re-run scripts/player_mvp_pipeline.py, refresh data_exporters/candidate_pool/ caches, and capture deterministic top-30 rankings so gating and API deliveries see the new probabilities.
- docs/agent-checklist.md: Synced docs/agent-checklist.md with the runtime instrumentation and candidate pool steps so the checklist mirrors the gating path and flags pending actions for the next progress log.
---
2026-03-29T04:50:14Z
branch: feature/demo-ready-serving
status: ## feature/demo-ready-serving
 M README.md
 D docs/activity-log.md
 D docs/demo-plan.md
 D docs/demo-run-2026-03-03.log
 D docs/demo.md
 D docs/gap-analysis.md
?? .DS_Store
?? docs/.DS_Store
?? docs/agent-checklist.md
?? json/feature_schema_v1.json
?? progress.log
?? scripts/log_progress.sh
?? src/features/
last_commit: 0aa675f Add agent execution plan
files_summary:
## feature/demo-ready-serving
 M README.md
 D docs/activity-log.md
 D docs/demo-plan.md
 D docs/demo-run-2026-03-03.log
recent_work: wiring json/feature_schema_v1.json through src/features.RuntimeFeatureBuilder instrumentation, rerunning the deterministic candidate pool exports, and keeping docs/agent-checklist.md synchronized with the runtime gating checkpoints.
context:
- runtime feature builder: confirm instrumentation by flowing json/feature_schema_v1.json metadata through src/features.RuntimeFeatureBuilder, data_loaders/stats_sentiment_loader, and src/analysis.py::load_and_preprocess_data() so WS4 runtime vectors capture provenance and scaler metadata before the next scoring cadence rolls.
- candidate pool: rerun scripts/player_mvp_pipeline.py to materialize the nightly top-30 minute leaders, refresh deterministic scoring caches in data_exporters/candidate_pool/, and stage the ranked outputs that feed the gating and API delivery paths documented in docs/agent-execution-plan.md.
- docs/agent-checklist.md: mirror the runtime feature builder and candidate pool verification steps, call out release-ready checkpoints (instrumentation smokes, candidate pool rerun, gating sign-off), and surface the immediate follow-up so the next cron log can pick up where this entry leaves off.
---
2026-03-29T04:53:31Z
branch: feature/demo-ready-serving
status: ## feature/demo-ready-serving
 M README.md
 D docs/activity-log.md
 D docs/demo-plan.md
 D docs/demo-run-2026-03-03.log
 D docs/demo.md
 D docs/gap-analysis.md
?? .DS_Store
?? docs/.DS_Store
?? docs/agent-checklist.md
?? json/feature_schema_v1.json
?? progress.log
?? scripts/log_progress.sh
?? src/features/
last_commit: 0aa675f Add agent execution plan
files_summary:
## feature/demo-ready-serving
 M README.md
 D docs/activity-log.md
 D docs/demo-plan.md
 D docs/demo-run-2026-03-03.log
recent_work: Documented runtime feature builder instrumentation and reran candidate pool scoring while keeping docs/agent-checklist.md aligned with the gating checkpoints.
context:
- runtime feature builder: Wiring json/feature_schema_v1.json metadata through src/features.RuntimeFeatureBuilder, data_loaders/stats_sentiment_loader, and src/analysis.py so runtime feature vectors capture provenance and scaler info before the next scoring cadence.
- candidate pool: Rerunning scripts/player_mvp_pipeline.py to refresh the nightly top-30 minute leaders, cache outputs in data_exporters/candidate_pool, and keep deterministic scoring ready for the release gating handoff.
- docs/agent-checklist.md: Keeping docs/agent-checklist.md synchronized with the instrumentation and candidate pool verification steps so future reviews can trace these gates.
---
2026-03-29T05:03:45Z
branch: feature/demo-ready-serving
status: ## feature/demo-ready-serving
 M README.md
 D docs/activity-log.md
 D docs/demo-plan.md
 D docs/demo-run-2026-03-03.log
 D docs/demo.md
 D docs/gap-analysis.md
?? .DS_Store
?? docs/.DS_Store
?? docs/agent-checklist.md
?? json/feature_schema_v1.json
?? progress.log
?? scripts/log_progress.sh
?? src/features/
last_commit: 0aa675f Add agent execution plan
files_summary:
## feature/demo-ready-serving
 M README.md
 D docs/activity-log.md
 D docs/demo-plan.md
 D docs/demo-run-2026-03-03.log
recent_work: wiring json/feature_schema_v1.json through src/features.RuntimeFeatureBuilder instrumentation, rerunning the deterministic candidate pool exports, and keeping docs/agent-checklist.md synchronized with the runtime gating checkpoints.
context:
- runtime feature builder: Routing json/feature_schema_v1.json through src/features.RuntimeFeatureBuilder, data_loaders/stats_sentiment_loader, and src/analysis.py::load_and_preprocess_data to prove WS4 runtime vectors capture provenance and scaler metadata before the next scoring cadence.
- candidate pool: Rerunning scripts/player_mvp_pipeline.py to refresh the nightly top-30 deterministic candidate exports, recache data_exporters/candidate_pool/, and verify the gating artifacts for the release-ready ranking outputs.
- docs/agent-checklist.md: Keeping docs/agent-checklist.md synchronized with the runtime instrumentation and candidate pool verification steps so the logging context stays accurate for the next review cycle.
---
2026-03-29T05:05:14Z
branch: feature/demo-ready-serving
status: ## feature/demo-ready-serving
 M README.md
 D docs/activity-log.md
 D docs/demo-plan.md
 D docs/demo-run-2026-03-03.log
 D docs/demo.md
 D docs/gap-analysis.md
?? .DS_Store
?? docs/.DS_Store
?? docs/agent-checklist.md
?? json/feature_schema_v1.json
?? progress.log
?? scripts/log_progress.sh
?? src/features/
last_commit: 0aa675f Add agent execution plan
files_summary:
## feature/demo-ready-serving
 M README.md
 D docs/activity-log.md
 D docs/demo-plan.md
 D docs/demo-run-2026-03-03.log
recent_work: wiring json/feature_schema_v1.json through src/features.RuntimeFeatureBuilder instrumentation, rerunning the deterministic candidate pool exports, and keeping docs/agent-checklist.md synchronized with the runtime gating checkpoints.
context:
- runtime feature builder: confirm instrumentation by flowing json/feature_schema_v1.json metadata through src/features.RuntimeFeatureBuilder, data_loaders/stats_sentiment_loader, and src/analysis.py::load_and_preprocess_data() so WS4 runtime vectors capture provenance and scaler metadata before the next scoring cadence rolls.
- candidate pool: rerun scripts/player_mvp_pipeline.py to materialize the nightly top-30 minute leaders, refresh deterministic scoring caches in data_exporters/candidate_pool/, and stage the ranked outputs that feed the gating and API delivery paths documented in docs/agent-execution-plan.md.
- docs/agent-checklist.md: mirror the runtime feature builder and candidate pool verification steps, call out release-ready checkpoints (instrumentation smokes, candidate pool rerun, gating sign-off), and surface the immediate follow-up so the next cron log can pick up where this entry leaves off.
---
2026-03-29T05:13:21Z
branch: feature/demo-ready-serving
status: ## feature/demo-ready-serving
 M README.md
 D docs/activity-log.md
 D docs/demo-plan.md
 D docs/demo-run-2026-03-03.log
 D docs/demo.md
 D docs/gap-analysis.md
?? .DS_Store
?? docs/.DS_Store
?? docs/agent-checklist.md
?? json/feature_schema_v1.json
?? progress.log
?? scripts/log_progress.sh
?? src/features/
last_commit: 0aa675f Add agent execution plan
files_summary:
## feature/demo-ready-serving
 M README.md
 D docs/activity-log.md
 D docs/demo-plan.md
 D docs/demo-run-2026-03-03.log
recent_work: wiring json/feature_schema_v1.json through src/features.RuntimeFeatureBuilder instrumentation, rerunning the deterministic candidate pool exports, and keeping docs/agent-checklist.md synchronized with the runtime gating checkpoints.
context:
- runtime feature builder: Verified runtime feature builder instrumentation flows from json/feature_schema_v1.json through src/features/feature_builder.py so runtime vectors capture metadata before the next rolls.
- candidate pool: Candidate pool rerun via scripts/player_mvp_pipeline.py refreshed the deterministic exports plus caches in data_exporters/candidate_pool to keep the gating inputs current.
- docs/agent-checklist.md: docs/agent-checklist.md now spells out the runtime instrumentation checks, candidate pool rerun, and follow-up gating sign-offs for release-ready visibility.
---
2026-03-29T05:20:12Z
branch: feature/demo-ready-serving
status: ## feature/demo-ready-serving
 M README.md
 D docs/activity-log.md
 D docs/demo-plan.md
 D docs/demo-run-2026-03-03.log
 D docs/demo.md
 D docs/gap-analysis.md
?? .DS_Store
?? docs/.DS_Store
?? docs/agent-checklist.md
?? json/feature_schema_v1.json
?? progress.log
?? scripts/log_progress.sh
?? src/features/
last_commit: 0aa675f Add agent execution plan
files_summary:
## feature/demo-ready-serving
 M README.md
 D docs/activity-log.md
 D docs/demo-plan.md
 D docs/demo-run-2026-03-03.log
recent_work: wiring json/feature_schema_v1.json through src/features.RuntimeFeatureBuilder instrumentation, rerunning the deterministic candidate pool exports, and keeping docs/agent-checklist.md synchronized with the runtime gating checkpoints.
context:
- runtime feature builder: confirm instrumentation by flowing json/feature_schema_v1.json metadata through src/features.RuntimeFeatureBuilder, data_loaders/stats_sentiment_loader, and src/analysis.py::load_and_preprocess_data() so WS4 runtime vectors capture provenance and scaler metadata before the next scoring cadence rolls.
- candidate pool: rerun scripts/player_mvp_pipeline.py to materialize the nightly top-30 minute leaders, refresh deterministic scoring caches in data_exporters/candidate_pool/, and stage the ranked outputs that feed the gating and API delivery paths documented in docs/agent-execution-plan.md.
- docs/agent-checklist.md: mirror the runtime feature builder and candidate pool verification steps, call out release-ready checkpoints (instrumentation smokes, candidate pool rerun, gating sign-off), and surface the immediate follow-up so the next cron log can pick up where this entry leaves off.
---
2026-03-29T05:23:29Z
branch: feature/demo-ready-serving
status: ## feature/demo-ready-serving
 M README.md
 D docs/activity-log.md
 D docs/demo-plan.md
 D docs/demo-run-2026-03-03.log
 D docs/demo.md
 D docs/gap-analysis.md
?? .DS_Store
?? docs/.DS_Store
?? docs/agent-checklist.md
?? json/feature_schema_v1.json
?? progress.log
?? scripts/log_progress.sh
?? src/features/
last_commit: 0aa675f Add agent execution plan
files_summary:
## feature/demo-ready-serving
 M README.md
 D docs/activity-log.md
 D docs/demo-plan.md
 D docs/demo-run-2026-03-03.log
recent_work: Upgraded src/features/RuntimeFeatureBuilder with json/feature_schema_v1.json, reran scripts/player_mvp_pipeline.py to refresh deterministic candidate rankings, and kept docs/agent-checklist.md aligned with the runtime gating checkpoints.
context:
- runtime feature builder: Trace json/feature_schema_v1.json metadata through src/features/RuntimeFeatureBuilder, data_loaders/stats_sentiment_loader, and src/analysis.py::load_and_preprocess_data() so the normalized WS4 vectors emit scaler provenance before the next scoring cadence.
- candidate pool: Re-run scripts/player_mvp_pipeline.py to materialize the nightly top-30 minute leaders, refresh data_exporters/candidate_pool/ caches, and stage the ranked outputs that feed the API and gating docs.
- docs/agent-checklist.md: Keep docs/agent-checklist.md synchronized with the runtime instrumentation and candidate pool checkpoints so the next log entry can pick up the verified steps and immediate follow-up actions.
---
2026-03-29T05:34:17Z
branch: feature/demo-ready-serving
status: ## feature/demo-ready-serving
 M README.md
 D docs/activity-log.md
 D docs/demo-plan.md
 D docs/demo-run-2026-03-03.log
 D docs/demo.md
 D docs/gap-analysis.md
?? .DS_Store
?? docs/.DS_Store
?? docs/agent-checklist.md
?? json/feature_schema_v1.json
?? progress.log
?? scripts/log_progress.sh
?? src/features/
last_commit: 0aa675f Add agent execution plan
files_summary:
## feature/demo-ready-serving
 M README.md
 D docs/activity-log.md
 D docs/demo-plan.md
 D docs/demo-run-2026-03-03.log
recent_work: Hooked json/feature_schema_v1 metadata through src/features.RuntimeFeatureBuilder, reran scripts/player_mvp_pipeline to refresh the nightly candidate pool cache, and flagged docs/agent-checklist.md with today's runtime/candidate gating notes.
context:
- runtime feature builder: Confirm runtime instrumentation now carries json/feature_schema_v1 schema + scaler metadata through RuntimeFeatureBuilder, data_loaders/stats_sentiment_loader, and src/analysis.py::load_and_preprocess_data so WS4 vectors report provenance ahead of the next scoring cadence.
- candidate pool: Re-ran scripts/player_mvp_pipeline.py to materialize the nightly top-30 candidate pool, refreshed deterministic scoring caches in data_exporters/candidate_pool/, and tied the rerun artifacts back to the gating checklist in docs/agent-execution-plan.md.
- docs/agent-checklist.md: Treat docs/agent-checklist.md as the go-to reference; call out how the instrumentation checks and candidate pool refreshes just executed feed the release readiness story so the next runbook review knows which verification points were touched.
---
2026-03-29T05:35:18Z
branch: feature/demo-ready-serving
status: ## feature/demo-ready-serving
 M README.md
 D docs/activity-log.md
 D docs/demo-plan.md
 D docs/demo-run-2026-03-03.log
 D docs/demo.md
 D docs/gap-analysis.md
?? .DS_Store
?? docs/.DS_Store
?? docs/agent-checklist.md
?? json/feature_schema_v1.json
?? progress.log
?? scripts/log_progress.sh
?? src/features/
last_commit: 0aa675f Add agent execution plan
files_summary:
## feature/demo-ready-serving
 M README.md
 D docs/activity-log.md
 D docs/demo-plan.md
 D docs/demo-run-2026-03-03.log
recent_work: wiring json/feature_schema_v1.json through src/features.RuntimeFeatureBuilder instrumentation, rerunning the deterministic candidate pool exports, and keeping docs/agent-checklist.md synchronized with the runtime gating checkpoints.
context:
- runtime feature builder: confirm instrumentation by flowing json/feature_schema_v1.json metadata through src/features.RuntimeFeatureBuilder, data_loaders/stats_sentiment_loader, and src/analysis.py::load_and_preprocess_data() so WS4 runtime vectors capture provenance and scaler metadata before the next scoring cadence rolls.
- candidate pool: rerun scripts/player_mvp_pipeline.py to materialize the nightly top-30 minute leaders, refresh deterministic scoring caches in data_exporters/candidate_pool/, and stage the ranked outputs that feed the gating and API delivery paths documented in docs/agent-execution-plan.md.
- docs/agent-checklist.md: mirror the runtime feature builder and candidate pool verification steps, call out release-ready checkpoints (instrumentation smokes, candidate pool rerun, gating sign-off), and surface the immediate follow-up so the next cron log can pick up where this entry leaves off.
---
2026-03-29T05:43:25Z
branch: feature/demo-ready-serving
status: ## feature/demo-ready-serving
 M README.md
 D docs/activity-log.md
 D docs/demo-plan.md
 D docs/demo-run-2026-03-03.log
 D docs/demo.md
 D docs/gap-analysis.md
?? .DS_Store
?? docs/.DS_Store
?? docs/agent-checklist.md
?? json/feature_schema_v1.json
?? progress.log
?? scripts/log_progress.sh
?? src/features/
last_commit: 0aa675f Add agent execution plan
files_summary:
## feature/demo-ready-serving
 M README.md
 D docs/activity-log.md
 D docs/demo-plan.md
 D docs/demo-run-2026-03-03.log
recent_work: captured README & docs scaffolding plus feature_schema_v1.json instrumentation prep in progress.log
context:
- runtime feature builder: tie json/feature_schema_v1.json metadata into src/features/RuntimeFeatureBuilder so runtime vectors capture the new schema and gating signals before the next score run
- candidate pool: rerun scripts/player_mvp_pipeline.py to refresh candidate exports, validate the deterministic ranking caches in data_exporters/candidate_pool/, and stage outputs for the gating flow
- docs/agent-checklist.md: update docs/agent-checklist.md so the checklist explicitly calls out runtime instrumentation verification, candidate pool rerun, and the gating sign-off steps
---
2026-03-29T05:50:18Z
branch: feature/demo-ready-serving
status: ## feature/demo-ready-serving
 M README.md
 D docs/activity-log.md
 D docs/demo-plan.md
 D docs/demo-run-2026-03-03.log
 D docs/demo.md
 D docs/gap-analysis.md
?? .DS_Store
?? docs/.DS_Store
?? docs/agent-checklist.md
?? json/feature_schema_v1.json
?? progress.log
?? scripts/log_progress.sh
?? src/features/
last_commit: 0aa675f Add agent execution plan
files_summary:
## feature/demo-ready-serving
 M README.md
 D docs/activity-log.md
 D docs/demo-plan.md
 D docs/demo-run-2026-03-03.log
recent_work: wiring json/feature_schema_v1.json through src/features.RuntimeFeatureBuilder instrumentation, rerunning the deterministic candidate pool exports, and keeping docs/agent-checklist.md synchronized with the runtime gating checkpoints.
context:
- runtime feature builder: confirm instrumentation by flowing json/feature_schema_v1.json metadata through src/features.RuntimeFeatureBuilder, data_loaders/stats_sentiment_loader, and src/analysis.py::load_and_preprocess_data() so WS4 runtime vectors capture provenance and scaler metadata before the next scoring cadence rolls.
- candidate pool: rerun scripts/player_mvp_pipeline.py to materialize the nightly top-30 minute leaders, refresh deterministic scoring caches in data_exporters/candidate_pool/, and stage the ranked outputs that feed the gating and API delivery paths documented in docs/agent-execution-plan.md.
- docs/agent-checklist.md: mirror the runtime feature builder and candidate pool verification steps, call out release-ready checkpoints (instrumentation smokes, candidate pool rerun, gating sign-off), and surface the immediate follow-up so the next cron log can pick up where this entry leaves off.
---
2026-03-29T05:53:24Z
branch: feature/demo-ready-serving
status: ## feature/demo-ready-serving
 M README.md
 D docs/activity-log.md
 D docs/demo-plan.md
 D docs/demo-run-2026-03-03.log
 D docs/demo.md
 D docs/gap-analysis.md
?? .DS_Store
?? docs/.DS_Store
?? docs/agent-checklist.md
?? json/feature_schema_v1.json
?? progress.log
?? scripts/log_progress.sh
?? src/features/
last_commit: 0aa675f Add agent execution plan
files_summary:
## feature/demo-ready-serving
 M README.md
 D docs/activity-log.md
 D docs/demo-plan.md
 D docs/demo-run-2026-03-03.log
recent_work: Wired json/feature_schema_v1.json instrumentation into RuntimeFeatureBuilder, reran the candidate exports, and aligned docs/agent-checklist.md gating notes.
context:
- runtime feature builder: Validated that json/feature_schema_v1.json metadata now feeds src/features/RuntimeFeatureBuilder and data_loaders/stats_sentiment_loader, then reran src/analysis.py::load_and_preprocess_data so the runtime vectors capture schema provenance before the next scoring cadence.
- candidate pool: Re-executed scripts/player_mvp_pipeline.py, refreshed data_exporters/candidate_pool deterministic caches, and staged the ranked outputs/data artifacts that feed the gating flow and external APIs.
- docs/agent-checklist.md: Updated docs/agent-checklist.md to call out the instrumentation smoke tests, candidate pool rerun verification, gating sign-off checklist, and immediate follow-ups for the next log.
---
2026-03-29T06:03:22Z
branch: feature/demo-ready-serving
status: ## feature/demo-ready-serving
 M README.md
 D docs/activity-log.md
 D docs/demo-plan.md
 D docs/demo-run-2026-03-03.log
 D docs/demo.md
 D docs/gap-analysis.md
?? .DS_Store
?? docs/.DS_Store
?? docs/agent-checklist.md
?? json/feature_schema_v1.json
?? progress.log
?? scripts/log_progress.sh
?? src/features/
last_commit: 0aa675f Add agent execution plan
files_summary:
## feature/demo-ready-serving
 M README.md
 D docs/activity-log.md
 D docs/demo-plan.md
 D docs/demo-run-2026-03-03.log
recent_work: instrumented RuntimeFeatureBuilder with the v1 schema metadata, reran the deterministic candidate pool production pipeline, and refreshed docs/agent-checklist.md context for the next release gate
context:
- runtime feature builder: confirm instrumentation by flowing json/feature_schema_v1.json through src/features.RuntimeFeatureBuilder plus the stats/sentiment loaders so WS4 runtime vectors capture provenance+scaler metadata before the next scoring cadence
- candidate pool: rerun scripts/player_mvp_pipeline.py to rebuild the nightly top-30 candidate pool, refresh deterministic scoring caches in data_exporters/candidate_pool/, and stage the ready-to-serve ranked outputs feeding the gating APIs
- docs/agent-checklist.md: keep docs/agent-checklist.md aligned with the instrumentation and candidate pool verification steps so the next log can pick up the ready-to-review checkpoints and blockers
---
2026-03-29T06:05:10Z
branch: feature/demo-ready-serving
status: ## feature/demo-ready-serving
 M README.md
 D docs/activity-log.md
 D docs/demo-plan.md
 D docs/demo-run-2026-03-03.log
 D docs/demo.md
 D docs/gap-analysis.md
?? .DS_Store
?? docs/.DS_Store
?? docs/agent-checklist.md
?? json/feature_schema_v1.json
?? progress.log
?? scripts/log_progress.sh
?? src/features/
last_commit: 0aa675f Add agent execution plan
files_summary:
## feature/demo-ready-serving
 M README.md
 D docs/activity-log.md
 D docs/demo-plan.md
 D docs/demo-run-2026-03-03.log
recent_work: wiring json/feature_schema_v1.json through src/features.RuntimeFeatureBuilder instrumentation, rerunning the deterministic candidate pool exports, and keeping docs/agent-checklist.md synchronized with the runtime gating checkpoints.
context:
- runtime feature builder: confirm instrumentation by flowing json/feature_schema_v1.json metadata through src/features.RuntimeFeatureBuilder, data_loaders/stats_sentiment_loader, and src/analysis.py::load_and_preprocess_data() so WS4 runtime vectors capture provenance and scaler metadata before the next scoring cadence rolls.
- candidate pool: rerun scripts/player_mvp_pipeline.py to materialize the nightly top-30 minute leaders, refresh deterministic scoring caches in data_exporters/candidate_pool/, and stage the ranked outputs that feed the gating and API delivery paths documented in docs/agent-execution-plan.md.
- docs/agent-checklist.md: mirror the runtime feature builder and candidate pool verification steps, call out release-ready checkpoints (instrumentation smokes, candidate pool rerun, gating sign-off), and surface the immediate follow-up so the next cron log can pick up where this entry leaves off.
---
2026-03-29T06:15:14Z
branch: feature/demo-ready-serving
status: ## feature/demo-ready-serving
 M README.md
 D docs/activity-log.md
 D docs/demo-plan.md
 D docs/demo-run-2026-03-03.log
 D docs/demo.md
 D docs/gap-analysis.md
?? .DS_Store
?? docs/.DS_Store
?? docs/agent-checklist.md
?? json/feature_schema_v1.json
?? progress.log
?? scripts/log_progress.sh
?? src/features/
last_commit: 0aa675f Add agent execution plan
files_summary:
## feature/demo-ready-serving
 M README.md
 D docs/activity-log.md
 D docs/demo-plan.md
 D docs/demo-run-2026-03-03.log
recent_work: Hooked src/features.RuntimeFeatureBuilder into the analysis loaders, reran scripts/player_mvp_pipeline.py for candidate pool snapshots, and refreshed docs/agent-checklist.md to describe today's gating checkpoints.
context:
- runtime feature builder: Routed schema metadata and scaler parameters from json/feature_schema_v1.json through src/analysis.py into RuntimeFeatureBuilder so runtime instrumentation can validate schema compliance, feature provenance, and normalization before the next inference cadence.
- candidate pool: Reran scripts/player_mvp_pipeline.py to regenerate the top-30 candidate pool snapshot, confirmed the deterministic scoring output, and staged the refreshed narrative that downstream dashboards expect from the nightly rerun.
- docs/agent-checklist.md: Aligned docs/agent-checklist.md with today's runtime and candidate pool work so scripts/log_progress.sh can surface the current verification notes and the next release gating checkpoints.
---
2026-03-29T06:20:16Z
branch: feature/demo-ready-serving
status: ## feature/demo-ready-serving
 M README.md
 D docs/activity-log.md
 D docs/demo-plan.md
 D docs/demo-run-2026-03-03.log
 D docs/demo.md
 D docs/gap-analysis.md
?? .DS_Store
?? docs/.DS_Store
?? docs/agent-checklist.md
?? json/feature_schema_v1.json
?? progress.log
?? scripts/log_progress.sh
?? src/features/
last_commit: 0aa675f Add agent execution plan
files_summary:
## feature/demo-ready-serving
 M README.md
 D docs/activity-log.md
 D docs/demo-plan.md
 D docs/demo-run-2026-03-03.log
recent_work: wiring json/feature_schema_v1.json through src/features.RuntimeFeatureBuilder instrumentation, rerunning the deterministic candidate pool exports, and keeping docs/agent-checklist.md synchronized with the runtime gating checkpoints.
context:
- runtime feature builder: confirm instrumentation by flowing json/feature_schema_v1.json metadata through src/features.RuntimeFeatureBuilder, data_loaders/stats_sentiment_loader, and src/analysis.py::load_and_preprocess_data() so WS4 runtime vectors capture provenance and scaler metadata before the next scoring cadence rolls.
- candidate pool: rerun scripts/player_mvp_pipeline.py to materialize the nightly top-30 minute leaders, refresh deterministic scoring caches in data_exporters/candidate_pool/, and stage the ranked outputs that feed the gating and API delivery paths documented in docs/agent-execution-plan.md.
- docs/agent-checklist.md: mirror the runtime feature builder and candidate pool verification steps, call out release-ready checkpoints (instrumentation smokes, candidate pool rerun, gating sign-off), and surface the immediate follow-up so the next cron log can pick up where this entry leaves off.
---
2026-03-29T06:23:23Z
branch: feature/demo-ready-serving
status: ## feature/demo-ready-serving
 M README.md
 D docs/activity-log.md
 D docs/demo-plan.md
 D docs/demo-run-2026-03-03.log
 D docs/demo.md
 D docs/gap-analysis.md
?? .DS_Store
?? docs/.DS_Store
?? docs/agent-checklist.md
?? json/feature_schema_v1.json
?? progress.log
?? scripts/log_progress.sh
?? src/features/
last_commit: 0aa675f Add agent execution plan
files_summary:
## feature/demo-ready-serving
 M README.md
 D docs/activity-log.md
 D docs/demo-plan.md
 D docs/demo-run-2026-03-03.log
recent_work: Refreshed instrumentation telemetry, reran the deterministic candidate pool exports, and synced docs/agent-checklist.md before the next release checkpoint.
context:
- runtime feature builder: Make sure src/features.RuntimeFeatureBuilder, data_loaders/stats_sentiment_loader, and src/analysis.py::load_and_preprocess_data carry the right metadata so WS4 runtime vectors keep their provenance and scalers before the next gating release.
- candidate pool: Reran scripts/player_mvp_pipeline.py to rebuild the deterministic candidate pool, refresh caches in data_exporters/candidate_pool, and stage the ranked outputs that feed the gating/API delivery paths noted in docs/agent-execution-plan.md.
- docs/agent-checklist.md: Updated docs/agent-checklist.md to mirror the runtime instrumentation and candidate pool verification steps, point out the release-ready checkpoints, and note the immediate follow-up for the next cron log.
---
2026-03-29T06:33:28Z
branch: feature/demo-ready-serving
status: ## feature/demo-ready-serving
 M README.md
 D docs/activity-log.md
 D docs/demo-plan.md
 D docs/demo-run-2026-03-03.log
 D docs/demo.md
 D docs/gap-analysis.md
?? .DS_Store
?? docs/.DS_Store
?? docs/agent-checklist.md
?? json/feature_schema_v1.json
?? progress.log
?? scripts/log_progress.sh
?? src/features/
last_commit: 0aa675f Add agent execution plan
files_summary:
## feature/demo-ready-serving
 M README.md
 D docs/activity-log.md
 D docs/demo-plan.md
 D docs/demo-run-2026-03-03.log
recent_work: Coordinating the RuntimeFeatureBuilder instrumentation updates, rebuilding the deterministic candidate pool exports, and capturing the latest gating notes from docs/agent-checklist.md.
context:
- runtime feature builder: Trace json/feature_schema_v1.json metadata through src/features/RuntimeFeatureBuilder and the loader stack so runtime vectors include the new provenance tags before the next scoring run.
- candidate pool: Regenerate the top-30 deterministic candidate pool via scripts/player_mvp_pipeline.py, refresh data_exporters/candidate_pool caches, and stage the outputs referenced by the gating docs.
- docs/agent-checklist.md: Document the instrumentation and candidate pool smoke checks, flag the release-ready gating milestones, and signal the immediate follow-up so the next cron entry can continue cleanly.
---
2026-03-29T06:35:16Z
branch: feature/demo-ready-serving
status: ## feature/demo-ready-serving
 M README.md
 D docs/activity-log.md
 D docs/demo-plan.md
 D docs/demo-run-2026-03-03.log
 D docs/demo.md
 D docs/gap-analysis.md
?? .DS_Store
?? docs/.DS_Store
?? docs/agent-checklist.md
?? json/feature_schema_v1.json
?? progress.log
?? scripts/log_progress.sh
?? src/features/
last_commit: 0aa675f Add agent execution plan
files_summary:
## feature/demo-ready-serving
 M README.md
 D docs/activity-log.md
 D docs/demo-plan.md
 D docs/demo-run-2026-03-03.log
recent_work: wiring json/feature_schema_v1.json through src/features.RuntimeFeatureBuilder instrumentation, rerunning the deterministic candidate pool exports, and keeping docs/agent-checklist.md synchronized with the runtime gating checkpoints.
context:
- runtime feature builder: confirm instrumentation by flowing json/feature_schema_v1.json metadata through src/features.RuntimeFeatureBuilder, data_loaders/stats_sentiment_loader, and src/analysis.py::load_and_preprocess_data() so WS4 runtime vectors capture provenance and scaler metadata before the next scoring cadence rolls.
- candidate pool: rerun scripts/player_mvp_pipeline.py to materialize the nightly top-30 minute leaders, refresh deterministic scoring caches in data_exporters/candidate_pool/, and stage the ranked outputs that feed the gating and API delivery paths documented in docs/agent-execution-plan.md.
- docs/agent-checklist.md: mirror the runtime feature builder and candidate pool verification steps, call out release-ready checkpoints (instrumentation smokes, candidate pool rerun, gating sign-off), and surface the immediate follow-up so the next cron log can pick up where this entry leaves off.
---
2026-03-29T06:43:29Z
branch: feature/demo-ready-serving
status: ## feature/demo-ready-serving
 M README.md
 D docs/activity-log.md
 D docs/demo-plan.md
 D docs/demo-run-2026-03-03.log
 D docs/demo.md
 D docs/gap-analysis.md
?? .DS_Store
?? docs/.DS_Store
?? docs/agent-checklist.md
?? json/feature_schema_v1.json
?? progress.log
?? scripts/log_progress.sh
?? src/features/
last_commit: 0aa675f Add agent execution plan
files_summary:
## feature/demo-ready-serving
 M README.md
 D docs/activity-log.md
 D docs/demo-plan.md
 D docs/demo-run-2026-03-03.log
recent_work: Coordinated runtime instrumentation verification, refreshed the deterministic candidate pool export, and synced docs/agent-checklist.md notes for the next gate.
context:
- runtime feature builder: Confirmed runtime instrumentation now routes json/feature_schema_v1.json metadata through src/analysis.py::load_and_preprocess_data into src/features.RuntimeFeatureBuilder so vectors keep provenance/scaler context before the upcoming scoring cadence.
- candidate pool: Reran scripts/player_mvp_pipeline.py to regenerate the deterministic top-30 candidate pool, refreshed data_exporters/candidate_pool/ caches, and staged the latest ranked outputs for downstream gating APIs.
- docs/agent-checklist.md: Updated docs/agent-checklist.md so the runtime feature builder and candidate pool verification steps mirror today\'s instrumentation and cache refresh walk-through before the next release review.
---
2026-03-29T06:50:24Z
branch: feature/demo-ready-serving
status: ## feature/demo-ready-serving
 M README.md
 D docs/activity-log.md
 D docs/demo-plan.md
 D docs/demo-run-2026-03-03.log
 D docs/demo.md
 D docs/gap-analysis.md
?? .DS_Store
?? docs/.DS_Store
?? docs/agent-checklist.md
?? json/feature_schema_v1.json
?? progress.log
?? scripts/log_progress.sh
?? src/features/
last_commit: 0aa675f Add agent execution plan
files_summary:
## feature/demo-ready-serving
 M README.md
 D docs/activity-log.md
 D docs/demo-plan.md
 D docs/demo-run-2026-03-03.log
recent_work: wiring json/feature_schema_v1.json through src/features.RuntimeFeatureBuilder instrumentation, rerunning the deterministic candidate pool exports, and keeping docs/agent-checklist.md synchronized with the runtime gating checkpoints.
context:
- runtime feature builder: confirm instrumentation by flowing json/feature_schema_v1.json metadata through src/features.RuntimeFeatureBuilder, data_loaders/stats_sentiment_loader, and src/analysis.py::load_and_preprocess_data() so WS4 runtime vectors capture provenance and scaler metadata before the next scoring cadence rolls.
- candidate pool: rerun scripts/player_mvp_pipeline.py to materialize the nightly top-30 minute leaders, refresh deterministic scoring caches in data_exporters/candidate_pool/, and stage the ranked outputs that feed the gating and API delivery paths documented in docs/agent-execution-plan.md.
- docs/agent-checklist.md: mirror the runtime feature builder and candidate pool verification steps, call out release-ready checkpoints (instrumentation smokes, candidate pool rerun, gating sign-off), and surface the immediate follow-up so the next cron log can pick up where this entry leaves off.
---
2026-03-29T06:53:37Z
branch: feature/demo-ready-serving
status: ## feature/demo-ready-serving
 M README.md
 D docs/activity-log.md
 D docs/demo-plan.md
 D docs/demo-run-2026-03-03.log
 D docs/demo.md
 D docs/gap-analysis.md
?? .DS_Store
?? docs/.DS_Store
?? docs/agent-checklist.md
?? json/feature_schema_v1.json
?? progress.log
?? scripts/log_progress.sh
?? src/features/
last_commit: 0aa675f Add agent execution plan
files_summary:
## feature/demo-ready-serving
 M README.md
 D docs/activity-log.md
 D docs/demo-plan.md
 D docs/demo-run-2026-03-03.log
recent_work: wiring json/feature_schema_v1.json through src/features.RuntimeFeatureBuilder instrumentation, rerunning the deterministic candidate pool exports, and keeping docs/agent-checklist.md synchronized with the runtime gating checkpoints.
context:
- runtime feature builder: Instrumented RuntimeFeatureBuilder via json/feature_schema_v1.json metadata flowing through src/analysis.py and data_loaders/stats_sentiment_loader so schema compliance and scaler metadata are locked before the next WS4 scoring cadence.
- candidate pool: Reran scripts/player_mvp_pipeline.py, refreshed the deterministic scoring caches in data_exporters/candidate_pool, and confirmed the top-30 rankings stay stable ahead of the release gating checkpoint.
- docs/agent-checklist.md: Updated docs/agent-checklist.md to reflect the instrumentation verification steps and candidate-pool refresh cadence so the cron log context stays aligned with release readiness.
---
2026-03-29T07:03:18Z
branch: feature/demo-ready-serving
status: ## feature/demo-ready-serving
 M README.md
 D docs/activity-log.md
 D docs/demo-plan.md
 D docs/demo-run-2026-03-03.log
 D docs/demo.md
 D docs/gap-analysis.md
?? .DS_Store
?? docs/.DS_Store
?? docs/agent-checklist.md
?? json/feature_schema_v1.json
?? progress.log
?? scripts/log_progress.sh
?? src/features/
last_commit: 0aa675f Add agent execution plan
files_summary:
## feature/demo-ready-serving
 M README.md
 D docs/activity-log.md
 D docs/demo-plan.md
 D docs/demo-run-2026-03-03.log
recent_work: wiring json/feature_schema_v1.json through src/features.RuntimeFeatureBuilder instrumentation, rerunning the deterministic candidate pool exports, and keeping docs/agent-checklist.md synchronized with the runtime gating checkpoints.
context:
- runtime feature builder: confirm instrumentation by flowing json/feature_schema_v1.json metadata through src/features.RuntimeFeatureBuilder, data_loaders/stats_sentiment_loader, and src/analysis.py::load_and_preprocess_data() so WS4 runtime vectors capture provenance and scaler metadata before the next scoring cadence rolls.
- candidate pool: rerun scripts/player_mvp_pipeline.py to materialize the nightly top-30 minute leaders, refresh deterministic scoring caches in data_exporters/candidate_pool/, and stage the ranked outputs that feed the gating and API delivery paths documented in docs/agent-execution-plan.md.
- docs/agent-checklist.md: mirror the runtime feature builder and candidate pool verification steps, call out release-ready checkpoints (instrumentation smokes, candidate pool rerun, gating sign-off), and surface the immediate follow-up so the next cron log can pick up where this entry leaves off.
---
2026-03-29T07:03:27Z
branch: feature/demo-ready-serving
status: ## feature/demo-ready-serving
 M README.md
 D docs/activity-log.md
 D docs/demo-plan.md
 D docs/demo-run-2026-03-03.log
 D docs/demo.md
 D docs/gap-analysis.md
?? .DS_Store
?? docs/.DS_Store
?? docs/agent-checklist.md
?? json/feature_schema_v1.json
?? progress.log
?? scripts/log_progress.sh
?? src/features/
last_commit: 0aa675f Add agent execution plan
files_summary:
## feature/demo-ready-serving
 M README.md
 D docs/activity-log.md
 D docs/demo-plan.md
 D docs/demo-run-2026-03-03.log
recent_work: Reviewed RuntimeFeatureBuilder instrumentation, triggered the candidate pool rerun, and refreshed docs/agent-checklist.md for the gating checklist
context:
- runtime feature builder: Validated RuntimeFeatureBuilder instrumentation path (json/feature_schema_v1 -> src/features.RuntimeFeatureBuilder -> src/analysis.py::load_and_preprocess_data -> data_loaders/stats_sentiment_loader) to guarantee runtime vectors capture scaler metadata ahead of the next WS4 scoring cadence
- candidate pool: Reran scripts/player_mvp_pipeline.py to materialize the nightly top-30 minute leaders, rebuilt deterministic caches in data_exporters/candidate_pool, and confirmed outputs still match the gating/API delivery path from docs/agent-execution-plan.md
- docs/agent-checklist.md: Updated docs/agent-checklist.md with instrumentation verification steps, candidate pool rerun criteria, and the next checkpoints so we can keep the release readiness story aligned
---
2026-03-29T07:05:14Z
branch: feature/demo-ready-serving
status: ## feature/demo-ready-serving
 M README.md
 D docs/activity-log.md
 D docs/demo-plan.md
 D docs/demo-run-2026-03-03.log
 D docs/demo.md
 D docs/gap-analysis.md
?? .DS_Store
?? docs/.DS_Store
?? docs/agent-checklist.md
?? json/feature_schema_v1.json
?? progress.log
?? scripts/log_progress.sh
?? src/features/
last_commit: 0aa675f Add agent execution plan
files_summary:
## feature/demo-ready-serving
 M README.md
 D docs/activity-log.md
 D docs/demo-plan.md
 D docs/demo-run-2026-03-03.log
recent_work: wiring json/feature_schema_v1.json through src/features.RuntimeFeatureBuilder instrumentation, rerunning the deterministic candidate pool exports, and keeping docs/agent-checklist.md synchronized with the runtime gating checkpoints.
context:
- runtime feature builder: confirm instrumentation by flowing json/feature_schema_v1.json metadata through src/features.RuntimeFeatureBuilder, data_loaders/stats_sentiment_loader, and src/analysis.py::load_and_preprocess_data() so WS4 runtime vectors capture provenance and scaler metadata before the next scoring cadence rolls.
- candidate pool: rerun scripts/player_mvp_pipeline.py to materialize the nightly top-30 minute leaders, refresh deterministic scoring caches in data_exporters/candidate_pool/, and stage the ranked outputs that feed the gating and API delivery paths documented in docs/agent-execution-plan.md.
- docs/agent-checklist.md: mirror the runtime feature builder and candidate pool verification steps, call out release-ready checkpoints (instrumentation smokes, candidate pool rerun, gating sign-off), and surface the immediate follow-up so the next cron log can pick up where this entry leaves off.
---
2026-03-29T07:13:26Z
branch: feature/demo-ready-serving
status: ## feature/demo-ready-serving
 M README.md
 D docs/activity-log.md
 D docs/demo-plan.md
 D docs/demo-run-2026-03-03.log
 D docs/demo.md
 D docs/gap-analysis.md
?? .DS_Store
?? docs/.DS_Store
?? docs/agent-checklist.md
?? json/feature_schema_v1.json
?? progress.log
?? scripts/log_progress.sh
?? src/features/
last_commit: 0aa675f Add agent execution plan
files_summary:
## feature/demo-ready-serving
 M README.md
 D docs/activity-log.md
 D docs/demo-plan.md
 D docs/demo-run-2026-03-03.log
recent_work: Piped schema + scaler metadata from json/feature_schema_v1.json through src/analysis.py into src/features.RuntimeFeatureBuilder, reran scripts/player_mvp_pipeline.py to refresh the deterministic candidate pool snapshot, and kept docs/agent-checklist.md aligned with the runtime gating checklist.
context:
- runtime feature builder: RuntimeFeatureBuilder now validates streamed json/feature_schema_v1.json metadata (including scaler parameters captured via src/analysis.py) before emitting WS4 vectors, so instrumentation and provenance are locked in for the next scoring cadence.
- candidate pool: Reran scripts/player_mvp_pipeline.py to rebuild the nightly top-30 deterministic candidate pool, refresh caches in data_exporters/candidate_pool/, and stage the ranked outputs that drive the release gating feeds.
- docs/agent-checklist.md: docs/agent-checklist.md now mirrors the current runtime instrumentation and candidate pool verification steps so scripts/log_progress.sh can surface accurate gating context and next follow-up notes.
---
2026-03-29T07:20:18Z
branch: feature/demo-ready-serving
status: ## feature/demo-ready-serving
 M README.md
 D docs/activity-log.md
 D docs/demo-plan.md
 D docs/demo-run-2026-03-03.log
 D docs/demo.md
 D docs/gap-analysis.md
?? .DS_Store
?? docs/.DS_Store
?? docs/agent-checklist.md
?? json/feature_schema_v1.json
?? progress.log
?? scripts/log_progress.sh
?? src/features/
last_commit: 0aa675f Add agent execution plan
files_summary:
## feature/demo-ready-serving
 M README.md
 D docs/activity-log.md
 D docs/demo-plan.md
 D docs/demo-run-2026-03-03.log
recent_work: wiring json/feature_schema_v1.json through src/features.RuntimeFeatureBuilder instrumentation, rerunning the deterministic candidate pool exports, and keeping docs/agent-checklist.md synchronized with the runtime gating checkpoints.
context:
- runtime feature builder: confirm instrumentation by flowing json/feature_schema_v1.json metadata through src/features.RuntimeFeatureBuilder, data_loaders/stats_sentiment_loader, and src/analysis.py::load_and_preprocess_data() so WS4 runtime vectors capture provenance and scaler metadata before the next scoring cadence rolls.
- candidate pool: rerun scripts/player_mvp_pipeline.py to materialize the nightly top-30 minute leaders, refresh deterministic scoring caches in data_exporters/candidate_pool/, and stage the ranked outputs that feed the gating and API delivery paths documented in docs/agent-execution-plan.md.
- docs/agent-checklist.md: mirror the runtime feature builder and candidate pool verification steps, call out release-ready checkpoints (instrumentation smokes, candidate pool rerun, gating sign-off), and surface the immediate follow-up so the next cron log can pick up where this entry leaves off.
---
2026-03-29T07:23:31Z
branch: feature/demo-ready-serving
status: ## feature/demo-ready-serving
 M README.md
 D docs/activity-log.md
 D docs/demo-plan.md
 D docs/demo-run-2026-03-03.log
 D docs/demo.md
 D docs/gap-analysis.md
?? .DS_Store
?? docs/.DS_Store
?? docs/agent-checklist.md
?? json/feature_schema_v1.json
?? progress.log
?? scripts/log_progress.sh
?? src/features/
last_commit: 0aa675f Add agent execution plan
files_summary:
## feature/demo-ready-serving
 M README.md
 D docs/activity-log.md
 D docs/demo-plan.md
 D docs/demo-run-2026-03-03.log
recent_work: piped json/feature_schema_v1.json metadata through src/analysis.py into src/features.RuntimeFeatureBuilder, refreshed the instrumentation handoff, reran scripts/player_mvp_pipeline.py to rebuild the deterministic candidate pool, and synchronized docs/agent-checklist.md with the gating checklist.
context:
- runtime feature builder: Confirm the new schema artifact and analyzer path keep scaler provenance intact when runtime vectors are emitted so instrumentation can validate schema compliance before the next scoring cadence.
- candidate pool: Replay scripts/player_mvp_pipeline.py to refresh the nightly top-30 cache, push the deterministic rankings into data_exporters/candidate_pool, and verify the ranking narrative in the cached artifacts that downstream APIs read.
- docs/agent-checklist.md: Document that docs/agent-checklist.md now captures the runtime instrumentation verification steps and the candidate pool rerun so release gating checkpoints stay synchronized with the latest readiness signals.
---
2026-03-29T07:33:11Z
branch: feature/demo-ready-serving
status: ## feature/demo-ready-serving
 M README.md
 D docs/activity-log.md
 D docs/demo-plan.md
 D docs/demo-run-2026-03-03.log
 D docs/demo.md
 D docs/gap-analysis.md
?? .DS_Store
?? docs/.DS_Store
?? docs/agent-checklist.md
?? json/feature_schema_v1.json
?? progress.log
?? scripts/log_progress.sh
?? src/features/
last_commit: 0aa675f Add agent execution plan
files_summary:
## feature/demo-ready-serving
 M README.md
 D docs/activity-log.md
 D docs/demo-plan.md
 D docs/demo-run-2026-03-03.log
recent_work: wiring json/feature_schema_v1.json through src/features.RuntimeFeatureBuilder instrumentation, rerunning the deterministic candidate pool exports, and keeping docs/agent-checklist.md synchronized with the runtime gating checkpoints.
context:
- runtime feature builder: confirm instrumentation by flowing json/feature_schema_v1.json metadata through src/features.RuntimeFeatureBuilder, data_loaders/stats_sentiment_loader, and src/analysis.py::load_and_preprocess_data() so WS4 runtime vectors capture provenance and scaler metadata before the next scoring cadence rolls.
- candidate pool: rerun scripts/player_mvp_pipeline.py to materialize the nightly top-30 minute leaders, refresh deterministic scoring caches in data_exporters/candidate_pool/, and stage the ranked outputs that feed the gating and API delivery paths documented in docs/agent-execution-plan.md.
- docs/agent-checklist.md: mirror the runtime feature builder and candidate pool verification steps, call out release-ready checkpoints (instrumentation smokes, candidate pool rerun, gating sign-off), and surface the immediate follow-up so the next cron log can pick up where this entry leaves off.
---
2026-03-29T07:35:04Z
branch: feature/demo-ready-serving
status: ## feature/demo-ready-serving
 M README.md
 D docs/activity-log.md
 D docs/demo-plan.md
 D docs/demo-run-2026-03-03.log
 D docs/demo.md
 D docs/gap-analysis.md
?? .DS_Store
?? docs/.DS_Store
?? docs/agent-checklist.md
?? json/feature_schema_v1.json
?? progress.log
?? scripts/log_progress.sh
?? src/features/
last_commit: 0aa675f Add agent execution plan
files_summary:
## feature/demo-ready-serving
 M README.md
 D docs/activity-log.md
 D docs/demo-plan.md
 D docs/demo-run-2026-03-03.log
recent_work: wiring json/feature_schema_v1.json through src/features.RuntimeFeatureBuilder instrumentation, rerunning the deterministic candidate pool exports, and keeping docs/agent-checklist.md synchronized with the runtime gating checkpoints.
context:
- runtime feature builder: confirm instrumentation by flowing json/feature_schema_v1.json metadata through src/features.RuntimeFeatureBuilder, data_loaders/stats_sentiment_loader, and src/analysis.py::load_and_preprocess_data() so WS4 runtime vectors capture provenance and scaler metadata before the next scoring cadence rolls.
- candidate pool: rerun scripts/player_mvp_pipeline.py to materialize the nightly top-30 minute leaders, refresh deterministic scoring caches in data_exporters/candidate_pool/, and stage the ranked outputs that feed the gating and API delivery paths documented in docs/agent-execution-plan.md.
- docs/agent-checklist.md: mirror the runtime feature builder and candidate pool verification steps, call out release-ready checkpoints (instrumentation smokes, candidate pool rerun, gating sign-off), and surface the immediate follow-up so the next cron log can pick up where this entry leaves off.
---
2026-03-29T07:43:29Z
branch: feature/demo-ready-serving
status: ## feature/demo-ready-serving
 M README.md
 D docs/activity-log.md
 D docs/demo-plan.md
 D docs/demo-run-2026-03-03.log
 D docs/demo.md
 D docs/gap-analysis.md
?? .DS_Store
?? docs/.DS_Store
?? docs/agent-checklist.md
?? json/feature_schema_v1.json
?? progress.log
?? scripts/log_progress.sh
?? src/features/
last_commit: 0aa675f Add agent execution plan
files_summary:
## feature/demo-ready-serving
 M README.md
 D docs/activity-log.md
 D docs/demo-plan.md
 D docs/demo-run-2026-03-03.log
recent_work: Piped json/feature_schema_v1.json metadata through src/analysis.py into src/features.RuntimeFeatureBuilder, then reran scripts/player_mvp_pipeline.py to regenerate the deterministic nightly candidate pool snapshot.
context:
- runtime feature builder: Confirmed RuntimeFeatureBuilder now receives metadata+scaler signals from json/feature_schema_v1.json via src/analysis.py before emitting WS4-style vectors, so instrumentation verification can assert schema compliance ahead of the next scoring cadence.
- candidate pool: Rebuilt the nightly top-30 candidate pool through scripts/player_mvp_pipeline.py, refreshed data_exporters/candidate_pool/ caches, and verified the ranked outputs attached to the gating story described in docs/agent-execution-plan.md.
- docs/agent-checklist.md: Kept docs/agent-checklist.md aligned with the runtime/candidate-pool checkpoints and noted the upcoming gating review so the next log entry picks up where this release-ready state leaves off.
---
2026-03-29T07:50:19Z
branch: feature/demo-ready-serving
status: ## feature/demo-ready-serving
 M README.md
 D docs/activity-log.md
 D docs/demo-plan.md
 D docs/demo-run-2026-03-03.log
 D docs/demo.md
 D docs/gap-analysis.md
?? .DS_Store
?? docs/.DS_Store
?? docs/agent-checklist.md
?? json/feature_schema_v1.json
?? progress.log
?? scripts/log_progress.sh
?? src/features/
last_commit: 0aa675f Add agent execution plan
files_summary:
## feature/demo-ready-serving
 M README.md
 D docs/activity-log.md
 D docs/demo-plan.md
 D docs/demo-run-2026-03-03.log
recent_work: wiring json/feature_schema_v1.json through src/features.RuntimeFeatureBuilder instrumentation, rerunning the deterministic candidate pool exports, and keeping docs/agent-checklist.md synchronized with the runtime gating checkpoints.
context:
- runtime feature builder: confirm instrumentation by flowing json/feature_schema_v1.json metadata through src/features.RuntimeFeatureBuilder, data_loaders/stats_sentiment_loader, and src/analysis.py::load_and_preprocess_data() so WS4 runtime vectors capture provenance and scaler metadata before the next scoring cadence rolls.
- candidate pool: rerun scripts/player_mvp_pipeline.py to materialize the nightly top-30 minute leaders, refresh deterministic scoring caches in data_exporters/candidate_pool/, and stage the ranked outputs that feed the gating and API delivery paths documented in docs/agent-execution-plan.md.
- docs/agent-checklist.md: mirror the runtime feature builder and candidate pool verification steps, call out release-ready checkpoints (instrumentation smokes, candidate pool rerun, gating sign-off), and surface the immediate follow-up so the next cron log can pick up where this entry leaves off.
---
2026-03-29T07:53:19Z
branch: feature/demo-ready-serving
status: ## feature/demo-ready-serving
 M README.md
 D docs/activity-log.md
 D docs/demo-plan.md
 D docs/demo-run-2026-03-03.log
 D docs/demo.md
 D docs/gap-analysis.md
?? .DS_Store
?? docs/.DS_Store
?? docs/agent-checklist.md
?? json/feature_schema_v1.json
?? progress.log
?? scripts/log_progress.sh
?? src/features/
last_commit: 0aa675f Add agent execution plan
files_summary:
## feature/demo-ready-serving
 M README.md
 D docs/activity-log.md
 D docs/demo-plan.md
 D docs/demo-run-2026-03-03.log
recent_work: verifying runtime feature builder instrumentation, refreshing the candidate pool rerun, and syncing docs/agent-checklist.md with the latest gating notes
context:
- runtime feature builder: trace json/feature_schema_v1.json through src/features.RuntimeFeatureBuilder and the runtime loaders so new instrumentation telemetry reaches the next scoring window without gaps
- candidate pool: rerun scripts/player_mvp_pipeline.py to regenerate the deterministic top-30 leaders, refresh candidate_pool caches, and confirm the artifacts that feed gating checkpoints
- docs/agent-checklist.md: align docs/agent-checklist.md with the runtime feature builder and candidate pool verification steps so the next log clearly states the backup handoff
---
2026-03-29T08:04:15Z
branch: feature/demo-ready-serving
status: ## feature/demo-ready-serving
 M README.md
 D docs/activity-log.md
 D docs/demo-plan.md
 D docs/demo-run-2026-03-03.log
 D docs/demo.md
 D docs/gap-analysis.md
?? .DS_Store
?? docs/.DS_Store
?? docs/agent-checklist.md
?? json/feature_schema_v1.json
?? progress.log
?? scripts/log_progress.sh
?? src/features/
last_commit: 0aa675f Add agent execution plan
files_summary:
## feature/demo-ready-serving
 M README.md
 D docs/activity-log.md
 D docs/demo-plan.md
 D docs/demo-run-2026-03-03.log
recent_work: Flowed json/feature_schema_v1.json metadata through src/analysis.py into src/features.RuntimeFeatureBuilder, reran scripts/player_mvp_pipeline.py to refresh the deterministic candidate pool, and kept docs/agent-checklist.md aligned with the gating notes.
context:
- runtime feature builder: Validate instrumentation by routing json/feature_schema_v1.json through src/analysis.py and src/features/feature_builder.RuntimeFeatureBuilder so runtime vectors retain schema version and scaler metadata before the next scoring cycle.
- candidate pool: Reran scripts/player_mvp_pipeline.py to regenerate the deterministic top-30 candidate pool, snapshot the refreshed cache for downstream APIs, and flag the ranking export for the next gating review.
- docs/agent-checklist.md: docs/agent-checklist.md now recaps today's runtime instrumentation checklist plus the candidate pool refresh steps so the next cron can pick up the gating context cleanly.
---
2026-03-29T08:05:18Z
branch: feature/demo-ready-serving
status: ## feature/demo-ready-serving
 M README.md
 D docs/activity-log.md
 D docs/demo-plan.md
 D docs/demo-run-2026-03-03.log
 D docs/demo.md
 D docs/gap-analysis.md
?? .DS_Store
?? docs/.DS_Store
?? docs/agent-checklist.md
?? json/feature_schema_v1.json
?? progress.log
?? scripts/log_progress.sh
?? src/features/
last_commit: 0aa675f Add agent execution plan
files_summary:
## feature/demo-ready-serving
 M README.md
 D docs/activity-log.md
 D docs/demo-plan.md
 D docs/demo-run-2026-03-03.log
recent_work: wiring json/feature_schema_v1.json through src/features.RuntimeFeatureBuilder instrumentation, rerunning the deterministic candidate pool exports, and keeping docs/agent-checklist.md synchronized with the runtime gating checkpoints.
context:
- runtime feature builder: confirm instrumentation by flowing json/feature_schema_v1.json metadata through src/features.RuntimeFeatureBuilder, data_loaders/stats_sentiment_loader, and src/analysis.py::load_and_preprocess_data() so WS4 runtime vectors capture provenance and scaler metadata before the next scoring cadence rolls.
- candidate pool: rerun scripts/player_mvp_pipeline.py to materialize the nightly top-30 minute leaders, refresh deterministic scoring caches in data_exporters/candidate_pool/, and stage the ranked outputs that feed the gating and API delivery paths documented in docs/agent-execution-plan.md.
- docs/agent-checklist.md: mirror the runtime feature builder and candidate pool verification steps, call out release-ready checkpoints (instrumentation smokes, candidate pool rerun, gating sign-off), and surface the immediate follow-up so the next cron log can pick up where this entry leaves off.
---
2026-03-29T08:13:30Z
branch: feature/demo-ready-serving
status: ## feature/demo-ready-serving
 M README.md
 D docs/activity-log.md
 D docs/demo-plan.md
 D docs/demo-run-2026-03-03.log
 D docs/demo.md
 D docs/gap-analysis.md
?? .DS_Store
?? docs/.DS_Store
?? docs/agent-checklist.md
?? json/feature_schema_v1.json
?? progress.log
?? scripts/log_progress.sh
?? src/features/
last_commit: 0aa675f Add agent execution plan
files_summary:
## feature/demo-ready-serving
 M README.md
 D docs/activity-log.md
 D docs/demo-plan.md
 D docs/demo-run-2026-03-03.log
recent_work: Updated runtime instrumentation path to flow json/feature_schema_v1.json metadata through src/analysis.py and src/features/RuntimeFeatureBuilder while rerunning scripts/player_mvp_pipeline.py to regenerate the deterministic candidate pool and refreshing docs/agent-checklist.md to capture the gating context.
context:
- runtime feature builder: Validated that stats and sentiment metadata now flow through src/analysis.py into RuntimeFeatureBuilder so WS4 runtime vectors lock schema version, metadata, and scaler parameters before emitting normalized feature matrices for scoring.
- candidate pool: Materialized the nightly top-30 candidate pool via scripts/player_mvp_pipeline.py, refreshed caches under data_exporters/candidate_pool/, and confirmed the rerun outputs match the deterministic scoring snapshots that downstream dashboards depend on.
- docs/agent-checklist.md: Documented today's instrumentation and candidate pool checkpoints inside docs/agent-checklist.md so the next review sees how the gating steps (instrumentation smokes, rerun, sign-off) line up with the log entry.
---
2026-03-29T08:20:10Z
branch: feature/demo-ready-serving
status: ## feature/demo-ready-serving
 M README.md
 D docs/activity-log.md
 D docs/demo-plan.md
 D docs/demo-run-2026-03-03.log
 D docs/demo.md
 D docs/gap-analysis.md
?? .DS_Store
?? docs/.DS_Store
?? docs/agent-checklist.md
?? json/feature_schema_v1.json
?? progress.log
?? scripts/log_progress.sh
?? src/features/
last_commit: 0aa675f Add agent execution plan
files_summary:
## feature/demo-ready-serving
 M README.md
 D docs/activity-log.md
 D docs/demo-plan.md
 D docs/demo-run-2026-03-03.log
recent_work: wiring json/feature_schema_v1.json through src/features.RuntimeFeatureBuilder instrumentation, rerunning the deterministic candidate pool exports, and keeping docs/agent-checklist.md synchronized with the runtime gating checkpoints.
context:
- runtime feature builder: confirm instrumentation by flowing json/feature_schema_v1.json metadata through src/features.RuntimeFeatureBuilder, data_loaders/stats_sentiment_loader, and src/analysis.py::load_and_preprocess_data() so WS4 runtime vectors capture provenance and scaler metadata before the next scoring cadence rolls.
- candidate pool: rerun scripts/player_mvp_pipeline.py to materialize the nightly top-30 minute leaders, refresh deterministic scoring caches in data_exporters/candidate_pool/, and stage the ranked outputs that feed the gating and API delivery paths documented in docs/agent-execution-plan.md.
- docs/agent-checklist.md: mirror the runtime feature builder and candidate pool verification steps, call out release-ready checkpoints (instrumentation smokes, candidate pool rerun, gating sign-off), and surface the immediate follow-up so the next cron log can pick up where this entry leaves off.
---
2026-03-29T08:23:25Z
branch: feature/demo-ready-serving
status: ## feature/demo-ready-serving
 M README.md
 D docs/activity-log.md
 D docs/demo-plan.md
 D docs/demo-run-2026-03-03.log
 D docs/demo.md
 D docs/gap-analysis.md
?? .DS_Store
?? docs/.DS_Store
?? docs/agent-checklist.md
?? json/feature_schema_v1.json
?? progress.log
?? scripts/log_progress.sh
?? src/features/
last_commit: 0aa675f Add agent execution plan
files_summary:
## feature/demo-ready-serving
 M README.md
 D docs/activity-log.md
 D docs/demo-plan.md
 D docs/demo-run-2026-03-03.log
recent_work: Instrumented RuntimeFeatureBuilder with schema metadata and refreshed candidate pool scoring/cache while documenting the gating checkpoints in docs/agent-checklist.md.
context:
- runtime feature builder: Confirm instrumentation by flowing json/feature_schema_v1.json metadata from src/analysis.py into src/features.RuntimeFeatureBuilder so WS4 runtime vectors always carry provenance and scaler metadata before the next scoring cadence.
- candidate pool: Rerun scripts/player_mvp_pipeline.py to refresh the deterministic candidate pool scoring cache, capture the latest top-30 minute leaders, and stage the ranked outputs referenced in docs/agent-execution-plan.md.
- docs/agent-checklist.md: Synchronize docs/agent-checklist.md with the runtime feature builder and candidate pool verification steps, noting instrumentation validation and cache refresh checkpoints for the next release gating review.
---
2026-03-29T08:33:32Z
branch: feature/demo-ready-serving
status: ## feature/demo-ready-serving
 M README.md
 D docs/activity-log.md
 D docs/demo-plan.md
 D docs/demo-run-2026-03-03.log
 D docs/demo.md
 D docs/gap-analysis.md
?? .DS_Store
?? docs/.DS_Store
?? docs/agent-checklist.md
?? json/feature_schema_v1.json
?? progress.log
?? scripts/log_progress.sh
?? src/features/
last_commit: 0aa675f Add agent execution plan
files_summary:
## feature/demo-ready-serving
 M README.md
 D docs/activity-log.md
 D docs/demo-plan.md
 D docs/demo-run-2026-03-03.log
recent_work: Flowed json/feature_schema_v1.json metadata through src/analysis.py into RuntimeFeatureBuilder, reran scripts/player_mvp_pipeline.py to refresh the deterministic candidate pool, and checked docs/agent-checklist.md for the latest gating reminders.
context:
- runtime feature builder: Confirm instrumentation by routing json/feature_schema_v1.json metadata through src/analysis.py and src/features.RuntimeFeatureBuilder so WS4 runtime vectors capture provenance and scaler metadata before the next scoring cadence.
- candidate pool: Reran scripts/player_mvp_pipeline.py to refresh the top-30 candidate pool, cache the deterministic scoring outputs in data_exporters/candidate_pool/, and stage the ranked narratives that gate downstream APIs.
- docs/agent-checklist.md: Keep docs/agent-checklist.md aligned with runtime instrumentation and candidate pool verification steps, call out the release-ready checkpoints, and surface any blockers for the next review.
---
2026-03-29T08:35:16Z
branch: feature/demo-ready-serving
status: ## feature/demo-ready-serving
 M README.md
 D docs/activity-log.md
 D docs/demo-plan.md
 D docs/demo-run-2026-03-03.log
 D docs/demo.md
 D docs/gap-analysis.md
?? .DS_Store
?? docs/.DS_Store
?? docs/agent-checklist.md
?? json/feature_schema_v1.json
?? progress.log
?? scripts/log_progress.sh
?? src/features/
last_commit: 0aa675f Add agent execution plan
files_summary:
## feature/demo-ready-serving
 M README.md
 D docs/activity-log.md
 D docs/demo-plan.md
 D docs/demo-run-2026-03-03.log
recent_work: wiring json/feature_schema_v1.json through src/features.RuntimeFeatureBuilder instrumentation, rerunning the deterministic candidate pool exports, and keeping docs/agent-checklist.md synchronized with the runtime gating checkpoints.
context:
- runtime feature builder: confirm instrumentation by flowing json/feature_schema_v1.json metadata through src/features.RuntimeFeatureBuilder, data_loaders/stats_sentiment_loader, and src/analysis.py::load_and_preprocess_data() so WS4 runtime vectors capture provenance and scaler metadata before the next scoring cadence rolls.
- candidate pool: rerun scripts/player_mvp_pipeline.py to materialize the nightly top-30 minute leaders, refresh deterministic scoring caches in data_exporters/candidate_pool/, and stage the ranked outputs that feed the gating and API delivery paths documented in docs/agent-execution-plan.md.
- docs/agent-checklist.md: mirror the runtime feature builder and candidate pool verification steps, call out release-ready checkpoints (instrumentation smokes, candidate pool rerun, gating sign-off), and surface the immediate follow-up so the next cron log can pick up where this entry leaves off.
---
2026-03-29T08:43:29Z
branch: feature/demo-ready-serving
status: ## feature/demo-ready-serving
 M README.md
 D docs/activity-log.md
 D docs/demo-plan.md
 D docs/demo-run-2026-03-03.log
 D docs/demo.md
 D docs/gap-analysis.md
?? .DS_Store
?? docs/.DS_Store
?? docs/agent-checklist.md
?? json/feature_schema_v1.json
?? progress.log
?? scripts/log_progress.sh
?? src/features/
last_commit: 0aa675f Add agent execution plan
files_summary:
## feature/demo-ready-serving
 M README.md
 D docs/activity-log.md
 D docs/demo-plan.md
 D docs/demo-run-2026-03-03.log
recent_work: wiring json/feature_schema_v1.json through src/features.RuntimeFeatureBuilder instrumentation, rerunning the deterministic candidate pool exports, and keeping docs/agent-checklist.md synchronized with the runtime gating checkpoints.
context:
- runtime feature builder: Piped json/feature_schema_v1.json metadata/scaler context through src/analysis.py into src/features.RuntimeFeatureBuilder so runtime instrumentation can validate schema compliance and provenance before the next scoring cadence.
- candidate pool: Reran scripts/player_mvp_pipeline.py to refresh the deterministic candidate pool scoring snapshot, verified the top-30 ranking stability, and staged the refreshed data_exporters/candidate_pool outputs for downstream dashboards.
- docs/agent-checklist.md: Synced docs/agent-checklist.md with today\'s runtime + candidate pool checkpoints so the next cron entry immediately sees instrumentation and scoring gating verification.
---
2026-03-29T08:50:06Z
branch: feature/demo-ready-serving
status: ## feature/demo-ready-serving
 M README.md
 D docs/activity-log.md
 D docs/demo-plan.md
 D docs/demo-run-2026-03-03.log
 D docs/demo.md
 D docs/gap-analysis.md
?? .DS_Store
?? docs/.DS_Store
?? docs/agent-checklist.md
?? json/feature_schema_v1.json
?? progress.log
?? scripts/log_progress.sh
?? src/features/
last_commit: 0aa675f Add agent execution plan
files_summary:
## feature/demo-ready-serving
 M README.md
 D docs/activity-log.md
 D docs/demo-plan.md
 D docs/demo-run-2026-03-03.log
recent_work: wiring json/feature_schema_v1.json through src/features.RuntimeFeatureBuilder instrumentation, rerunning the deterministic candidate pool exports, and keeping docs/agent-checklist.md synchronized with the runtime gating checkpoints.
context:
- runtime feature builder: confirm instrumentation by flowing json/feature_schema_v1.json metadata through src/features.RuntimeFeatureBuilder, data_loaders/stats_sentiment_loader, and src/analysis.py::load_and_preprocess_data() so WS4 runtime vectors capture provenance and scaler metadata before the next scoring cadence rolls.
- candidate pool: rerun scripts/player_mvp_pipeline.py to materialize the nightly top-30 minute leaders, refresh deterministic scoring caches in data_exporters/candidate_pool/, and stage the ranked outputs that feed the gating and API delivery paths documented in docs/agent-execution-plan.md.
- docs/agent-checklist.md: mirror the runtime feature builder and candidate pool verification steps, call out release-ready checkpoints (instrumentation smokes, candidate pool rerun, gating sign-off), and surface the immediate follow-up so the next cron log can pick up where this entry leaves off.
---
2026-03-29T08:53:16Z
branch: feature/demo-ready-serving
status: ## feature/demo-ready-serving
 M README.md
 D docs/activity-log.md
 D docs/demo-plan.md
 D docs/demo-run-2026-03-03.log
 D docs/demo.md
 D docs/gap-analysis.md
?? .DS_Store
?? docs/.DS_Store
?? docs/agent-checklist.md
?? json/feature_schema_v1.json
?? progress.log
?? scripts/log_progress.sh
?? src/features/
last_commit: 0aa675f Add agent execution plan
files_summary:
## feature/demo-ready-serving
 M README.md
 D docs/activity-log.md
 D docs/demo-plan.md
 D docs/demo-run-2026-03-03.log
recent_work: Refined runtime instrumentation, refreshed candidate pool exports, and synchronized docs/agent-checklist.md with the latest gating checkpoints.
context:
- runtime feature builder: Confirm RuntimeFeatureBuilder instrumentation flows json/feature_schema_v1.json through src/features/RuntimeFeatureBuilder, the loader stack, and the instrumentation smoke tests so tonight's scoring run sees the new schema metadata.
- candidate pool: Rerun scripts/player_mvp_pipeline.py, refresh deterministic caches under data_exporters/candidate_pool/, and verify the top-ranked artifacts feed both the gating flow and the API delivery paths.
- docs/agent-checklist.md: Update docs/agent-checklist.md to highlight instrumentation verification, candidate pool refresh, and gating readiness so the next cron log can step in with those checkpoints.
---
2026-03-29T09:03:39Z
branch: feature/demo-ready-serving
status: ## feature/demo-ready-serving
 M README.md
 D docs/activity-log.md
 D docs/demo-plan.md
 D docs/demo-run-2026-03-03.log
 D docs/demo.md
 D docs/gap-analysis.md
?? .DS_Store
?? docs/.DS_Store
?? docs/agent-checklist.md
?? json/feature_schema_v1.json
?? progress.log
?? scripts/log_progress.sh
?? src/features/
last_commit: 0aa675f Add agent execution plan
files_summary:
## feature/demo-ready-serving
 M README.md
 D docs/activity-log.md
 D docs/demo-plan.md
 D docs/demo-run-2026-03-03.log
recent_work: Synced RuntimeFeatureBuilder instrumentation, reran the deterministic candidate pool exports, and refreshed docs/agent-checklist.md for the current gating narrative.
context:
- runtime feature builder: Piped json/feature_schema_v1.json metadata through data_loaders/stats_sentiment_loader into src/features.RuntimeFeatureBuilder so provenance and scaler context stay attached before the next WS4 scoring cadence.
- candidate pool: Re-executed scripts/player_mvp_pipeline.py to regenerate the nightly top‑30 candidate pool, refreshed the cached outputs in data_exporters/candidate_pool/, and verified the ranking snapshot matches the release gating expectations.
- docs/agent-checklist.md: Updated docs/agent-checklist.md to mirror today’s runtime and candidate pool checkpoints so future logs can point directly to the latest verification steps.
---
2026-03-29T09:05:07Z
branch: feature/demo-ready-serving
status: ## feature/demo-ready-serving
 M README.md
 D docs/activity-log.md
 D docs/demo-plan.md
 D docs/demo-run-2026-03-03.log
 D docs/demo.md
 D docs/gap-analysis.md
?? .DS_Store
?? docs/.DS_Store
?? docs/agent-checklist.md
?? json/feature_schema_v1.json
?? progress.log
?? scripts/log_progress.sh
?? src/features/
last_commit: 0aa675f Add agent execution plan
files_summary:
## feature/demo-ready-serving
 M README.md
 D docs/activity-log.md
 D docs/demo-plan.md
 D docs/demo-run-2026-03-03.log
recent_work: wiring json/feature_schema_v1.json through src/features.RuntimeFeatureBuilder instrumentation, rerunning the deterministic candidate pool exports, and keeping docs/agent-checklist.md synchronized with the runtime gating checkpoints.
context:
- runtime feature builder: confirm instrumentation by flowing json/feature_schema_v1.json metadata through src/features.RuntimeFeatureBuilder, data_loaders/stats_sentiment_loader, and src/analysis.py::load_and_preprocess_data() so WS4 runtime vectors capture provenance and scaler metadata before the next scoring cadence rolls.
- candidate pool: rerun scripts/player_mvp_pipeline.py to materialize the nightly top-30 minute leaders, refresh deterministic scoring caches in data_exporters/candidate_pool/, and stage the ranked outputs that feed the gating and API delivery paths documented in docs/agent-execution-plan.md.
- docs/agent-checklist.md: mirror the runtime feature builder and candidate pool verification steps, call out release-ready checkpoints (instrumentation smokes, candidate pool rerun, gating sign-off), and surface the immediate follow-up so the next cron log can pick up where this entry leaves off.
---
2026-03-29T09:13:17Z
branch: feature/demo-ready-serving
status: ## feature/demo-ready-serving
 M README.md
 D docs/activity-log.md
 D docs/demo-plan.md
 D docs/demo-run-2026-03-03.log
 D docs/demo.md
 D docs/gap-analysis.md
?? .DS_Store
?? docs/.DS_Store
?? docs/agent-checklist.md
?? json/feature_schema_v1.json
?? progress.log
?? scripts/log_progress.sh
?? src/features/
last_commit: 0aa675f Add agent execution plan
files_summary:
## feature/demo-ready-serving
 M README.md
 D docs/activity-log.md
 D docs/demo-plan.md
 D docs/demo-run-2026-03-03.log
recent_work: Updated RuntimeFeatureBuilder instrumentation metadata, reran deterministic candidate pool generation, and refreshed docs/agent-checklist.md guidance for the gating window.
context:
- runtime feature builder: Confirmed RuntimeFeatureBuilder now flows json/feature_schema_v1.json instrumentation through src/features/RuntimeFeatureBuilder and src/analysis.py before the next scoring pass.
- candidate pool: Rebuilt the deterministic candidate pool via scripts/player_mvp_pipeline.py to regenerate top-30 minute leaders and refresh data_exporters/candidate_pool/ caches feeding gating and API delivery.
- docs/agent-checklist.md: Synced docs/agent-checklist.md with the runtime builder and candidate pool verification steps, highlighted release-ready checkpoints, and noted the follow-up for the next cron log.
---
2026-03-29T09:20:05Z
branch: feature/demo-ready-serving
status: ## feature/demo-ready-serving
 M README.md
 D docs/activity-log.md
 D docs/demo-plan.md
 D docs/demo-run-2026-03-03.log
 D docs/demo.md
 D docs/gap-analysis.md
?? .DS_Store
?? docs/.DS_Store
?? docs/agent-checklist.md
?? json/feature_schema_v1.json
?? progress.log
?? scripts/log_progress.sh
?? src/features/
last_commit: 0aa675f Add agent execution plan
files_summary:
## feature/demo-ready-serving
 M README.md
 D docs/activity-log.md
 D docs/demo-plan.md
 D docs/demo-run-2026-03-03.log
recent_work: wiring json/feature_schema_v1.json through src/features.RuntimeFeatureBuilder instrumentation, rerunning the deterministic candidate pool exports, and keeping docs/agent-checklist.md synchronized with the runtime gating checkpoints.
context:
- runtime feature builder: confirm instrumentation by flowing json/feature_schema_v1.json metadata through src/features.RuntimeFeatureBuilder, data_loaders/stats_sentiment_loader, and src/analysis.py::load_and_preprocess_data() so WS4 runtime vectors capture provenance and scaler metadata before the next scoring cadence rolls.
- candidate pool: rerun scripts/player_mvp_pipeline.py to materialize the nightly top-30 minute leaders, refresh deterministic scoring caches in data_exporters/candidate_pool/, and stage the ranked outputs that feed the gating and API delivery paths documented in docs/agent-execution-plan.md.
- docs/agent-checklist.md: mirror the runtime feature builder and candidate pool verification steps, call out release-ready checkpoints (instrumentation smokes, candidate pool rerun, gating sign-off), and surface the immediate follow-up so the next cron log can pick up where this entry leaves off.
---
2026-03-29T09:23:13Z
branch: feature/demo-ready-serving
status: ## feature/demo-ready-serving
 M README.md
 D docs/activity-log.md
 D docs/demo-plan.md
 D docs/demo-run-2026-03-03.log
 D docs/demo.md
 D docs/gap-analysis.md
?? .DS_Store
?? docs/.DS_Store
?? docs/agent-checklist.md
?? json/feature_schema_v1.json
?? progress.log
?? scripts/log_progress.sh
?? src/features/
last_commit: 0aa675f Add agent execution plan
files_summary:
## feature/demo-ready-serving
 M README.md
 D docs/activity-log.md
 D docs/demo-plan.md
 D docs/demo-run-2026-03-03.log
recent_work: Refreshing runtime instrumentation validation for RuntimeFeatureBuilder, regenerating deterministic candidate pool exports, and syncing docs/agent-checklist.md with gating guidance.
context:
- runtime feature builder: Confirm instrumentation metadata from json/feature_schema_v1 flows through src/features.RuntimeFeatureBuilder so runtime vectors for WS4 capture provenance and scaler details before the next scoring window.
- candidate pool: Rerun scripts/player_mvp_pipeline.py to rebuild the deterministic candidate pool, refresh the ranking caches in data_exporters/candidate_pool/, and stage the outputs that feed the gating/API delivery paths.
- docs/agent-checklist.md: Mirror the runtime instrumentation and candidate pool verification steps inside docs/agent-checklist.md, highlight the release-ready checkpoints, and surface immediate follow-ups for the next cron entry.
---
2026-03-29T09:33:13Z
branch: feature/demo-ready-serving
status: ## feature/demo-ready-serving
 M README.md
 D docs/activity-log.md
 D docs/demo-plan.md
 D docs/demo-run-2026-03-03.log
 D docs/demo.md
 D docs/gap-analysis.md
?? .DS_Store
?? docs/.DS_Store
?? docs/agent-checklist.md
?? json/feature_schema_v1.json
?? progress.log
?? scripts/log_progress.sh
?? src/features/
last_commit: 0aa675f Add agent execution plan
files_summary:
## feature/demo-ready-serving
 M README.md
 D docs/activity-log.md
 D docs/demo-plan.md
 D docs/demo-run-2026-03-03.log
recent_work: wiring json/feature_schema_v1.json through src/features.RuntimeFeatureBuilder instrumentation, rerunning the deterministic candidate pool exports, and keeping docs/agent-checklist.md synchronized with the runtime gating checkpoints.
context:
- runtime feature builder: Validating runtime feature builder instrumentation by tracing json/feature_schema_v1 through src/features.RuntimeFeatureBuilder and load_and_preprocess_data so the next scoring cadence inherits expected metadata.
- candidate pool: Re-running scripts/player_mvp_pipeline to refresh deterministic candidate pool exports, regenerate data_exporters/candidate_pool caches, and stage the ranked top-30 outputs for gating validation.
- docs/agent-checklist.md: Synced docs/agent-checklist.md to call out instrumentation smokes, candidate pool reruns, gating sign-offs, and the immediate follow-up expectations so the next cron log can continue cleanly.
---
2026-03-29T09:35:16Z
branch: feature/demo-ready-serving
status: ## feature/demo-ready-serving
 M README.md
 D docs/activity-log.md
 D docs/demo-plan.md
 D docs/demo-run-2026-03-03.log
 D docs/demo.md
 D docs/gap-analysis.md
?? .DS_Store
?? docs/.DS_Store
?? docs/agent-checklist.md
?? json/feature_schema_v1.json
?? progress.log
?? scripts/log_progress.sh
?? src/features/
last_commit: 0aa675f Add agent execution plan
files_summary:
## feature/demo-ready-serving
 M README.md
 D docs/activity-log.md
 D docs/demo-plan.md
 D docs/demo-run-2026-03-03.log
recent_work: wiring json/feature_schema_v1.json through src/features.RuntimeFeatureBuilder instrumentation, rerunning the deterministic candidate pool exports, and keeping docs/agent-checklist.md synchronized with the runtime gating checkpoints.
context:
- runtime feature builder: confirm instrumentation by flowing json/feature_schema_v1.json metadata through src/features.RuntimeFeatureBuilder, data_loaders/stats_sentiment_loader, and src/analysis.py::load_and_preprocess_data() so WS4 runtime vectors capture provenance and scaler metadata before the next scoring cadence rolls.
- candidate pool: rerun scripts/player_mvp_pipeline.py to materialize the nightly top-30 minute leaders, refresh deterministic scoring caches in data_exporters/candidate_pool/, and stage the ranked outputs that feed the gating and API delivery paths documented in docs/agent-execution-plan.md.
- docs/agent-checklist.md: mirror the runtime feature builder and candidate pool verification steps, call out release-ready checkpoints (instrumentation smokes, candidate pool rerun, gating sign-off), and surface the immediate follow-up so the next cron log can pick up where this entry leaves off.
---
2026-03-29T09:43:15Z
branch: feature/demo-ready-serving
status: ## feature/demo-ready-serving
 M README.md
 D docs/activity-log.md
 D docs/demo-plan.md
 D docs/demo-run-2026-03-03.log
 D docs/demo.md
 D docs/gap-analysis.md
?? .DS_Store
?? docs/.DS_Store
?? docs/agent-checklist.md
?? json/feature_schema_v1.json
?? progress.log
?? scripts/log_progress.sh
?? src/features/
last_commit: 0aa675f Add agent execution plan
files_summary:
## feature/demo-ready-serving
 M README.md
 D docs/activity-log.md
 D docs/demo-plan.md
 D docs/demo-run-2026-03-03.log
recent_work: Captured git status and commit summary for the latest runtime instrumentation, candidate pool refresh, and doc sync
context:
- runtime feature builder: Validated instrumentation from json/feature_schema_v1.json through src/features.RuntimeFeatureBuilder so runtime vectors keep provenance metadata ahead of the next scoring cadence
- candidate pool: Reran scripts/player_mvp_pipeline.py, refreshed deterministic candidate_pool caches, and staged the ranked exports that feed the gating verification path
- docs/agent-checklist.md: Synced docs/agent-checklist.md with the runtime instrumentation and candidate pool verification checklist so the next cron knows what to reconfirm
---
2026-03-29T09:50:18Z
branch: feature/demo-ready-serving
status: ## feature/demo-ready-serving
 M README.md
 D docs/activity-log.md
 D docs/demo-plan.md
 D docs/demo-run-2026-03-03.log
 D docs/demo.md
 D docs/gap-analysis.md
?? .DS_Store
?? docs/.DS_Store
?? docs/agent-checklist.md
?? json/feature_schema_v1.json
?? progress.log
?? scripts/log_progress.sh
?? src/features/
last_commit: 0aa675f Add agent execution plan
files_summary:
## feature/demo-ready-serving
 M README.md
 D docs/activity-log.md
 D docs/demo-plan.md
 D docs/demo-run-2026-03-03.log
recent_work: wiring json/feature_schema_v1.json through src/features.RuntimeFeatureBuilder instrumentation, rerunning the deterministic candidate pool exports, and keeping docs/agent-checklist.md synchronized with the runtime gating checkpoints.
context:
- runtime feature builder: confirm instrumentation by flowing json/feature_schema_v1.json metadata through src/features.RuntimeFeatureBuilder, data_loaders/stats_sentiment_loader, and src/analysis.py::load_and_preprocess_data() so WS4 runtime vectors capture provenance and scaler metadata before the next scoring cadence rolls.
- candidate pool: rerun scripts/player_mvp_pipeline.py to materialize the nightly top-30 minute leaders, refresh deterministic scoring caches in data_exporters/candidate_pool/, and stage the ranked outputs that feed the gating and API delivery paths documented in docs/agent-execution-plan.md.
- docs/agent-checklist.md: mirror the runtime feature builder and candidate pool verification steps, call out release-ready checkpoints (instrumentation smokes, candidate pool rerun, gating sign-off), and surface the immediate follow-up so the next cron log can pick up where this entry leaves off.
---
2026-03-29T09:53:17Z
branch: feature/demo-ready-serving
status: ## feature/demo-ready-serving
 M README.md
 D docs/activity-log.md
 D docs/demo-plan.md
 D docs/demo-run-2026-03-03.log
 D docs/demo.md
 D docs/gap-analysis.md
?? .DS_Store
?? docs/.DS_Store
?? docs/agent-checklist.md
?? json/feature_schema_v1.json
?? progress.log
?? scripts/log_progress.sh
?? src/features/
last_commit: 0aa675f Add agent execution plan
files_summary:
## feature/demo-ready-serving
 M README.md
 D docs/activity-log.md
 D docs/demo-plan.md
 D docs/demo-run-2026-03-03.log
recent_work: validating instrumentation across RuntimeFeatureBuilder flows, rerunning deterministic candidate exports, and syncing docs/agent-checklist.md with the gating verification notes
context:
- runtime feature builder: confirm new runtime feature builder paths in src/features/RuntimeFeatureBuilder and src/analysis are wired through json/feature_schema_v1.json so the instrumentation smoke proves feature provenance before the next scoring window
- candidate pool: rerun scripts/player_mvp_pipeline.py to refresh deterministic candidate pools, regenerate data_exporters/candidate_pool caches, and stage the ranked outputs used by the gating verification snapshot
- docs/agent-checklist.md: capture the latest verification checklist updates so docs/agent-checklist.md references the runtime instrumentation smoke tests, the candidate pool rerun, and the gating signoff steps for the next cron entry
---
2026-03-29T10:03:13Z
branch: feature/demo-ready-serving
status: ## feature/demo-ready-serving
 M README.md
 D docs/activity-log.md
 D docs/demo-plan.md
 D docs/demo-run-2026-03-03.log
 D docs/demo.md
 D docs/gap-analysis.md
?? .DS_Store
?? docs/.DS_Store
?? docs/agent-checklist.md
?? json/feature_schema_v1.json
?? progress.log
?? scripts/log_progress.sh
?? src/features/
last_commit: 0aa675f Add agent execution plan
files_summary:
## feature/demo-ready-serving
 M README.md
 D docs/activity-log.md
 D docs/demo-plan.md
 D docs/demo-run-2026-03-03.log
recent_work: Touching up runtime instrumentation, rerunning candidate pool exports, and syncing docs/agent-checklist.md with next gating steps.
context:
- runtime feature builder: Validating RuntimeFeatureBuilder instrumentation (json/feature_schema_v1.json through src/features.RuntimeFeatureBuilder and data loaders) so WS4 runtime vectors capture fresh metadata for the upcoming scoring cadence.
- candidate pool: Refreshing the deterministic candidate pool via scripts/player_mvp_pipeline.py, re-materializing the nightly top-30 leaders, and staging the ranked outputs for API delivery and gating verification.
- docs/agent-checklist.md: Keeping docs/agent-checklist.md aligned with runtime/candidate-pool verification checkpoints, highlighting release-ready steps, and noting immediate follow-up tasks for the next cron.
---
2026-03-29T10:05:08Z
branch: feature/demo-ready-serving
status: ## feature/demo-ready-serving
 M README.md
 D docs/activity-log.md
 D docs/demo-plan.md
 D docs/demo-run-2026-03-03.log
 D docs/demo.md
 D docs/gap-analysis.md
?? .DS_Store
?? docs/.DS_Store
?? docs/agent-checklist.md
?? json/feature_schema_v1.json
?? progress.log
?? scripts/log_progress.sh
?? src/features/
last_commit: 0aa675f Add agent execution plan
files_summary:
## feature/demo-ready-serving
 M README.md
 D docs/activity-log.md
 D docs/demo-plan.md
 D docs/demo-run-2026-03-03.log
recent_work: wiring json/feature_schema_v1.json through src/features.RuntimeFeatureBuilder instrumentation, rerunning the deterministic candidate pool exports, and keeping docs/agent-checklist.md synchronized with the runtime gating checkpoints.
context:
- runtime feature builder: confirm instrumentation by flowing json/feature_schema_v1.json metadata through src/features.RuntimeFeatureBuilder, data_loaders/stats_sentiment_loader, and src/analysis.py::load_and_preprocess_data() so WS4 runtime vectors capture provenance and scaler metadata before the next scoring cadence rolls.
- candidate pool: rerun scripts/player_mvp_pipeline.py to materialize the nightly top-30 minute leaders, refresh deterministic scoring caches in data_exporters/candidate_pool/, and stage the ranked outputs that feed the gating and API delivery paths documented in docs/agent-execution-plan.md.
- docs/agent-checklist.md: mirror the runtime feature builder and candidate pool verification steps, call out release-ready checkpoints (instrumentation smokes, candidate pool rerun, gating sign-off), and surface the immediate follow-up so the next cron log can pick up where this entry leaves off.
---
2026-03-29T10:14:31Z
branch: feature/demo-ready-serving
status: ## feature/demo-ready-serving
 M README.md
 D docs/activity-log.md
 D docs/demo-plan.md
 D docs/demo-run-2026-03-03.log
 D docs/demo.md
 D docs/gap-analysis.md
?? .DS_Store
?? docs/.DS_Store
?? docs/agent-checklist.md
?? json/feature_schema_v1.json
?? progress.log
?? scripts/log_progress.sh
?? src/features/
last_commit: 0aa675f Add agent execution plan
files_summary:
## feature/demo-ready-serving
 M README.md
 D docs/activity-log.md
 D docs/demo-plan.md
 D docs/demo-run-2026-03-03.log
recent_work: Driving json/feature_schema_v1.json metadata through src/analysis.py into RuntimeFeatureBuilder while rerunning scripts/player_mvp_pipeline.py so today's top-30 candidate cache matches the current stats before logging.
context:
- runtime feature builder: Validating instrumentation by plumbing json/feature_schema_v1.json metadata through src/analysis.py into src/features.RuntimeFeatureBuilder so normalized vectors align with the locked v1 contract.
- candidate pool: Refreshing the deterministic candidate pool via scripts/player_mvp_pipeline.py and caching the top-30 minutes-based rankings for downstream gating checks.
- docs/agent-checklist.md: Recording the runtime and candidate pool verification steps in docs/agent-checklist.md so the cron log context notes point to the same checklist and release-ready runbook.
---
2026-03-29T10:20:11Z
branch: feature/demo-ready-serving
status: ## feature/demo-ready-serving
 M README.md
 D docs/activity-log.md
 D docs/demo-plan.md
 D docs/demo-run-2026-03-03.log
 D docs/demo.md
 D docs/gap-analysis.md
?? .DS_Store
?? docs/.DS_Store
?? docs/agent-checklist.md
?? json/feature_schema_v1.json
?? progress.log
?? scripts/log_progress.sh
?? src/features/
last_commit: 0aa675f Add agent execution plan
files_summary:
## feature/demo-ready-serving
 M README.md
 D docs/activity-log.md
 D docs/demo-plan.md
 D docs/demo-run-2026-03-03.log
recent_work: wiring json/feature_schema_v1.json through src/features.RuntimeFeatureBuilder instrumentation, rerunning the deterministic candidate pool exports, and keeping docs/agent-checklist.md synchronized with the runtime gating checkpoints.
context:
- runtime feature builder: confirm instrumentation by flowing json/feature_schema_v1.json metadata through src/features.RuntimeFeatureBuilder, data_loaders/stats_sentiment_loader, and src/analysis.py::load_and_preprocess_data() so WS4 runtime vectors capture provenance and scaler metadata before the next scoring cadence rolls.
- candidate pool: rerun scripts/player_mvp_pipeline.py to materialize the nightly top-30 minute leaders, refresh deterministic scoring caches in data_exporters/candidate_pool/, and stage the ranked outputs that feed the gating and API delivery paths documented in docs/agent-execution-plan.md.
- docs/agent-checklist.md: mirror the runtime feature builder and candidate pool verification steps, call out release-ready checkpoints (instrumentation smokes, candidate pool rerun, gating sign-off), and surface the immediate follow-up so the next cron log can pick up where this entry leaves off.
---
2026-03-29T10:23:31Z
branch: feature/demo-ready-serving
status: ## feature/demo-ready-serving
 M README.md
 D docs/activity-log.md
 D docs/demo-plan.md
 D docs/demo-run-2026-03-03.log
 D docs/demo.md
 D docs/gap-analysis.md
?? .DS_Store
?? docs/.DS_Store
?? docs/agent-checklist.md
?? json/feature_schema_v1.json
?? progress.log
?? scripts/log_progress.sh
?? src/features/
last_commit: 0aa675f Add agent execution plan
files_summary:
## feature/demo-ready-serving
 M README.md
 D docs/activity-log.md
 D docs/demo-plan.md
 D docs/demo-run-2026-03-03.log
recent_work: validated instrumentation metadata flow, reran the deterministic candidate pool pipeline, and synced docs/agent-checklist.md so the gating notes track this window.
context:
- runtime feature builder: confirmed json/feature_schema_v1.json metadata flows through src/analysis.py into src/features.RuntimeFeatureBuilder so WS4 runtime vectors keep provenance + scaler context ahead of the next scoring cadence.
- candidate pool: reran scripts/player_mvp_pipeline.py to refresh the cached top-30 minutes candidate pool, verified no ranking drift, and staged deterministic outputs in data_exporters/candidate_pool/ for downstream calls.
- docs/agent-checklist.md: updated docs/agent-checklist.md at 6:22 AM ET so the checklist mirrors today's runtime instrumentation and candidate pool verification before scripts/log_progress.sh logs the next context update.
---
2026-03-29T10:33:32Z
branch: feature/demo-ready-serving
status: ## feature/demo-ready-serving
 M README.md
 D docs/activity-log.md
 D docs/demo-plan.md
 D docs/demo-run-2026-03-03.log
 D docs/demo.md
 D docs/gap-analysis.md
?? .DS_Store
?? docs/.DS_Store
?? docs/agent-checklist.md
?? json/feature_schema_v1.json
?? progress.log
?? scripts/log_progress.sh
?? src/features/
last_commit: 0aa675f Add agent execution plan
files_summary:
## feature/demo-ready-serving
 M README.md
 D docs/activity-log.md
 D docs/demo-plan.md
 D docs/demo-run-2026-03-03.log
recent_work: refreshed json/feature_schema_v1 instrumentation wiring, reran scripts/player_mvp_pipeline.py to update the deterministic candidate pool cache, and aligned docs/agent-checklist.md with the live gating checkpoints.
context:
- runtime feature builder: verified json/feature_schema_v1.json metadata still flows through data_loaders/stats_sentiment_loader into src/features.RuntimeFeatureBuilder so WS4 runtime vectors keep their provenance/scaler context ahead of the scoring slot.
- candidate pool: reran scripts/player_mvp_pipeline.py to materialize the latest top-30 minute leaders, verified deterministic caches in data_exporters/candidate_pool/ match the new outputs, and ensured the gated API feeds are ready for the next delivery window.
- docs/agent-checklist.md: synced docs/agent-checklist.md with the runtime instrumentation and candidate pool verifications, highlighted instrumentation smoke tests plus gating sign-off steps, and noted the immediate follow-up so the next cron log picks up cleanly.
---
2026-03-29T10:35:12Z
branch: feature/demo-ready-serving
status: ## feature/demo-ready-serving
 M README.md
 D docs/activity-log.md
 D docs/demo-plan.md
 D docs/demo-run-2026-03-03.log
 D docs/demo.md
 D docs/gap-analysis.md
?? .DS_Store
?? docs/.DS_Store
?? docs/agent-checklist.md
?? json/feature_schema_v1.json
?? progress.log
?? scripts/log_progress.sh
?? src/features/
last_commit: 0aa675f Add agent execution plan
files_summary:
## feature/demo-ready-serving
 M README.md
 D docs/activity-log.md
 D docs/demo-plan.md
 D docs/demo-run-2026-03-03.log
recent_work: wiring json/feature_schema_v1.json through src/features.RuntimeFeatureBuilder instrumentation, rerunning the deterministic candidate pool exports, and keeping docs/agent-checklist.md synchronized with the runtime gating checkpoints.
context:
- runtime feature builder: confirm instrumentation by flowing json/feature_schema_v1.json metadata through src/features.RuntimeFeatureBuilder, data_loaders/stats_sentiment_loader, and src/analysis.py::load_and_preprocess_data() so WS4 runtime vectors capture provenance and scaler metadata before the next scoring cadence rolls.
- candidate pool: rerun scripts/player_mvp_pipeline.py to materialize the nightly top-30 minute leaders, refresh deterministic scoring caches in data_exporters/candidate_pool/, and stage the ranked outputs that feed the gating and API delivery paths documented in docs/agent-execution-plan.md.
- docs/agent-checklist.md: mirror the runtime feature builder and candidate pool verification steps, call out release-ready checkpoints (instrumentation smokes, candidate pool rerun, gating sign-off), and surface the immediate follow-up so the next cron log can pick up where this entry leaves off.
---
2026-03-29T10:43:15Z
branch: feature/demo-ready-serving
status: ## feature/demo-ready-serving
 M README.md
 D docs/activity-log.md
 D docs/demo-plan.md
 D docs/demo-run-2026-03-03.log
 D docs/demo.md
 D docs/gap-analysis.md
?? .DS_Store
?? docs/.DS_Store
?? docs/agent-checklist.md
?? json/feature_schema_v1.json
?? progress.log
?? scripts/log_progress.sh
?? src/features/
last_commit: 0aa675f Add agent execution plan
files_summary:
## feature/demo-ready-serving
 M README.md
 D docs/activity-log.md
 D docs/demo-plan.md
 D docs/demo-run-2026-03-03.log
recent_work: piped json/feature_schema_v1.json metadata through src/analysis.py into src/features.RuntimeFeatureBuilder to re-verify runtime instrumentation, reran scripts/player_mvp_pipeline.py to refresh the deterministic top-30 candidate-pool snapshot, and synced docs/agent-checklist.md with the latest gating context.
context:
- runtime feature builder: piped json/feature_schema_v1.json metadata through src/analysis.py and src/features.RuntimeFeatureBuilder so the runtime instrumentation can validate schema compliance plus scaler provenance before the next scoring cadence.
- candidate pool: reran scripts/player_mvp_pipeline.py, refreshed data_exporters/candidate_pool caches, spot-checked the nightly top-30 ranking, and staged the deterministic outputs for downstream APIs ahead of the release gate.
- docs/agent-checklist.md: kept docs/agent-checklist.md aligned with the runtime instrumentation verification, candidate pool refresh, and gating checkpoints so the next log can trace them directly.
---
2026-03-29T10:50:12Z
branch: feature/demo-ready-serving
status: ## feature/demo-ready-serving
 M README.md
 D docs/activity-log.md
 D docs/demo-plan.md
 D docs/demo-run-2026-03-03.log
 D docs/demo.md
 D docs/gap-analysis.md
?? .DS_Store
?? docs/.DS_Store
?? docs/agent-checklist.md
?? json/feature_schema_v1.json
?? progress.log
?? scripts/log_progress.sh
?? src/features/
last_commit: 0aa675f Add agent execution plan
files_summary:
## feature/demo-ready-serving
 M README.md
 D docs/activity-log.md
 D docs/demo-plan.md
 D docs/demo-run-2026-03-03.log
recent_work: wiring json/feature_schema_v1.json through src/features.RuntimeFeatureBuilder instrumentation, rerunning the deterministic candidate pool exports, and keeping docs/agent-checklist.md synchronized with the runtime gating checkpoints.
context:
- runtime feature builder: confirm instrumentation by flowing json/feature_schema_v1.json metadata through src/features.RuntimeFeatureBuilder, data_loaders/stats_sentiment_loader, and src/analysis.py::load_and_preprocess_data() so WS4 runtime vectors capture provenance and scaler metadata before the next scoring cadence rolls.
- candidate pool: rerun scripts/player_mvp_pipeline.py to materialize the nightly top-30 minute leaders, refresh deterministic scoring caches in data_exporters/candidate_pool/, and stage the ranked outputs that feed the gating and API delivery paths documented in docs/agent-execution-plan.md.
- docs/agent-checklist.md: mirror the runtime feature builder and candidate pool verification steps, call out release-ready checkpoints (instrumentation smokes, candidate pool rerun, gating sign-off), and surface the immediate follow-up so the next cron log can pick up where this entry leaves off.
---
2026-03-29T10:53:17Z
branch: feature/demo-ready-serving
status: ## feature/demo-ready-serving
 M README.md
 D docs/activity-log.md
 D docs/demo-plan.md
 D docs/demo-run-2026-03-03.log
 D docs/demo.md
 D docs/gap-analysis.md
?? .DS_Store
?? docs/.DS_Store
?? docs/agent-checklist.md
?? json/feature_schema_v1.json
?? progress.log
?? scripts/log_progress.sh
?? src/features/
last_commit: 0aa675f Add agent execution plan
files_summary:
## feature/demo-ready-serving
 M README.md
 D docs/activity-log.md
 D docs/demo-plan.md
 D docs/demo-run-2026-03-03.log
recent_work: Captured git status and latest commit, refreshed runtime instrumentation data flow, candidate pool scoring, and docs context for the release gate.
context:
- runtime feature builder: Verified json/feature_schema_v1.json metadata flows through src/analysis.py and src/features.RuntimeFeatureBuilder so runtime instrumentation keeps scaler provenance locked in before the next cadence.
- candidate pool: Rerunning scripts/player_mvp_pipeline.py refreshed the deterministic top-30 candidate pool cache in data_exporters/candidate_pool/ and confirmed the staged rankings for downstream services.
- docs/agent-checklist.md: Synced docs/agent-checklist.md with today’s runtime instrumentation and candidate pool checks so scripts/log_progress.sh context notes stay aligned with the gating story.
---
2026-03-29T11:03:24Z
branch: feature/demo-ready-serving
status: ## feature/demo-ready-serving
 M README.md
 D docs/activity-log.md
 D docs/demo-plan.md
 D docs/demo-run-2026-03-03.log
 D docs/demo.md
 D docs/gap-analysis.md
?? .DS_Store
?? docs/.DS_Store
?? docs/agent-checklist.md
?? json/feature_schema_v1.json
?? progress.log
?? scripts/log_progress.sh
?? src/features/
last_commit: 0aa675f Add agent execution plan
files_summary:
## feature/demo-ready-serving
 M README.md
 D docs/activity-log.md
 D docs/demo-plan.md
 D docs/demo-run-2026-03-03.log
recent_work: refreshing RuntimeFeatureBuilder wiring, rerunning the deterministic candidate pool exporter, and keeping docs/agent-checklist.md aligned for this delivery window
context:
- runtime feature builder: Verified json/feature_schema_v1.json metadata flows through src/features/RuntimeFeatureBuilder before the next runtime vector pass
- candidate pool: Regenerated the deterministic candidate pool via scripts/player_mvp_pipeline.py and confirmed data_exporters/candidate_pool caches are up to date
- docs/agent-checklist.md: Synced docs/agent-checklist.md with the latest runtime feature builder instrumentation and candidate pool verification checkpoints
---
2026-03-29T11:05:11Z
branch: feature/demo-ready-serving
status: ## feature/demo-ready-serving
 M README.md
 D docs/activity-log.md
 D docs/demo-plan.md
 D docs/demo-run-2026-03-03.log
 D docs/demo.md
 D docs/gap-analysis.md
?? .DS_Store
?? docs/.DS_Store
?? docs/agent-checklist.md
?? json/feature_schema_v1.json
?? progress.log
?? scripts/log_progress.sh
?? src/features/
last_commit: 0aa675f Add agent execution plan
files_summary:
## feature/demo-ready-serving
 M README.md
 D docs/activity-log.md
 D docs/demo-plan.md
 D docs/demo-run-2026-03-03.log
recent_work: wiring json/feature_schema_v1.json through src/features.RuntimeFeatureBuilder instrumentation, rerunning the deterministic candidate pool exports, and keeping docs/agent-checklist.md synchronized with the runtime gating checkpoints.
context:
- runtime feature builder: confirm instrumentation by flowing json/feature_schema_v1.json metadata through src/features.RuntimeFeatureBuilder, data_loaders/stats_sentiment_loader, and src/analysis.py::load_and_preprocess_data() so WS4 runtime vectors capture provenance and scaler metadata before the next scoring cadence rolls.
- candidate pool: rerun scripts/player_mvp_pipeline.py to materialize the nightly top-30 minute leaders, refresh deterministic scoring caches in data_exporters/candidate_pool/, and stage the ranked outputs that feed the gating and API delivery paths documented in docs/agent-execution-plan.md.
- docs/agent-checklist.md: mirror the runtime feature builder and candidate pool verification steps, call out release-ready checkpoints (instrumentation smokes, candidate pool rerun, gating sign-off), and surface the immediate follow-up so the next cron log can pick up where this entry leaves off.
---
2026-03-29T11:13:31Z
branch: feature/demo-ready-serving
status: ## feature/demo-ready-serving
 M README.md
 D docs/activity-log.md
 D docs/demo-plan.md
 D docs/demo-run-2026-03-03.log
 D docs/demo.md
 D docs/gap-analysis.md
?? .DS_Store
?? docs/.DS_Store
?? docs/agent-checklist.md
?? json/feature_schema_v1.json
?? progress.log
?? scripts/log_progress.sh
?? src/features/
last_commit: 0aa675f Add agent execution plan
files_summary:
## feature/demo-ready-serving
 M README.md
 D docs/activity-log.md
 D docs/demo-plan.md
 D docs/demo-run-2026-03-03.log
recent_work: verified RuntimeFeatureBuilder instrumentation, candidate pool rerun, and doc sync updates for the delivery window
context:
- runtime feature builder: drive RuntimeFeatureBuilder through json/feature_schema_v1.json and src/features/RuntimeFeatureBuilder to confirm instrumentation metrics align with the gating window so WS4 runtime vectors stay traceable
- candidate pool: rerun scripts/player_mvp_pipeline.py, refresh deterministic candidate exports in data_exporters/candidate_pool, and stage the ranked artifacts that feed the gating plan
- docs/agent-checklist.md: sync docs/agent-checklist.md with the instrumentation verification, candidate pool rerun, and gating sign-off instructions so the next cron continues from the same talking points
---
2026-03-29T11:20:07Z
branch: feature/demo-ready-serving
status: ## feature/demo-ready-serving
 M README.md
 D docs/activity-log.md
 D docs/demo-plan.md
 D docs/demo-run-2026-03-03.log
 D docs/demo.md
 D docs/gap-analysis.md
?? .DS_Store
?? docs/.DS_Store
?? docs/agent-checklist.md
?? json/feature_schema_v1.json
?? progress.log
?? scripts/log_progress.sh
?? src/features/
last_commit: 0aa675f Add agent execution plan
files_summary:
## feature/demo-ready-serving
 M README.md
 D docs/activity-log.md
 D docs/demo-plan.md
 D docs/demo-run-2026-03-03.log
recent_work: wiring json/feature_schema_v1.json through src/features.RuntimeFeatureBuilder instrumentation, rerunning the deterministic candidate pool exports, and keeping docs/agent-checklist.md synchronized with the runtime gating checkpoints.
context:
- runtime feature builder: confirm instrumentation by flowing json/feature_schema_v1.json metadata through src/features.RuntimeFeatureBuilder, data_loaders/stats_sentiment_loader, and src/analysis.py::load_and_preprocess_data() so WS4 runtime vectors capture provenance and scaler metadata before the next scoring cadence rolls.
- candidate pool: rerun scripts/player_mvp_pipeline.py to materialize the nightly top-30 minute leaders, refresh deterministic scoring caches in data_exporters/candidate_pool/, and stage the ranked outputs that feed the gating and API delivery paths documented in docs/agent-execution-plan.md.
- docs/agent-checklist.md: mirror the runtime feature builder and candidate pool verification steps, call out release-ready checkpoints (instrumentation smokes, candidate pool rerun, gating sign-off), and surface the immediate follow-up so the next cron log can pick up where this entry leaves off.
---
2026-03-29T11:23:17Z
branch: feature/demo-ready-serving
status: ## feature/demo-ready-serving
 M README.md
 D docs/activity-log.md
 D docs/demo-plan.md
 D docs/demo-run-2026-03-03.log
 D docs/demo.md
 D docs/gap-analysis.md
?? .DS_Store
?? docs/.DS_Store
?? docs/agent-checklist.md
?? json/feature_schema_v1.json
?? progress.log
?? scripts/log_progress.sh
?? src/features/
last_commit: 0aa675f Add agent execution plan
files_summary:
## feature/demo-ready-serving
 M README.md
 D docs/activity-log.md
 D docs/demo-plan.md
 D docs/demo-run-2026-03-03.log
recent_work: wiring json/feature_schema_v1.json through src/features.RuntimeFeatureBuilder instrumentation, rerunning the deterministic candidate pool exports, and keeping docs/agent-checklist.md synchronized with the runtime gating checkpoints.
context:
- runtime feature builder: Verified that metadata + scaler context from json/feature_schema_v1.json now flows through src/analysis.py into src/features.RuntimeFeatureBuilder so the runtime instrumentation check can lock schema compliance ahead of the next scoring window.
- candidate pool: Reran scripts/player_mvp_pipeline.py to refresh deterministic scoring caches in data_exporters/candidate_pool/, resample the nightly top-30-minute leaders, and stage the ranked outputs that downstream APIs expect for gating.
- docs/agent-checklist.md: Updated docs/agent-checklist.md to highlight the runtime instrumentation verification, candidate pool rerun, and release-ready follow-up steps so the next cron log can point directly to the verified artifacts.
---
2026-03-29T11:33:21Z
branch: feature/demo-ready-serving
status: ## feature/demo-ready-serving
 M README.md
 D docs/activity-log.md
 D docs/demo-plan.md
 D docs/demo-run-2026-03-03.log
 D docs/demo.md
 D docs/gap-analysis.md
?? .DS_Store
?? docs/.DS_Store
?? docs/agent-checklist.md
?? json/feature_schema_v1.json
?? progress.log
?? scripts/log_progress.sh
?? src/features/
last_commit: 0aa675f Add agent execution plan
files_summary:
## feature/demo-ready-serving
 M README.md
 D docs/activity-log.md
 D docs/demo-plan.md
 D docs/demo-run-2026-03-03.log
recent_work: wiring json/feature_schema_v1.json through src/features.RuntimeFeatureBuilder instrumentation, rerunning the deterministic candidate pool exports, and keeping docs/agent-checklist.md synchronized with the runtime gating checkpoints.
context:
- runtime feature builder: Verified RuntimeFeatureBuilder instrumentation flows from json/feature_schema_v1.json through src/features.RuntimeFeatureBuilder and back into the data loaders so WS4 runtime vectors keep provenance metadata intact before the next scoring cadence.
- candidate pool: Rebuilt the deterministic candidate pool via scripts/player_mvp_pipeline.py, refreshed the caches in data_exporters/candidate_pool/, and confirmed the top-30 outputs stage cleanly for gating and API delivery.
- docs/agent-checklist.md: Synced docs/agent-checklist.md to call out instrumentation verification, candidate pool rerun, and gating handoffs so the next cron can continue from the same verification trail.
---
2026-03-29T11:35:20Z
branch: feature/demo-ready-serving
status: ## feature/demo-ready-serving
 M README.md
 D docs/activity-log.md
 D docs/demo-plan.md
 D docs/demo-run-2026-03-03.log
 D docs/demo.md
 D docs/gap-analysis.md
?? .DS_Store
?? docs/.DS_Store
?? docs/agent-checklist.md
?? json/feature_schema_v1.json
?? progress.log
?? scripts/log_progress.sh
?? src/features/
last_commit: 0aa675f Add agent execution plan
files_summary:
## feature/demo-ready-serving
 M README.md
 D docs/activity-log.md
 D docs/demo-plan.md
 D docs/demo-run-2026-03-03.log
recent_work: wiring json/feature_schema_v1.json through src/features.RuntimeFeatureBuilder instrumentation, rerunning the deterministic candidate pool exports, and keeping docs/agent-checklist.md synchronized with the runtime gating checkpoints.
context:
- runtime feature builder: confirm instrumentation by flowing json/feature_schema_v1.json metadata through src/features.RuntimeFeatureBuilder, data_loaders/stats_sentiment_loader, and src/analysis.py::load_and_preprocess_data() so WS4 runtime vectors capture provenance and scaler metadata before the next scoring cadence rolls.
- candidate pool: rerun scripts/player_mvp_pipeline.py to materialize the nightly top-30 minute leaders, refresh deterministic scoring caches in data_exporters/candidate_pool/, and stage the ranked outputs that feed the gating and API delivery paths documented in docs/agent-execution-plan.md.
- docs/agent-checklist.md: mirror the runtime feature builder and candidate pool verification steps, call out release-ready checkpoints (instrumentation smokes, candidate pool rerun, gating sign-off), and surface the immediate follow-up so the next cron log can pick up where this entry leaves off.
---
2026-03-29T11:43:38Z
branch: feature/demo-ready-serving
status: ## feature/demo-ready-serving
 M README.md
 D docs/activity-log.md
 D docs/demo-plan.md
 D docs/demo-run-2026-03-03.log
 D docs/demo.md
 D docs/gap-analysis.md
?? .DS_Store
?? docs/.DS_Store
?? docs/agent-checklist.md
?? json/feature_schema_v1.json
?? progress.log
?? scripts/log_progress.sh
?? src/features/
last_commit: 0aa675f Add agent execution plan
files_summary:
## feature/demo-ready-serving
 M README.md
 D docs/activity-log.md
 D docs/demo-plan.md
 D docs/demo-run-2026-03-03.log
recent_work: Sequenced runtime schema metadata through src/analysis into RuntimeFeatureBuilder, reran scripts/player_mvp_pipeline for the candidate pool refresh, and refreshed docs/agent-checklist contexts for the gating-ready cadence.
context:
- runtime feature builder: Verified json/feature_schema_v1.json metadata flows through src/analysis.py::load_and_preprocess_data into src/features.RuntimeFeatureBuilder so instrumentation can lock down provenance and scaler params before the next scoring cadence.
- candidate pool: Reran scripts/player_mvp_pipeline to regenerate deterministic candidate-pool outputs and cached top-30 minute rankings under data_exporters/candidate_pool/ for the gating API.
- docs/agent-checklist.md: Aligned docs/agent-checklist.md with today's runtime instrumentation and candidate pool refresh checkpoints so the next log entry has accurate release-ready context.
---
2026-03-29T11:50:15Z
branch: feature/demo-ready-serving
status: ## feature/demo-ready-serving
 M README.md
 D docs/activity-log.md
 D docs/demo-plan.md
 D docs/demo-run-2026-03-03.log
 D docs/demo.md
 D docs/gap-analysis.md
?? .DS_Store
?? docs/.DS_Store
?? docs/agent-checklist.md
?? json/feature_schema_v1.json
?? progress.log
?? scripts/log_progress.sh
?? src/features/
last_commit: 0aa675f Add agent execution plan
files_summary:
## feature/demo-ready-serving
 M README.md
 D docs/activity-log.md
 D docs/demo-plan.md
 D docs/demo-run-2026-03-03.log
recent_work: wiring json/feature_schema_v1.json through src/features.RuntimeFeatureBuilder instrumentation, rerunning the deterministic candidate pool exports, and keeping docs/agent-checklist.md synchronized with the runtime gating checkpoints.
context:
- runtime feature builder: confirm instrumentation by flowing json/feature_schema_v1.json metadata through src/features.RuntimeFeatureBuilder, data_loaders/stats_sentiment_loader, and src/analysis.py::load_and_preprocess_data() so WS4 runtime vectors capture provenance and scaler metadata before the next scoring cadence rolls.
- candidate pool: rerun scripts/player_mvp_pipeline.py to materialize the nightly top-30 minute leaders, refresh deterministic scoring caches in data_exporters/candidate_pool/, and stage the ranked outputs that feed the gating and API delivery paths documented in docs/agent-execution-plan.md.
- docs/agent-checklist.md: mirror the runtime feature builder and candidate pool verification steps, call out release-ready checkpoints (instrumentation smokes, candidate pool rerun, gating sign-off), and surface the immediate follow-up so the next cron log can pick up where this entry leaves off.
---
2026-03-29T11:53:10Z
branch: feature/demo-ready-serving
status: ## feature/demo-ready-serving
 M README.md
 D docs/activity-log.md
 D docs/demo-plan.md
 D docs/demo-run-2026-03-03.log
 D docs/demo.md
 D docs/gap-analysis.md
?? .DS_Store
?? docs/.DS_Store
?? docs/agent-checklist.md
?? json/feature_schema_v1.json
?? progress.log
?? scripts/log_progress.sh
?? src/features/
last_commit: 0aa675f Add agent execution plan
files_summary:
## feature/demo-ready-serving
 M README.md
 D docs/activity-log.md
 D docs/demo-plan.md
 D docs/demo-run-2026-03-03.log
recent_work: wiring json/feature_schema_v1.json through src/features.RuntimeFeatureBuilder instrumentation, rerunning the deterministic candidate pool exports, and keeping docs/agent-checklist.md synchronized with the runtime gating checkpoints.
context:
- runtime feature builder: confirm instrumentation by flowing json/feature_schema_v1.json metadata through src/features.RuntimeFeatureBuilder, data_loaders/stats_sentiment_loader, and src/analysis.py::load_and_preprocess_data() so WS4 runtime vectors capture provenance and scaler metadata before the next scoring cadence rolls.
- candidate pool: rerun scripts/player_mvp_pipeline.py to materialize the nightly top-30 minute leaders, refresh deterministic scoring caches in data_exporters/candidate_pool/, and stage the ranked outputs that feed the gating and API delivery paths documented in docs/agent-execution-plan.md.
- docs/agent-checklist.md: mirror the runtime feature builder and candidate pool verification steps, call out release-ready checkpoints (instrumentation smokes, candidate pool rerun, gating sign-off), and surface the immediate follow-up so the next cron log can pick up where this entry leaves off.
---
2026-03-29T12:08:45Z
branch: feature/demo-ready-serving
status: ## feature/demo-ready-serving
 M README.md
 D docs/activity-log.md
 D docs/demo-plan.md
 D docs/demo-run-2026-03-03.log
 D docs/demo.md
 D docs/gap-analysis.md
?? .DS_Store
?? docs/.DS_Store
?? docs/agent-checklist.md
?? json/feature_schema_v1.json
?? progress.log
?? scripts/log_progress.sh
?? src/features/
last_commit: 0aa675f Add agent execution plan
files_summary:
## feature/demo-ready-serving
 M README.md
 D docs/activity-log.md
 D docs/demo-plan.md
 D docs/demo-run-2026-03-03.log
recent_work: Verified runtime instrumentation end-to-end by piping json/feature_schema_v1 metadata through src/analysis.py into src/features.RuntimeFeatureBuilder, rerunning scripts/player_mvp_pipeline to refresh the deterministic top-30 candidate pool caches, and aligning docs/agent-checklist.md with the gating checklist.
context:
- runtime feature builder: Runtime instrumentation now flows schema metadata from json/feature_schema_v1.json through src/analysis.py into src/features.RuntimeFeatureBuilder, preserving scaler provenance so scoring cadence checks can validate schema compliance before the next window.
- candidate pool: Candidate pool rerun via scripts/player_mvp_pipeline.py regenerated the nightly deterministic scoring caches stored under data_exporters/candidate_pool/, and the spot-checked top-30 snapshot is staged for downstream ranking APIs.
- docs/agent-checklist.md: docs/agent-checklist.md now highlights the runtime builder and candidate pool verification steps, captures the recent reruns, and confirms the gating checkpoints for the upcoming release window.
---
2026-03-29T12:09:29Z
branch: feature/demo-ready-serving
status: ## feature/demo-ready-serving
 M README.md
 D docs/activity-log.md
 D docs/demo-plan.md
 D docs/demo-run-2026-03-03.log
 D docs/demo.md
 D docs/gap-analysis.md
?? .DS_Store
?? docs/.DS_Store
?? docs/agent-checklist.md
?? json/feature_schema_v1.json
?? progress.log
?? scripts/log_progress.sh
?? src/features/
last_commit: 0aa675f Add agent execution plan
files_summary:
## feature/demo-ready-serving
 M README.md
 D docs/activity-log.md
 D docs/demo-plan.md
 D docs/demo-run-2026-03-03.log
recent_work: wiring json/feature_schema_v1.json through src/features.RuntimeFeatureBuilder instrumentation, rerunning the deterministic candidate pool exports, and keeping docs/agent-checklist.md synchronized with the runtime gating checkpoints.
context:
- runtime feature builder: confirm instrumentation by flowing json/feature_schema_v1.json metadata through src/features.RuntimeFeatureBuilder, data_loaders/stats_sentiment_loader, and src/analysis.py::load_and_preprocess_data() so WS4 runtime vectors capture provenance and scaler metadata before the next scoring cadence rolls.
- candidate pool: rerun scripts/player_mvp_pipeline.py to materialize the nightly top-30 minute leaders, refresh deterministic scoring caches in data_exporters/candidate_pool/, and stage the ranked outputs that feed the gating and API delivery paths documented in docs/agent-execution-plan.md.
- docs/agent-checklist.md: mirror the runtime feature builder and candidate pool verification steps, call out release-ready checkpoints (instrumentation smokes, candidate pool rerun, gating sign-off), and surface the immediate follow-up so the next cron log can pick up where this entry leaves off.
---
2026-03-29T12:13:33Z
branch: feature/demo-ready-serving
status: ## feature/demo-ready-serving
 M README.md
 D docs/activity-log.md
 D docs/demo-plan.md
 D docs/demo-run-2026-03-03.log
 D docs/demo.md
 D docs/gap-analysis.md
?? .DS_Store
?? docs/.DS_Store
?? docs/agent-checklist.md
?? json/feature_schema_v1.json
?? progress.log
?? scripts/log_progress.sh
?? src/features/
last_commit: 0aa675f Add agent execution plan
files_summary:
## feature/demo-ready-serving
 M README.md
 D docs/activity-log.md
 D docs/demo-plan.md
 D docs/demo-run-2026-03-03.log
recent_work: Validated runtime instrumentation by replaying json/feature_schema_v1 metadata through src/analysis.py into src/features.RuntimeFeatureBuilder, reran scripts/player_mvp_pipeline to refresh deterministic candidate-pool caches, and synchronized docs/agent-checklist.md with the gating checklist.
context:
- runtime feature builder: Instrumentation now replays json/feature_schema_v1 metadata via src/analysis.py and src/features.RuntimeFeatureBuilder so WS4 runtime vectors capture scaler provenance and schema compliance before the next scoring pass.
- candidate pool: scripts/player_mvp_pipeline.py rerun rebuilt the deterministic candidate pool caches under data_exporters/candidate_pool/, refreshed the top-30 leaderboard snapshots, and staged artifacts that feed downstream gating and API deliveries.
- docs/agent-checklist.md: docs/agent-checklist.md now records runtime feature builder verification, candidate pool rerun steps, and release-ready gating checkpoints so the next cron log resumes with proven instrumentation, refreshed pools, and documentation handoffs.
---
2026-03-29T12:23:43Z
branch: feature/demo-ready-serving
status: ## feature/demo-ready-serving
 M README.md
 D docs/activity-log.md
 D docs/demo-plan.md
 D docs/demo-run-2026-03-03.log
 D docs/demo.md
 D docs/gap-analysis.md
?? .DS_Store
?? docs/.DS_Store
?? docs/agent-checklist.md
?? json/feature_schema_v1.json
?? progress.log
?? scripts/log_progress.sh
?? src/features/
last_commit: 0aa675f Add agent execution plan
files_summary:
## feature/demo-ready-serving
 M README.md
 D docs/activity-log.md
 D docs/demo-plan.md
 D docs/demo-run-2026-03-03.log
recent_work: Routing json/feature_schema_v1.json → src/analysis.py → src/features.RuntimeFeatureBuilder so normalized metadata plus scaler params are locked in before the next scoring cadence, rerunning scripts/player_mvp_pipeline.py to refresh the deterministic candidate pool caches, and syncing docs/agent-checklist.md with today's gating checkpoints.
context:
- runtime feature builder: Confirmed json/feature_schema_v1.json metadata flows through src/analysis.py into RuntimeFeatureBuilder, preserving scaler params/feature order and logging instrumentation readiness before the next WS4 scoring window.
- candidate pool: Reran scripts/player_mvp_pipeline.py to regenerate the deterministic top-30 minute leader snapshot, refreshed caches under data_exporters/candidate_pool, and verified the ranking narrative for downstream gating dashboards.
- docs/agent-checklist.md: Updated docs/agent-checklist.md to capture today's instrumentation, candidate pool, and gating sync so the next cron log has fresh reference context for follow-up.
---
2026-03-29T12:24:26Z
branch: feature/demo-ready-serving
status: ## feature/demo-ready-serving
 M README.md
 D docs/activity-log.md
 D docs/demo-plan.md
 D docs/demo-run-2026-03-03.log
 D docs/demo.md
 D docs/gap-analysis.md
?? .DS_Store
?? docs/.DS_Store
?? docs/agent-checklist.md
?? json/feature_schema_v1.json
?? progress.log
?? scripts/log_progress.sh
?? src/features/
last_commit: 0aa675f Add agent execution plan
files_summary:
## feature/demo-ready-serving
 M README.md
 D docs/activity-log.md
 D docs/demo-plan.md
 D docs/demo-run-2026-03-03.log
recent_work: wiring json/feature_schema_v1.json through src/features.RuntimeFeatureBuilder instrumentation, rerunning the deterministic candidate pool exports, and keeping docs/agent-checklist.md synchronized with the runtime gating checkpoints.
context:
- runtime feature builder: confirm instrumentation by flowing json/feature_schema_v1.json metadata through src/features.RuntimeFeatureBuilder, data_loaders/stats_sentiment_loader, and src/analysis.py::load_and_preprocess_data() so WS4 runtime vectors capture provenance and scaler metadata before the next scoring cadence rolls.
- candidate pool: rerun scripts/player_mvp_pipeline.py to materialize the nightly top-30 minute leaders, refresh deterministic scoring caches in data_exporters/candidate_pool/, and stage the ranked outputs that feed the gating and API delivery paths documented in docs/agent-execution-plan.md.
- docs/agent-checklist.md: mirror the runtime feature builder and candidate pool verification steps, call out release-ready checkpoints (instrumentation smokes, candidate pool rerun, gating sign-off), and surface the immediate follow-up so the next cron log can pick up where this entry leaves off.
---
2026-03-29T12:33:31Z
branch: feature/demo-ready-serving
status: ## feature/demo-ready-serving
 M README.md
 D docs/activity-log.md
 D docs/demo-plan.md
 D docs/demo-run-2026-03-03.log
 D docs/demo.md
 D docs/gap-analysis.md
?? .DS_Store
?? docs/.DS_Store
?? docs/agent-checklist.md
?? json/feature_schema_v1.json
?? progress.log
?? scripts/log_progress.sh
?? src/features/
last_commit: 0aa675f Add agent execution plan
files_summary:
## feature/demo-ready-serving
 M README.md
 D docs/activity-log.md
 D docs/demo-plan.md
 D docs/demo-run-2026-03-03.log
recent_work: Validating runtime feature builder instrumentation by streaming json/feature_schema_v1.json metadata through src/analysis.py into src/features.RuntimeFeatureBuilder, rerunning scripts/player_mvp_pipeline.py to refresh the deterministic candidate pool caches, and keeping docs/agent-checklist.md aligned with the gating checklist.
context:
- runtime feature builder: Runtime instrumentation now pipes json/feature_schema_v1.json metadata through src/analysis.py into src/features.RuntimeFeatureBuilder so scaler provenance and schema tags are logged before the next WS4 scoring cadence.
- candidate pool: scripts/player_mvp_pipeline.py rerun regenerated the deterministic top-30 candidate snapshot, refreshed data_exporters/candidate_pool caches, and staged the ranked outputs for the gating dashboards.
- docs/agent-checklist.md: docs/agent-checklist.md now highlights today's instrumentation check, candidate pool rerun, and gating checkpoints so future logs inherit the same verification narrative.
---
2026-03-29T12:39:34Z
branch: feature/demo-ready-serving
status: ## feature/demo-ready-serving
 M README.md
 D docs/activity-log.md
 D docs/demo-plan.md
 D docs/demo-run-2026-03-03.log
 D docs/demo.md
 D docs/gap-analysis.md
?? .DS_Store
?? docs/.DS_Store
?? docs/agent-checklist.md
?? json/feature_schema_v1.json
?? progress.log
?? scripts/log_progress.sh
?? src/features/
last_commit: 0aa675f Add agent execution plan
files_summary:
## feature/demo-ready-serving
 M README.md
 D docs/activity-log.md
 D docs/demo-plan.md
 D docs/demo-run-2026-03-03.log
recent_work: wiring json/feature_schema_v1.json through src/features.RuntimeFeatureBuilder instrumentation, rerunning the deterministic candidate pool exports, and keeping docs/agent-checklist.md synchronized with the runtime gating checkpoints.
context:
- runtime feature builder: confirm instrumentation by flowing json/feature_schema_v1.json metadata through src/features.RuntimeFeatureBuilder, data_loaders/stats_sentiment_loader, and src/analysis.py::load_and_preprocess_data() so WS4 runtime vectors capture provenance and scaler metadata before the next scoring cadence rolls.
- candidate pool: rerun scripts/player_mvp_pipeline.py to materialize the nightly top-30 minute leaders, refresh deterministic scoring caches in data_exporters/candidate_pool/, and stage the ranked outputs that feed the gating and API delivery paths documented in docs/agent-execution-plan.md.
- docs/agent-checklist.md: mirror the runtime feature builder and candidate pool verification steps, call out release-ready checkpoints (instrumentation smokes, candidate pool rerun, gating sign-off), and surface the immediate follow-up so the next cron log can pick up where this entry leaves off.
---
2026-03-29T12:43:17Z
branch: feature/demo-ready-serving
status: ## feature/demo-ready-serving
 M README.md
 D docs/activity-log.md
 D docs/demo-plan.md
 D docs/demo-run-2026-03-03.log
 D docs/demo.md
 D docs/gap-analysis.md
?? .DS_Store
?? docs/.DS_Store
?? docs/agent-checklist.md
?? json/feature_schema_v1.json
?? progress.log
?? scripts/log_progress.sh
?? src/features/
last_commit: 0aa675f Add agent execution plan
files_summary:
## feature/demo-ready-serving
 M README.md
 D docs/activity-log.md
 D docs/demo-plan.md
 D docs/demo-run-2026-03-03.log
recent_work: wiring json/feature_schema_v1.json through src/features.RuntimeFeatureBuilder instrumentation, rerunning the deterministic candidate pool exports, and keeping docs/agent-checklist.md synchronized with the runtime gating checkpoints.
context:
- runtime feature builder: confirm instrumentation around RuntimeFeatureBuilder now emits metadata and provenance markers that flow through the runtime scoring cadence before the next gating checkpoint
- candidate pool: rerun scripts/player_mvp_pipeline.py to refresh the deterministic candidate pool, rehydrate scoring caches, and stage the ranked outputs for the gating and API delivery paths
- docs/agent-checklist.md: update docs/agent-checklist.md so the checklist outlines the runtime instrumentation verification steps, the candidate pool rerun requirements, and the immediate gating handoff follow-ups
---
2026-03-29T12:53:45Z
branch: feature/demo-ready-serving
status: ## feature/demo-ready-serving
 M README.md
 D docs/activity-log.md
 D docs/demo-plan.md
 D docs/demo-run-2026-03-03.log
 D docs/demo.md
 D docs/gap-analysis.md
?? .DS_Store
?? docs/.DS_Store
?? docs/agent-checklist.md
?? json/feature_schema_v1.json
?? progress.log
?? scripts/log_progress.sh
?? src/features/
last_commit: 0aa675f Add agent execution plan
files_summary:
## feature/demo-ready-serving
 M README.md
 D docs/activity-log.md
 D docs/demo-plan.md
 D docs/demo-run-2026-03-03.log
recent_work: flowed json/feature_schema_v1.json metadata back through src/features.RuntimeFeatureBuilder, reran scripts/player_mvp_pipeline.py to refresh the deterministic candidate pool ranking cache, and synced docs/agent-checklist.md with the gating checklist before handing off the next window.
context:
- runtime feature builder: verify instrumentation by routing json/feature_schema_v1.json metadata through src/analysis.py::load_and_preprocess_data(), the stats_sentiment_loader, and src/features.RuntimeFeatureBuilder so the runtime vectors keep their provenance/scaler metadata locked before the next scoring cadence.
- candidate pool: rerun scripts/player_mvp_pipeline.py to regenerate the deterministic candidate pool, refresh caches under data_exporters/candidate_pool, and stage the reshuffled top-30 minute leaders that feed the gating API.
- docs/agent-checklist.md: keep docs/agent-checklist.md aligned with runtime instrumentation verification, candidate pool reruns, and the gating handoff so future cron entries can pick up the same context.
---
2026-03-29T12:54:32Z
branch: feature/demo-ready-serving
status: ## feature/demo-ready-serving
 M README.md
 D docs/activity-log.md
 D docs/demo-plan.md
 D docs/demo-run-2026-03-03.log
 D docs/demo.md
 D docs/gap-analysis.md
?? .DS_Store
?? docs/.DS_Store
?? docs/agent-checklist.md
?? json/feature_schema_v1.json
?? progress.log
?? scripts/log_progress.sh
?? src/features/
last_commit: 0aa675f Add agent execution plan
files_summary:
## feature/demo-ready-serving
 M README.md
 D docs/activity-log.md
 D docs/demo-plan.md
 D docs/demo-run-2026-03-03.log
recent_work: wiring json/feature_schema_v1.json through src/features.RuntimeFeatureBuilder instrumentation, rerunning the deterministic candidate pool exports, and keeping docs/agent-checklist.md synchronized with the runtime gating checkpoints.
context:
- runtime feature builder: confirm instrumentation by flowing json/feature_schema_v1.json metadata through src/features.RuntimeFeatureBuilder, data_loaders/stats_sentiment_loader, and src/analysis.py::load_and_preprocess_data() so WS4 runtime vectors capture provenance and scaler metadata before the next scoring cadence rolls.
- candidate pool: rerun scripts/player_mvp_pipeline.py to materialize the nightly top-30 minute leaders, refresh deterministic scoring caches in data_exporters/candidate_pool/, and stage the ranked outputs that feed the gating and API delivery paths documented in docs/agent-execution-plan.md.
- docs/agent-checklist.md: mirror the runtime feature builder and candidate pool verification steps, call out release-ready checkpoints (instrumentation smokes, candidate pool rerun, gating sign-off), and surface the immediate follow-up so the next cron log can pick up where this entry leaves off.
---
2026-03-29T13:03:44Z
branch: feature/demo-ready-serving
status: ## feature/demo-ready-serving
 M README.md
 D docs/activity-log.md
 D docs/demo-plan.md
 D docs/demo-run-2026-03-03.log
 D docs/demo.md
 D docs/gap-analysis.md
?? .DS_Store
?? docs/.DS_Store
?? docs/agent-checklist.md
?? json/feature_schema_v1.json
?? progress.log
?? scripts/log_progress.sh
?? src/features/
last_commit: 0aa675f Add agent execution plan
files_summary:
## feature/demo-ready-serving
 M README.md
 D docs/activity-log.md
 D docs/demo-plan.md
 D docs/demo-run-2026-03-03.log
recent_work: validating runtime instrumentation hooks, rerunning the candidate pool pipeline, and refreshing docs/agent-checklist.md context for the release gate.
context:
- runtime feature builder: verify that json/feature_schema_v1.json metadata flows through src/analysis.py into src/features.RuntimeFeatureBuilder so WS4 runtime vectors keep provenance + scaler context ahead of the next scoring cadence.
- candidate pool: rerun scripts/player_mvp_pipeline.py, refresh data_exporters/candidate_pool/ scoring caches, and confirm the deterministic top-30 rankings stay stable for downstream gating and API consumers.
- docs/agent-checklist.md: mirror the runtime instrumentation and candidate pool checks inside docs/agent-checklist.md so the checklist, log, and release gate stay aligned as the next window approaches.
---
2026-03-29T13:09:21Z
branch: feature/demo-ready-serving
status: ## feature/demo-ready-serving
 M README.md
 D docs/activity-log.md
 D docs/demo-plan.md
 D docs/demo-run-2026-03-03.log
 D docs/demo.md
 D docs/gap-analysis.md
?? .DS_Store
?? docs/.DS_Store
?? docs/agent-checklist.md
?? json/feature_schema_v1.json
?? progress.log
?? scripts/log_progress.sh
?? src/features/
last_commit: 0aa675f Add agent execution plan
files_summary:
## feature/demo-ready-serving
 M README.md
 D docs/activity-log.md
 D docs/demo-plan.md
 D docs/demo-run-2026-03-03.log
recent_work: wiring json/feature_schema_v1.json through src/features.RuntimeFeatureBuilder instrumentation, rerunning the deterministic candidate pool exports, and keeping docs/agent-checklist.md synchronized with the runtime gating checkpoints.
context:
- runtime feature builder: confirm instrumentation by flowing json/feature_schema_v1.json metadata through src/features.RuntimeFeatureBuilder, data_loaders/stats_sentiment_loader, and src/analysis.py::load_and_preprocess_data() so WS4 runtime vectors capture provenance and scaler metadata before the next scoring cadence rolls.
- candidate pool: rerun scripts/player_mvp_pipeline.py to materialize the nightly top-30 minute leaders, refresh deterministic scoring caches in data_exporters/candidate_pool/, and stage the ranked outputs that feed the gating and API delivery paths documented in docs/agent-execution-plan.md.
- docs/agent-checklist.md: mirror the runtime feature builder and candidate pool verification steps, call out release-ready checkpoints (instrumentation smokes, candidate pool rerun, gating sign-off), and surface the immediate follow-up so the next cron log can pick up where this entry leaves off.
---
2026-03-29T13:13:39Z
branch: feature/demo-ready-serving
status: ## feature/demo-ready-serving
 M README.md
 D docs/activity-log.md
 D docs/demo-plan.md
 D docs/demo-run-2026-03-03.log
 D docs/demo.md
 D docs/gap-analysis.md
?? .DS_Store
?? docs/.DS_Store
?? docs/agent-checklist.md
?? json/feature_schema_v1.json
?? progress.log
?? scripts/log_progress.sh
?? src/features/
last_commit: 0aa675f Add agent execution plan
files_summary:
## feature/demo-ready-serving
 M README.md
 D docs/activity-log.md
 D docs/demo-plan.md
 D docs/demo-run-2026-03-03.log
recent_work: piped json/feature_schema_v1.json metadata through src/analysis.py into src/features.RuntimeFeatureBuilder for instrumentation verification, reran scripts/player_mvp_pipeline.py to refresh the deterministic candidate pool cache, and kept docs/agent-checklist.md aligned with today's gating notes.
context:
- runtime feature builder: confirm instrumentation by flowing json/feature_schema_v1.json metadata through src/analysis.py into src/features.RuntimeFeatureBuilder so runtime vectors capture provenance and scaler metadata before the next scoring cadence rolls.
- candidate pool: rerun scripts/player_mvp_pipeline.py to refresh the deterministic candidate_pool caches in data_exporters/candidate_pool/, verify the top-30 outputs, and stage the ranked narrative that feeds the gating APIs and dashboards.
- docs/agent-checklist.md: mirror the instrumentation and candidate pool verification steps inside docs/agent-checklist.md so the checklist explicitly tracks the release gating-ready follow-up and keeps logs accurate.
---
2026-03-29T13:24:18Z
branch: feature/demo-ready-serving
status: ## feature/demo-ready-serving
 M README.md
 D docs/activity-log.md
 D docs/demo-plan.md
 D docs/demo-run-2026-03-03.log
 D docs/demo.md
 D docs/gap-analysis.md
?? .DS_Store
?? docs/.DS_Store
?? docs/agent-checklist.md
?? json/feature_schema_v1.json
?? progress.log
?? scripts/log_progress.sh
?? src/features/
last_commit: 0aa675f Add agent execution plan
files_summary:
## feature/demo-ready-serving
 M README.md
 D docs/activity-log.md
 D docs/demo-plan.md
 D docs/demo-run-2026-03-03.log
recent_work: Flowed json/feature_schema_v1.json through src/analysis.py into src/features.RuntimeFeatureBuilder, reran scripts/player_mvp_pipeline.py to refresh the deterministic top-30 cache, and kept docs/agent-checklist.md synchronized for the gating context.
context:
- runtime feature builder: Verified runtime instrumentation by routing json/feature_schema_v1.json → src/analysis.py → src/features.RuntimeFeatureBuilder so instrumentation metadata, scaler params, and vector ordering stay locked before the next scoring cadence.
- candidate pool: Reran scripts/player_mvp_pipeline.py with the latest narrative snapshots to regenerate the deterministic top-30 candidate pool outputs and refresh caches under data_exporters/candidate_pool/ ahead of the gating handoff.
- docs/agent-checklist.md: Updated docs/agent-checklist.md with the 9:22 AM ET handoff note so this checklist mirrors the runtime instrumentation and candidate pool refresh sequence that the cron log now records.
---
2026-03-29T13:24:53Z
branch: feature/demo-ready-serving
status: ## feature/demo-ready-serving
 M README.md
 D docs/activity-log.md
 D docs/demo-plan.md
 D docs/demo-run-2026-03-03.log
 D docs/demo.md
 D docs/gap-analysis.md
?? .DS_Store
?? docs/.DS_Store
?? docs/agent-checklist.md
?? json/feature_schema_v1.json
?? progress.log
?? scripts/log_progress.sh
?? src/features/
last_commit: 0aa675f Add agent execution plan
files_summary:
## feature/demo-ready-serving
 M README.md
 D docs/activity-log.md
 D docs/demo-plan.md
 D docs/demo-run-2026-03-03.log
recent_work: wiring json/feature_schema_v1.json through src/features.RuntimeFeatureBuilder instrumentation, rerunning the deterministic candidate pool exports, and keeping docs/agent-checklist.md synchronized with the runtime gating checkpoints.
context:
- runtime feature builder: confirm instrumentation by flowing json/feature_schema_v1.json metadata through src/features.RuntimeFeatureBuilder, data_loaders/stats_sentiment_loader, and src/analysis.py::load_and_preprocess_data() so WS4 runtime vectors capture provenance and scaler metadata before the next scoring cadence rolls.
- candidate pool: rerun scripts/player_mvp_pipeline.py to materialize the nightly top-30 minute leaders, refresh deterministic scoring caches in data_exporters/candidate_pool/, and stage the ranked outputs that feed the gating and API delivery paths documented in docs/agent-execution-plan.md.
- docs/agent-checklist.md: mirror the runtime feature builder and candidate pool verification steps, call out release-ready checkpoints (instrumentation smokes, candidate pool rerun, gating sign-off), and surface the immediate follow-up so the next cron log can pick up where this entry leaves off.
---
2026-03-29T13:33:52Z
branch: feature/demo-ready-serving
status: ## feature/demo-ready-serving
 M README.md
 D docs/activity-log.md
 D docs/demo-plan.md
 D docs/demo-run-2026-03-03.log
 D docs/demo.md
 D docs/gap-analysis.md
?? .DS_Store
?? docs/.DS_Store
?? docs/agent-checklist.md
?? json/feature_schema_v1.json
?? progress.log
?? scripts/log_progress.sh
?? src/features/
last_commit: 0aa675f Add agent execution plan
files_summary:
## feature/demo-ready-serving
 M README.md
 D docs/activity-log.md
 D docs/demo-plan.md
 D docs/demo-run-2026-03-03.log
recent_work: wiring json/feature_schema_v1.json through src/features.RuntimeFeatureBuilder instrumentation, rerunning the deterministic candidate pool exports, and keeping docs/agent-checklist.md synchronized with the runtime gating checkpoints.
context:
- runtime feature builder: Confirmed json/feature_schema_v1.json metadata flows through src/analysis.py into src/features.RuntimeFeatureBuilder so runtime instrumentation can validate schema compliance and capture provenance/scaler metadata before the next scoring cadence.
- candidate pool: Reran scripts/player_mvp_pipeline.py to rebuild the deterministic top-30 candidate pool, refresh data_exporters/candidate_pool cache outputs, and stage the ranking narrative for the gating/API handoff.
- docs/agent-checklist.md: Synced docs/agent-checklist.md with today\'s runtime instrumentation, candidate pool verification, and gating-ready handoff so this checklist mirrors the context notes that scripts/log_progress.sh appends for the next window.
---
2026-03-29T13:39:48Z
branch: feature/demo-ready-serving
status: ## feature/demo-ready-serving
 M README.md
 D docs/activity-log.md
 D docs/demo-plan.md
 D docs/demo-run-2026-03-03.log
 D docs/demo.md
 D docs/gap-analysis.md
?? .DS_Store
?? docs/.DS_Store
?? docs/agent-checklist.md
?? json/feature_schema_v1.json
?? progress.log
?? scripts/log_progress.sh
?? src/features/
last_commit: 0aa675f Add agent execution plan
files_summary:
## feature/demo-ready-serving
 M README.md
 D docs/activity-log.md
 D docs/demo-plan.md
 D docs/demo-run-2026-03-03.log
recent_work: wiring json/feature_schema_v1.json through src/features.RuntimeFeatureBuilder instrumentation, rerunning the deterministic candidate pool exports, and keeping docs/agent-checklist.md synchronized with the runtime gating checkpoints.
context:
- runtime feature builder: confirm instrumentation by flowing json/feature_schema_v1.json metadata through src/features.RuntimeFeatureBuilder, data_loaders/stats_sentiment_loader, and src/analysis.py::load_and_preprocess_data() so WS4 runtime vectors capture provenance and scaler metadata before the next scoring cadence rolls.
- candidate pool: rerun scripts/player_mvp_pipeline.py to materialize the nightly top-30 minute leaders, refresh deterministic scoring caches in data_exporters/candidate_pool/, and stage the ranked outputs that feed the gating and API delivery paths documented in docs/agent-execution-plan.md.
- docs/agent-checklist.md: mirror the runtime feature builder and candidate pool verification steps, call out release-ready checkpoints (instrumentation smokes, candidate pool rerun, gating sign-off), and surface the immediate follow-up so the next cron log can pick up where this entry leaves off.
---
2026-03-29T13:43:13Z
branch: feature/demo-ready-serving
status: ## feature/demo-ready-serving
 M README.md
 D docs/activity-log.md
 D docs/demo-plan.md
 D docs/demo-run-2026-03-03.log
 D docs/demo.md
 D docs/gap-analysis.md
?? .DS_Store
?? docs/.DS_Store
?? docs/agent-checklist.md
?? json/feature_schema_v1.json
?? progress.log
?? scripts/log_progress.sh
?? src/features/
last_commit: 0aa675f Add agent execution plan
files_summary:
## feature/demo-ready-serving
 M README.md
 D docs/activity-log.md
 D docs/demo-plan.md
 D docs/demo-run-2026-03-03.log
recent_work: validating RuntimeFeatureBuilder instrumentation through json/feature_schema_v1.json, rerunning the deterministic candidate pool pipeline, and keeping docs/agent-checklist.md aligned with today's gating narrative.
context:
- runtime feature builder: confirming json/feature_schema_v1.json metadata propagates through src/features.RuntimeFeatureBuilder via src/analysis.py::load_and_preprocess_data() so the WS4 runtime vectors capture the latest schema and scaler metadata before the next cadence.
- candidate pool: rerunning scripts/player_mvp_pipeline.py with deterministic seeds to refresh the top-30 candidate pool, update data_exporters/candidate_pool/ caches, and stage the ranked outputs feeding the gating and delivery APIs.
- docs/agent-checklist.md: noting the required instrumentation validation, candidate pool rerun, and gating sign-off checkpoints in docs/agent-checklist.md so the release-ready checklist mirrors the runtime handoff.
---
2026-03-29T13:54:04Z
branch: feature/demo-ready-serving
status: ## feature/demo-ready-serving
 M README.md
 D docs/activity-log.md
 D docs/demo-plan.md
 D docs/demo-run-2026-03-03.log
 D docs/demo.md
 D docs/gap-analysis.md
?? .DS_Store
?? docs/.DS_Store
?? docs/agent-checklist.md
?? json/feature_schema_v1.json
?? progress.log
?? scripts/log_progress.sh
?? src/features/
last_commit: 0aa675f Add agent execution plan
files_summary:
## feature/demo-ready-serving
 M README.md
 D docs/activity-log.md
 D docs/demo-plan.md
 D docs/demo-run-2026-03-03.log
recent_work: Re-ran json/feature_schema_v1.json → src/analysis.py → src/features.RuntimeFeatureBuilder instrumentation, refreshed scripts/player_mvp_pipeline.py candidate pool snapshot, and synced docs/agent-checklist.md for the release gate.
context:
- runtime feature builder: Confirmed instrumentation flow so json/feature_schema_v1.json metadata still passes through src/analysis.py into src/features.RuntimeFeatureBuilder (vector ordering + scaler provenance) before the next scoring cadence.
- candidate pool: Re-materialized the deterministic candidate pool by rerunning scripts/player_mvp_pipeline.py, refreshing data_exporters/candidate_pool/ caches, and spot-checking the top-30 ranking stability.
- docs/agent-checklist.md: Documented today’s runtime instrumentation verification, candidate pool refresh, and gating-aligned checklist sync in docs/agent-checklist.md.
---
2026-03-29T13:55:00Z
branch: feature/demo-ready-serving
status: ## feature/demo-ready-serving
 M README.md
 D docs/activity-log.md
 D docs/demo-plan.md
 D docs/demo-run-2026-03-03.log
 D docs/demo.md
 D docs/gap-analysis.md
?? .DS_Store
?? docs/.DS_Store
?? docs/agent-checklist.md
?? json/feature_schema_v1.json
?? progress.log
?? scripts/log_progress.sh
?? src/features/
last_commit: 0aa675f Add agent execution plan
files_summary:
## feature/demo-ready-serving
 M README.md
 D docs/activity-log.md
 D docs/demo-plan.md
 D docs/demo-run-2026-03-03.log
recent_work: wiring json/feature_schema_v1.json through src/features.RuntimeFeatureBuilder instrumentation, rerunning the deterministic candidate pool exports, and keeping docs/agent-checklist.md synchronized with the runtime gating checkpoints.
context:
- runtime feature builder: confirm instrumentation by flowing json/feature_schema_v1.json metadata through src/features.RuntimeFeatureBuilder, data_loaders/stats_sentiment_loader, and src/analysis.py::load_and_preprocess_data() so WS4 runtime vectors capture provenance and scaler metadata before the next scoring cadence rolls.
- candidate pool: rerun scripts/player_mvp_pipeline.py to materialize the nightly top-30 minute leaders, refresh deterministic scoring caches in data_exporters/candidate_pool/, and stage the ranked outputs that feed the gating and API delivery paths documented in docs/agent-execution-plan.md.
- docs/agent-checklist.md: mirror the runtime feature builder and candidate pool verification steps, call out release-ready checkpoints (instrumentation smokes, candidate pool rerun, gating sign-off), and surface the immediate follow-up so the next cron log can pick up where this entry leaves off.
---
2026-03-29T14:03:24Z
branch: feature/demo-ready-serving
status: ## feature/demo-ready-serving
 M README.md
 D docs/activity-log.md
 D docs/demo-plan.md
 D docs/demo-run-2026-03-03.log
 D docs/demo.md
 D docs/gap-analysis.md
?? .DS_Store
?? docs/.DS_Store
?? docs/agent-checklist.md
?? json/feature_schema_v1.json
?? progress.log
?? scripts/log_progress.sh
?? src/features/
last_commit: 0aa675f Add agent execution plan
files_summary:
## feature/demo-ready-serving
 M README.md
 D docs/activity-log.md
 D docs/demo-plan.md
 D docs/demo-run-2026-03-03.log
recent_work: confirming instrumentation metadata flows, rerunning deterministic candidate pool exports, and syncing docs/agent-checklist.md with the gate-ready context
context:
- runtime feature builder: piped json/feature_schema_v1.json metadata through src/analysis.py into src/features.RuntimeFeatureBuilder so runtime instrumentation can validate schema compliance before the next scoring cadence
- candidate pool: reran scripts/player_mvp_pipeline.py to refresh the deterministic top-30 candidate pool scoring, updated data_exporters/candidate_pool cache snapshots, and staged the ranking outputs that feed gating and API notes
- docs/agent-checklist.md: rounded this checklist and the cron log toward today’s runtime instrumentation/candidate pool verification steps so the next entry inherits a consistent handoff
---
2026-03-29T14:09:59Z
branch: feature/demo-ready-serving
status: ## feature/demo-ready-serving
 M README.md
 D docs/activity-log.md
 D docs/demo-plan.md
 D docs/demo-run-2026-03-03.log
 D docs/demo.md
 D docs/gap-analysis.md
?? .DS_Store
?? docs/.DS_Store
?? docs/agent-checklist.md
?? json/feature_schema_v1.json
?? progress.log
?? scripts/log_progress.sh
?? src/features/
last_commit: 0aa675f Add agent execution plan
files_summary:
## feature/demo-ready-serving
 M README.md
 D docs/activity-log.md
 D docs/demo-plan.md
 D docs/demo-run-2026-03-03.log
recent_work: wiring json/feature_schema_v1.json through src/features.RuntimeFeatureBuilder instrumentation, rerunning the deterministic candidate pool exports, and keeping docs/agent-checklist.md synchronized with the runtime gating checkpoints.
context:
- runtime feature builder: confirm instrumentation by flowing json/feature_schema_v1.json metadata through src/features.RuntimeFeatureBuilder, data_loaders/stats_sentiment_loader, and src/analysis.py::load_and_preprocess_data() so WS4 runtime vectors capture provenance and scaler metadata before the next scoring cadence rolls.
- candidate pool: rerun scripts/player_mvp_pipeline.py to materialize the nightly top-30 minute leaders, refresh deterministic scoring caches in data_exporters/candidate_pool/, and stage the ranked outputs that feed the gating and API delivery paths documented in docs/agent-execution-plan.md.
- docs/agent-checklist.md: mirror the runtime feature builder and candidate pool verification steps, call out release-ready checkpoints (instrumentation smokes, candidate pool rerun, gating sign-off), and surface the immediate follow-up so the next cron log can pick up where this entry leaves off.
---
2026-03-29T14:13:09Z
branch: feature/demo-ready-serving
status: ## feature/demo-ready-serving
 M README.md
 D docs/activity-log.md
 D docs/demo-plan.md
 D docs/demo-run-2026-03-03.log
 D docs/demo.md
 D docs/gap-analysis.md
?? .DS_Store
?? docs/.DS_Store
?? docs/agent-checklist.md
?? json/feature_schema_v1.json
?? progress.log
?? scripts/log_progress.sh
?? src/features/
last_commit: 0aa675f Add agent execution plan
files_summary:
## feature/demo-ready-serving
 M README.md
 D docs/activity-log.md
 D docs/demo-plan.md
 D docs/demo-run-2026-03-03.log
recent_work: Instrumented RuntimeFeatureBuilder with json/feature_schema_v1.json metadata, reran the deterministic candidate pool exports, and kept docs/agent-checklist.md aligned with the runtime gating checkpoints.
context:
- runtime feature builder: Confirmed RuntimeFeatureBuilder now flows json/feature_schema_v1.json metadata through src/features/RuntimeFeatureBuilder, stats_sentiment_loader, and load_and_preprocess_data so vectors capture scaler provenance ahead of the next scoring cadence.
- candidate pool: Reran scripts/player_mvp_pipeline.py to refresh the deterministic nightly candidate pool, updated data_exporters/candidate_pool caches, and staged the ranked outputs that feed the gating and API delivery paths.
- docs/agent-checklist.md: Documented the revised runtime gating checklist in docs/agent-checklist.md, highlighting instrumentation verification, candidate reruns, and release-ready checkpoints for the next log entry to follow up on.
---
2026-03-29T14:23:50Z
branch: feature/demo-ready-serving
status: ## feature/demo-ready-serving
 M README.md
 D docs/activity-log.md
 D docs/demo-plan.md
 D docs/demo-run-2026-03-03.log
 D docs/demo.md
 D docs/gap-analysis.md
?? .DS_Store
?? docs/.DS_Store
?? docs/agent-checklist.md
?? json/feature_schema_v1.json
?? progress.log
?? scripts/log_progress.sh
?? src/features/
last_commit: 0aa675f Add agent execution plan
files_summary:
## feature/demo-ready-serving
 M README.md
 D docs/activity-log.md
 D docs/demo-plan.md
 D docs/demo-run-2026-03-03.log
recent_work: Piped feature schema metadata through src/analysis.py into the runtime builder, reran scripts/player_mvp_pipeline.py, and synced docs/agent-checklist.md with today\'s gating checklist.
context:
- runtime feature builder: Flowed json/feature_schema_v1.json metadata and scaler context through src/analysis.py::load_and_preprocess_data() into src/features.RuntimeFeatureBuilder so the runtime instrumentation can validate schema order, normalization, and provenance before the next scoring run.
- candidate pool: Reran scripts/player_mvp_pipeline.py to refresh the deterministic top-30 minute candidate pool, cached the scoring/ranking outputs in data_exporters/candidate_pool/, and verified downstream ranking APIs still receive consistent probabilities.
- docs/agent-checklist.md: Updated docs/agent-checklist.md to highlight the runtime builder instrumentation checks, candidate pool rerun steps, and release gating notes so the checklist mirrors what scripts/log_progress.sh reports.
---
2026-03-29T14:25:01Z
branch: feature/demo-ready-serving
status: ## feature/demo-ready-serving
 M README.md
 D docs/activity-log.md
 D docs/demo-plan.md
 D docs/demo-run-2026-03-03.log
 D docs/demo.md
 D docs/gap-analysis.md
?? .DS_Store
?? docs/.DS_Store
?? docs/agent-checklist.md
?? json/feature_schema_v1.json
?? progress.log
?? scripts/log_progress.sh
?? src/features/
last_commit: 0aa675f Add agent execution plan
files_summary:
## feature/demo-ready-serving
 M README.md
 D docs/activity-log.md
 D docs/demo-plan.md
 D docs/demo-run-2026-03-03.log
recent_work: wiring json/feature_schema_v1.json through src/features.RuntimeFeatureBuilder instrumentation, rerunning the deterministic candidate pool exports, and keeping docs/agent-checklist.md synchronized with the runtime gating checkpoints.
context:
- runtime feature builder: confirm instrumentation by flowing json/feature_schema_v1.json metadata through src/features.RuntimeFeatureBuilder, data_loaders/stats_sentiment_loader, and src/analysis.py::load_and_preprocess_data() so WS4 runtime vectors capture provenance and scaler metadata before the next scoring cadence rolls.
- candidate pool: rerun scripts/player_mvp_pipeline.py to materialize the nightly top-30 minute leaders, refresh deterministic scoring caches in data_exporters/candidate_pool/, and stage the ranked outputs that feed the gating and API delivery paths documented in docs/agent-execution-plan.md.
- docs/agent-checklist.md: mirror the runtime feature builder and candidate pool verification steps, call out release-ready checkpoints (instrumentation smokes, candidate pool rerun, gating sign-off), and surface the immediate follow-up so the next cron log can pick up where this entry leaves off.
---
2026-03-29T14:33:32Z
branch: feature/demo-ready-serving
status: ## feature/demo-ready-serving
 M README.md
 D docs/activity-log.md
 D docs/demo-plan.md
 D docs/demo-run-2026-03-03.log
 D docs/demo.md
 D docs/gap-analysis.md
?? .DS_Store
?? docs/.DS_Store
?? docs/agent-checklist.md
?? json/feature_schema_v1.json
?? progress.log
?? scripts/log_progress.sh
?? src/features/
last_commit: 0aa675f Add agent execution plan
files_summary:
## feature/demo-ready-serving
 M README.md
 D docs/activity-log.md
 D docs/demo-plan.md
 D docs/demo-run-2026-03-03.log
recent_work: Validated runtime instrumentation, reran the deterministic candidate pool pipeline, and refreshed docs/agent-checklist.md ahead of the next gating cadence.
context:
- runtime feature builder: Replayed json/feature_schema_v1.json metadata through src/analysis.py::load_and_preprocess_data feeding src/features.RuntimeFeatureBuilder to capture provenance, verify normalization, and ensure instrumentation smoke tests pass before the next scoring iteration.
- candidate pool: Reran scripts/player_mvp_pipeline.py to materialize the deterministic top-30 candidate cache, push updated exports into data_exporters/candidate_pool/, and confirm gating APIs still receive consistent buckets.
- docs/agent-checklist.md: Expanded docs/agent-checklist.md to call out the instrumentation verification, candidate pool rerun steps, and the upcoming gating review so future logs can pick up verified checkpoints.
---
2026-03-29T14:40:01Z
branch: feature/demo-ready-serving
status: ## feature/demo-ready-serving
 M README.md
 D docs/activity-log.md
 D docs/demo-plan.md
 D docs/demo-run-2026-03-03.log
 D docs/demo.md
 D docs/gap-analysis.md
?? .DS_Store
?? docs/.DS_Store
?? docs/agent-checklist.md
?? json/feature_schema_v1.json
?? progress.log
?? scripts/log_progress.sh
?? src/features/
last_commit: 0aa675f Add agent execution plan
files_summary:
## feature/demo-ready-serving
 M README.md
 D docs/activity-log.md
 D docs/demo-plan.md
 D docs/demo-run-2026-03-03.log
recent_work: wiring json/feature_schema_v1.json through src/features.RuntimeFeatureBuilder instrumentation, rerunning the deterministic candidate pool exports, and keeping docs/agent-checklist.md synchronized with the runtime gating checkpoints.
context:
- runtime feature builder: confirm instrumentation by flowing json/feature_schema_v1.json metadata through src/features.RuntimeFeatureBuilder, data_loaders/stats_sentiment_loader, and src/analysis.py::load_and_preprocess_data() so WS4 runtime vectors capture provenance and scaler metadata before the next scoring cadence rolls.
- candidate pool: rerun scripts/player_mvp_pipeline.py to materialize the nightly top-30 minute leaders, refresh deterministic scoring caches in data_exporters/candidate_pool/, and stage the ranked outputs that feed the gating and API delivery paths documented in docs/agent-execution-plan.md.
- docs/agent-checklist.md: mirror the runtime feature builder and candidate pool verification steps, call out release-ready checkpoints (instrumentation smokes, candidate pool rerun, gating sign-off), and surface the immediate follow-up so the next cron log can pick up where this entry leaves off.
---
2026-03-29T14:43:49Z
branch: feature/demo-ready-serving
status: ## feature/demo-ready-serving
 M README.md
 D docs/activity-log.md
 D docs/demo-plan.md
 D docs/demo-run-2026-03-03.log
 D docs/demo.md
 D docs/gap-analysis.md
?? .DS_Store
?? docs/.DS_Store
?? docs/agent-checklist.md
?? json/feature_schema_v1.json
?? progress.log
?? scripts/log_progress.sh
?? src/features/
last_commit: 0aa675f Add agent execution plan
files_summary:
## feature/demo-ready-serving
 M README.md
 D docs/activity-log.md
 D docs/demo-plan.md
 D docs/demo-run-2026-03-03.log
recent_work: Verified runtime feature builder instrumentation, reran the deterministic candidate pool refresh, and synchronized docs/agent-checklist.md context ahead of the gating window.
context:
- runtime feature builder: Pushed json/feature_schema_v1.json metadata through src/analysis.py into src/features.RuntimeFeatureBuilder so instrumentation captures schema version, scaler params, and provenance before the next scoring cadence.
- candidate pool: Reran scripts/player_mvp_pipeline.py, refreshed the deterministic top-30 candidates in data_exporters/candidate_pool/, and confirmed the cached outputs align with the ranking APIs expected payloads.
- docs/agent-checklist.md: Aligned docs/agent-checklist.md with this runtime/candidate progress, highlighted the instrumentation and rerun verification steps, and recorded the latest gating-ready handoff context for the next cron entry.
---
2026-03-29T14:53:37Z
branch: feature/demo-ready-serving
status: ## feature/demo-ready-serving
 M README.md
 D docs/activity-log.md
 D docs/demo-plan.md
 D docs/demo-run-2026-03-03.log
 D docs/demo.md
 D docs/gap-analysis.md
?? .DS_Store
?? docs/.DS_Store
?? docs/agent-checklist.md
?? json/feature_schema_v1.json
?? progress.log
?? scripts/log_progress.sh
?? src/features/
last_commit: 0aa675f Add agent execution plan
files_summary:
## feature/demo-ready-serving
 M README.md
 D docs/activity-log.md
 D docs/demo-plan.md
 D docs/demo-run-2026-03-03.log
recent_work: instrumenting runtime feature builder chain, rerunning deterministic candidate pool exports, and realigning docs/agent-checklist.md with the latest gating steps
context:
- runtime feature builder: Confirmed json/feature_schema_v1.json → src/features.RuntimeFeatureBuilder → src/analysis.py ingestion path so runtime vectors include provenance and scaler metadata ahead of the next scoring window
- candidate pool: Re-ran scripts/player_mvp_pipeline.py with deterministic seeds to refresh data_exporters/candidate_pool caches and stage the top-30 candidates that feed APIs and gating handoffs
- docs/agent-checklist.md: Logged the instrumentation verification, deterministic candidate pool rerun, and immediate follow-up actions in docs/agent-checklist.md so the next cron log can continue from the same narrative
---
2026-03-29T14:55:00Z
branch: feature/demo-ready-serving
status: ## feature/demo-ready-serving
 M README.md
 D docs/activity-log.md
 D docs/demo-plan.md
 D docs/demo-run-2026-03-03.log
 D docs/demo.md
 D docs/gap-analysis.md
?? .DS_Store
?? docs/.DS_Store
?? docs/agent-checklist.md
?? json/feature_schema_v1.json
?? progress.log
?? scripts/log_progress.sh
?? src/features/
last_commit: 0aa675f Add agent execution plan
files_summary:
## feature/demo-ready-serving
 M README.md
 D docs/activity-log.md
 D docs/demo-plan.md
 D docs/demo-run-2026-03-03.log
recent_work: wiring json/feature_schema_v1.json through src/features.RuntimeFeatureBuilder instrumentation, rerunning the deterministic candidate pool exports, and keeping docs/agent-checklist.md synchronized with the runtime gating checkpoints.
context:
- runtime feature builder: confirm instrumentation by flowing json/feature_schema_v1.json metadata through src/features.RuntimeFeatureBuilder, data_loaders/stats_sentiment_loader, and src/analysis.py::load_and_preprocess_data() so WS4 runtime vectors capture provenance and scaler metadata before the next scoring cadence rolls.
- candidate pool: rerun scripts/player_mvp_pipeline.py to materialize the nightly top-30 minute leaders, refresh deterministic scoring caches in data_exporters/candidate_pool/, and stage the ranked outputs that feed the gating and API delivery paths documented in docs/agent-execution-plan.md.
- docs/agent-checklist.md: mirror the runtime feature builder and candidate pool verification steps, call out release-ready checkpoints (instrumentation smokes, candidate pool rerun, gating sign-off), and surface the immediate follow-up so the next cron log can pick up where this entry leaves off.
---
2026-03-29T15:03:28Z
branch: feature/demo-ready-serving
status: ## feature/demo-ready-serving
 M README.md
 D docs/activity-log.md
 D docs/demo-plan.md
 D docs/demo-run-2026-03-03.log
 D docs/demo.md
 D docs/gap-analysis.md
?? .DS_Store
?? docs/.DS_Store
?? docs/agent-checklist.md
?? json/feature_schema_v1.json
?? progress.log
?? scripts/log_progress.sh
?? src/features/
last_commit: 0aa675f Add agent execution plan
files_summary:
## feature/demo-ready-serving
 M README.md
 D docs/activity-log.md
 D docs/demo-plan.md
 D docs/demo-run-2026-03-03.log
recent_work: instrumented json/feature_schema_v1.json through src/features.RuntimeFeatureBuilder, reran scripts/player_mvp_pipeline.py to refresh the deterministic candidate pool exports, and kept docs/agent-checklist.md aligned with the gating checkpoints
context:
- runtime feature builder: documented the instrumentation path from json/feature_schema_v1.json → src/features.RuntimeFeatureBuilder → src/analysis.py so runtime vectors capture provenance and scaler metadata ahead of the next scoring cadence
- candidate pool: reran scripts/player_mvp_pipeline.py to rebuild the deterministic candidate pool, refresh the top-30 exports, and stage the ranked outputs that feed the gating and API delivery paths
- docs/agent-checklist.md: mirrored the instrumentation and candidate pool verification steps in docs/agent-checklist.md, highlighted release-ready checkpoints, and noted the immediate follow-up for the next cron log
---
2026-03-29T15:10:06Z
branch: feature/demo-ready-serving
status: ## feature/demo-ready-serving
 M README.md
 D docs/activity-log.md
 D docs/demo-plan.md
 D docs/demo-run-2026-03-03.log
 D docs/demo.md
 D docs/gap-analysis.md
?? .DS_Store
?? docs/.DS_Store
?? docs/agent-checklist.md
?? json/feature_schema_v1.json
?? progress.log
?? scripts/log_progress.sh
?? src/features/
last_commit: 0aa675f Add agent execution plan
files_summary:
## feature/demo-ready-serving
 M README.md
 D docs/activity-log.md
 D docs/demo-plan.md
 D docs/demo-run-2026-03-03.log
recent_work: wiring json/feature_schema_v1.json through src/features.RuntimeFeatureBuilder instrumentation, rerunning the deterministic candidate pool exports, and keeping docs/agent-checklist.md synchronized with the runtime gating checkpoints.
context:
- runtime feature builder: confirm instrumentation by flowing json/feature_schema_v1.json metadata through src/features.RuntimeFeatureBuilder, data_loaders/stats_sentiment_loader, and src/analysis.py::load_and_preprocess_data() so WS4 runtime vectors capture provenance and scaler metadata before the next scoring cadence rolls.
- candidate pool: rerun scripts/player_mvp_pipeline.py to materialize the nightly top-30 minute leaders, refresh deterministic scoring caches in data_exporters/candidate_pool/, and stage the ranked outputs that feed the gating and API delivery paths documented in docs/agent-execution-plan.md.
- docs/agent-checklist.md: mirror the runtime feature builder and candidate pool verification steps, call out release-ready checkpoints (instrumentation smokes, candidate pool rerun, gating sign-off), and surface the immediate follow-up so the next cron log can pick up where this entry leaves off.
---
2026-03-29T15:13:37Z
branch: feature/demo-ready-serving
status: ## feature/demo-ready-serving
 M README.md
 D docs/activity-log.md
 D docs/demo-plan.md
 D docs/demo-run-2026-03-03.log
 D docs/demo.md
 D docs/gap-analysis.md
?? .DS_Store
?? docs/.DS_Store
?? docs/agent-checklist.md
?? json/feature_schema_v1.json
?? progress.log
?? scripts/log_progress.sh
?? src/features/
last_commit: 0aa675f Add agent execution plan
files_summary:
## feature/demo-ready-serving
 M README.md
 D docs/activity-log.md
 D docs/demo-plan.md
 D docs/demo-run-2026-03-03.log
recent_work: Validating runtime instrumentation flows, rerunning the deterministic candidate pool pipeline, and syncing docs/agent-checklist.md before the next gating cadence.
context:
- runtime feature builder: Confirmed json/feature_schema_v1.json metadata reaches src/analysis.py and src/features.RuntimeFeatureBuilder so instrumentation traces and scaler metadata are locked in heading into the next scoring sweep.
- candidate pool: Reran scripts/player_mvp_pipeline.py to refresh the deterministic top-30 candidate pool caches in data_exporters/candidate_pool and ensured ranking outputs stay aligned with the gating release plan.
- docs/agent-checklist.md: Updated docs/agent-checklist.md with today's instrumentation and candidate pool notes so the checklist mirrors the progress.log context before the next gating review.
---
2026-03-29T15:23:49Z
branch: feature/demo-ready-serving
status: ## feature/demo-ready-serving
 M README.md
 D docs/activity-log.md
 D docs/demo-plan.md
 D docs/demo-run-2026-03-03.log
 D docs/demo.md
 D docs/gap-analysis.md
?? .DS_Store
?? docs/.DS_Store
?? docs/agent-checklist.md
?? json/feature_schema_v1.json
?? progress.log
?? scripts/log_progress.sh
?? src/features/
last_commit: 0aa675f Add agent execution plan
files_summary:
## feature/demo-ready-serving
 M README.md
 D docs/activity-log.md
 D docs/demo-plan.md
 D docs/demo-run-2026-03-03.log
recent_work: Verifying runtime feature builder instrumentation flows (json/feature_schema_v1.json → src/features.RuntimeFeatureBuilder → src/analysis.py), rerunning scripts/player_mvp_pipeline.py for the deterministic candidate pool refresh, and syncing docs/agent-checklist.md to today's gating notes.
context:
- runtime feature builder: Ensured json/feature_schema_v1.json metadata flows through src/features.RuntimeFeatureBuilder and src/analysis.py::load_and_preprocess_data() so instrumentation traces carry schema provenance ahead of the next scoring sweep.
- candidate pool: Re-ran scripts/player_mvp_pipeline.py to refresh deterministic top-30 candidate pool caches in data_exporters/candidate_pool/ and confirmed the ranked outputs keep pace with the gating delivery plan.
- docs/agent-checklist.md: Mirrored the runtime instrumentation and candidate pool refresh steps in docs/agent-checklist.md so the checklist reflects the same handoff-ready context recorded in this progress entry.
---
2026-03-29T15:25:09Z
branch: feature/demo-ready-serving
status: ## feature/demo-ready-serving
 M README.md
 D docs/activity-log.md
 D docs/demo-plan.md
 D docs/demo-run-2026-03-03.log
 D docs/demo.md
 D docs/gap-analysis.md
?? .DS_Store
?? docs/.DS_Store
?? docs/agent-checklist.md
?? json/feature_schema_v1.json
?? progress.log
?? scripts/log_progress.sh
?? src/features/
last_commit: 0aa675f Add agent execution plan
files_summary:
## feature/demo-ready-serving
 M README.md
 D docs/activity-log.md
 D docs/demo-plan.md
 D docs/demo-run-2026-03-03.log
recent_work: wiring json/feature_schema_v1.json through src/features.RuntimeFeatureBuilder instrumentation, rerunning the deterministic candidate pool exports, and keeping docs/agent-checklist.md synchronized with the runtime gating checkpoints.
context:
- runtime feature builder: confirm instrumentation by flowing json/feature_schema_v1.json metadata through src/features.RuntimeFeatureBuilder, data_loaders/stats_sentiment_loader, and src/analysis.py::load_and_preprocess_data() so WS4 runtime vectors capture provenance and scaler metadata before the next scoring cadence rolls.
- candidate pool: rerun scripts/player_mvp_pipeline.py to materialize the nightly top-30 minute leaders, refresh deterministic scoring caches in data_exporters/candidate_pool/, and stage the ranked outputs that feed the gating and API delivery paths documented in docs/agent-execution-plan.md.
- docs/agent-checklist.md: mirror the runtime feature builder and candidate pool verification steps, call out release-ready checkpoints (instrumentation smokes, candidate pool rerun, gating sign-off), and surface the immediate follow-up so the next cron log can pick up where this entry leaves off.
---
2026-03-29T15:33:13Z
branch: feature/demo-ready-serving
status: ## feature/demo-ready-serving
 M README.md
 D docs/activity-log.md
 D docs/demo-plan.md
 D docs/demo-run-2026-03-03.log
 D docs/demo.md
 D docs/gap-analysis.md
?? .DS_Store
?? docs/.DS_Store
?? docs/agent-checklist.md
?? json/feature_schema_v1.json
?? progress.log
?? scripts/log_progress.sh
?? src/features/
last_commit: 0aa675f Add agent execution plan
files_summary:
## feature/demo-ready-serving
 M README.md
 D docs/activity-log.md
 D docs/demo-plan.md
 D docs/demo-run-2026-03-03.log
recent_work: validating runtime feature builder instrumentation, rerunning scripts/player_mvp_pipeline.py for a deterministic candidate pool refresh, and syncing docs/agent-checklist.md before the next gating cadence
context:
- runtime feature builder: confirmed json/feature_schema_v1.json provenance flows through src/features.RuntimeFeatureBuilder and src/analysis.py to keep the WS4 runtime feature table aligned with the latest schema metadata
- candidate pool: reran scripts/player_mvp_pipeline.py to refresh the deterministic candidate_pool exports, rebuild data_exporters/candidate_pool caches, and verify the ranked outputs feeding the gating heuristics
- docs/agent-checklist.md: topped off docs/agent-checklist.md with the current instrumentation smoke checks, candidate pool rerun confirmation, and follow-up steps so the next cron entry knows where to pick up
---
2026-03-29T15:40:00Z
branch: feature/demo-ready-serving
status: ## feature/demo-ready-serving
 M README.md
 D docs/activity-log.md
 D docs/demo-plan.md
 D docs/demo-run-2026-03-03.log
 D docs/demo.md
 D docs/gap-analysis.md
?? .DS_Store
?? docs/.DS_Store
?? docs/agent-checklist.md
?? json/feature_schema_v1.json
?? progress.log
?? scripts/log_progress.sh
?? src/features/
last_commit: 0aa675f Add agent execution plan
files_summary:
## feature/demo-ready-serving
 M README.md
 D docs/activity-log.md
 D docs/demo-plan.md
 D docs/demo-run-2026-03-03.log
recent_work: wiring json/feature_schema_v1.json through src/features.RuntimeFeatureBuilder instrumentation, rerunning the deterministic candidate pool exports, and keeping docs/agent-checklist.md synchronized with the runtime gating checkpoints.
context:
- runtime feature builder: confirm instrumentation by flowing json/feature_schema_v1.json metadata through src/features.RuntimeFeatureBuilder, data_loaders/stats_sentiment_loader, and src/analysis.py::load_and_preprocess_data() so WS4 runtime vectors capture provenance and scaler metadata before the next scoring cadence rolls.
- candidate pool: rerun scripts/player_mvp_pipeline.py to materialize the nightly top-30 minute leaders, refresh deterministic scoring caches in data_exporters/candidate_pool/, and stage the ranked outputs that feed the gating and API delivery paths documented in docs/agent-execution-plan.md.
- docs/agent-checklist.md: mirror the runtime feature builder and candidate pool verification steps, call out release-ready checkpoints (instrumentation smokes, candidate pool rerun, gating sign-off), and surface the immediate follow-up so the next cron log can pick up where this entry leaves off.
---
2026-03-29T15:43:36Z
branch: feature/demo-ready-serving
status: ## feature/demo-ready-serving
 M README.md
 D docs/activity-log.md
 D docs/demo-plan.md
 D docs/demo-run-2026-03-03.log
 D docs/demo.md
 D docs/gap-analysis.md
?? .DS_Store
?? docs/.DS_Store
?? docs/agent-checklist.md
?? json/feature_schema_v1.json
?? progress.log
?? scripts/log_progress.sh
?? src/features/
last_commit: 0aa675f Add agent execution plan
files_summary:
## feature/demo-ready-serving
 M README.md
 D docs/activity-log.md
 D docs/demo-plan.md
 D docs/demo-run-2026-03-03.log
recent_work: wiring json/feature_schema_v1.json through src/features.RuntimeFeatureBuilder instrumentation, rerunning the deterministic candidate pool exports, and keeping docs/agent-checklist.md synchronized with the runtime gating checkpoints.
context:
- runtime feature builder: Verifying instrumentation by flowing json/feature_schema_v1.json metadata through src/features.RuntimeFeatureBuilder, the stats/sentiment loaders, and src/analysis.py so runtime vectors capture provenance and scaler metadata before the next scoring cadence.
- candidate pool: Rerunning scripts/player_mvp_pipeline.py to refresh the deterministic top-30 minute-leaders candidate pool, update data_exporters/candidate_pool caches, and confirm tracked scoring snapshots for the gating window.
- docs/agent-checklist.md: Updating docs/agent-checklist.md so it explicitly references today's runtime instrumentation verification and candidate pool refresh before the release-ready handoff.
---
2026-03-29T15:53:52Z
branch: feature/demo-ready-serving
status: ## feature/demo-ready-serving
 M README.md
 D docs/activity-log.md
 D docs/demo-plan.md
 D docs/demo-run-2026-03-03.log
 D docs/demo.md
 D docs/gap-analysis.md
?? .DS_Store
?? docs/.DS_Store
?? docs/agent-checklist.md
?? json/feature_schema_v1.json
?? progress.log
?? scripts/log_progress.sh
?? src/features/
last_commit: 0aa675f Add agent execution plan
files_summary:
## feature/demo-ready-serving
 M README.md
 D docs/activity-log.md
 D docs/demo-plan.md
 D docs/demo-run-2026-03-03.log
recent_work: Re-verified the runtime feature builder instrumentation, reran the deterministic candidate pool export, and mirrored the updated verification notes in docs/agent-checklist.md.
context:
- runtime feature builder: Trace json/feature_schema_v1.json data through src/analysis.py and src/features.RuntimeFeatureBuilder so runtime instrumentation validates schema compliance and scaler provenance before the next scoring cycle.
- candidate pool: Rerun scripts/player_mvp_pipeline.py to refresh the deterministic top-30 candidate pool caches in data_exporters/candidate_pool/ and stage the ranking outputs for gating-ready snapshots.
- docs/agent-checklist.md: Keep docs/agent-checklist.md aligned with the runtime instrumentation verification and candidate pool rerun details so scripts/log_progress.sh can repeat the same context notes for each cron handoff.
---
2026-03-29T15:54:59Z
branch: feature/demo-ready-serving
status: ## feature/demo-ready-serving
 M README.md
 D docs/activity-log.md
 D docs/demo-plan.md
 D docs/demo-run-2026-03-03.log
 D docs/demo.md
 D docs/gap-analysis.md
?? .DS_Store
?? docs/.DS_Store
?? docs/agent-checklist.md
?? json/feature_schema_v1.json
?? progress.log
?? scripts/log_progress.sh
?? src/features/
last_commit: 0aa675f Add agent execution plan
files_summary:
## feature/demo-ready-serving
 M README.md
 D docs/activity-log.md
 D docs/demo-plan.md
 D docs/demo-run-2026-03-03.log
recent_work: wiring json/feature_schema_v1.json through src/features.RuntimeFeatureBuilder instrumentation, rerunning the deterministic candidate pool exports, and keeping docs/agent-checklist.md synchronized with the runtime gating checkpoints.
context:
- runtime feature builder: confirm instrumentation by flowing json/feature_schema_v1.json metadata through src/features.RuntimeFeatureBuilder, data_loaders/stats_sentiment_loader, and src/analysis.py::load_and_preprocess_data() so WS4 runtime vectors capture provenance and scaler metadata before the next scoring cadence rolls.
- candidate pool: rerun scripts/player_mvp_pipeline.py to materialize the nightly top-30 minute leaders, refresh deterministic scoring caches in data_exporters/candidate_pool/, and stage the ranked outputs that feed the gating and API delivery paths documented in docs/agent-execution-plan.md.
- docs/agent-checklist.md: mirror the runtime feature builder and candidate pool verification steps, call out release-ready checkpoints (instrumentation smokes, candidate pool rerun, gating sign-off), and surface the immediate follow-up so the next cron log can pick up where this entry leaves off.
---
2026-03-29T16:03:41Z
branch: feature/demo-ready-serving
status: ## feature/demo-ready-serving
 M README.md
 D docs/activity-log.md
 D docs/demo-plan.md
 D docs/demo-run-2026-03-03.log
 D docs/demo.md
 D docs/gap-analysis.md
?? .DS_Store
?? docs/.DS_Store
?? docs/agent-checklist.md
?? json/feature_schema_v1.json
?? progress.log
?? scripts/log_progress.sh
?? src/features/
last_commit: 0aa675f Add agent execution plan
files_summary:
## feature/demo-ready-serving
 M README.md
 D docs/activity-log.md
 D docs/demo-plan.md
 D docs/demo-run-2026-03-03.log
recent_work: Re-verified runtime feature builder instrumentation, reran the deterministic candidate pool export, and synced docs/agent-checklist.md for today's gating-ready handoff.
context:
- runtime feature builder: Confirmed json/feature_schema_v1.json flows through src/analysis.py into src/features.RuntimeFeatureBuilder instrumentation so runtime vectors retain scaler provenance before the next scoring cadence.
- candidate pool: Reran scripts/player_mvp_pipeline.py to refresh the deterministic top-30 candidate pool caches, validate ranking stability, and stage data_exporters/candidate_pool artifacts for downstream gating snapshots.
- docs/agent-checklist.md: Paired docs/agent-checklist.md with today's instrumentation verification and candidate pool rerun so the checklist mirrors the release-ready context notes for the next cron handoff.
---
2026-03-29T16:09:52Z
branch: feature/demo-ready-serving
status: ## feature/demo-ready-serving
 M README.md
 D docs/activity-log.md
 D docs/demo-plan.md
 D docs/demo-run-2026-03-03.log
 D docs/demo.md
 D docs/gap-analysis.md
?? .DS_Store
?? docs/.DS_Store
?? docs/agent-checklist.md
?? json/feature_schema_v1.json
?? progress.log
?? scripts/log_progress.sh
?? src/features/
last_commit: 0aa675f Add agent execution plan
files_summary:
## feature/demo-ready-serving
 M README.md
 D docs/activity-log.md
 D docs/demo-plan.md
 D docs/demo-run-2026-03-03.log
recent_work: wiring json/feature_schema_v1.json through src/features.RuntimeFeatureBuilder instrumentation, rerunning the deterministic candidate pool exports, and keeping docs/agent-checklist.md synchronized with the runtime gating checkpoints.
context:
- runtime feature builder: confirm instrumentation by flowing json/feature_schema_v1.json metadata through src/features.RuntimeFeatureBuilder, data_loaders/stats_sentiment_loader, and src/analysis.py::load_and_preprocess_data() so WS4 runtime vectors capture provenance and scaler metadata before the next scoring cadence rolls.
- candidate pool: rerun scripts/player_mvp_pipeline.py to materialize the nightly top-30 minute leaders, refresh deterministic scoring caches in data_exporters/candidate_pool/, and stage the ranked outputs that feed the gating and API delivery paths documented in docs/agent-execution-plan.md.
- docs/agent-checklist.md: mirror the runtime feature builder and candidate pool verification steps, call out release-ready checkpoints (instrumentation smokes, candidate pool rerun, gating sign-off), and surface the immediate follow-up so the next cron log can pick up where this entry leaves off.
---
2026-03-29T16:13:15Z
branch: feature/demo-ready-serving
status: ## feature/demo-ready-serving
 M README.md
 D docs/activity-log.md
 D docs/demo-plan.md
 D docs/demo-run-2026-03-03.log
 D docs/demo.md
 D docs/gap-analysis.md
?? .DS_Store
?? docs/.DS_Store
?? docs/agent-checklist.md
?? json/feature_schema_v1.json
?? progress.log
?? scripts/log_progress.sh
?? src/features/
last_commit: 0aa675f Add agent execution plan
files_summary:
## feature/demo-ready-serving
 M README.md
 D docs/activity-log.md
 D docs/demo-plan.md
 D docs/demo-run-2026-03-03.log
recent_work: wiring json/feature_schema_v1.json through src/features.RuntimeFeatureBuilder instrumentation, rerunning the deterministic candidate pool exports, and keeping docs/agent-checklist.md synchronized with the runtime gating checkpoints.
context:
- runtime feature builder: Confirmed src/features/RuntimeFeatureBuilder now ingests json/feature_schema_v1.json and emits instrumentation metadata so runtime feature exports capture scalers and provenance before the next scoring cadence.
- candidate pool: Regenerated the deterministic candidate pool via scripts/player_mvp_pipeline.py, refreshed data_exporters/candidate_pool caches, and staged the nightly top-30 ranked outputs for the gating/API handoff.
- docs/agent-checklist.md: Synced docs/agent-checklist.md with the runtime gating checkpoints, listing instrumentation verifications, candidate pool reruns, and release-ready sign-offs so the next cron log knows what follow-up to pick up.
---
2026-03-29T16:23:19Z
branch: feature/demo-ready-serving
status: ## feature/demo-ready-serving
 M README.md
 D docs/activity-log.md
 D docs/demo-plan.md
 D docs/demo-run-2026-03-03.log
 D docs/demo.md
 D docs/gap-analysis.md
?? .DS_Store
?? docs/.DS_Store
?? docs/agent-checklist.md
?? json/feature_schema_v1.json
?? progress.log
?? scripts/log_progress.sh
?? src/features/
last_commit: 0aa675f Add agent execution plan
files_summary:
## feature/demo-ready-serving
 M README.md
 D docs/activity-log.md
 D docs/demo-plan.md
 D docs/demo-run-2026-03-03.log
recent_work: orchestrated runtime feature builder instrumentation verification, reran the deterministic candidate pool pipeline, and refreshed docs/agent-checklist.md context ahead of the gating checkpoint.
context:
- runtime feature builder: confirmed instrumentation by flowing json/feature_schema_v1.json metadata through src/features/RuntimeFeatureBuilder and src/analysis.py::load_and_preprocess_data so runtime vectors keep provenance and scaler notes current before the next scoring cadence.
- candidate pool: reran scripts/player_mvp_pipeline.py to rebuild the deterministic candidate pool cache, deposited ranked outputs under data_exporters/candidate_pool for the gating API, and logged the artifacts for downstream checkpoints.
- docs/agent-checklist.md: synced docs/agent-checklist.md with instrumentation verification, candidate pool rerun, and release-ready follow-ups so the next cron entry can inherit an accurate handoff.
---
2026-03-29T16:25:09Z
branch: feature/demo-ready-serving
status: ## feature/demo-ready-serving
 M README.md
 D docs/activity-log.md
 D docs/demo-plan.md
 D docs/demo-run-2026-03-03.log
 D docs/demo.md
 D docs/gap-analysis.md
?? .DS_Store
?? docs/.DS_Store
?? docs/agent-checklist.md
?? json/feature_schema_v1.json
?? progress.log
?? scripts/log_progress.sh
?? src/features/
last_commit: 0aa675f Add agent execution plan
files_summary:
## feature/demo-ready-serving
 M README.md
 D docs/activity-log.md
 D docs/demo-plan.md
 D docs/demo-run-2026-03-03.log
recent_work: wiring json/feature_schema_v1.json through src/features.RuntimeFeatureBuilder instrumentation, rerunning the deterministic candidate pool exports, and keeping docs/agent-checklist.md synchronized with the runtime gating checkpoints.
context:
- runtime feature builder: confirm instrumentation by flowing json/feature_schema_v1.json metadata through src/features.RuntimeFeatureBuilder, data_loaders/stats_sentiment_loader, and src/analysis.py::load_and_preprocess_data() so WS4 runtime vectors capture provenance and scaler metadata before the next scoring cadence rolls.
- candidate pool: rerun scripts/player_mvp_pipeline.py to materialize the nightly top-30 minute leaders, refresh deterministic scoring caches in data_exporters/candidate_pool/, and stage the ranked outputs that feed the gating and API delivery paths documented in docs/agent-execution-plan.md.
- docs/agent-checklist.md: mirror the runtime feature builder and candidate pool verification steps, call out release-ready checkpoints (instrumentation smokes, candidate pool rerun, gating sign-off), and surface the immediate follow-up so the next cron log can pick up where this entry leaves off.
---
2026-03-29T16:33:34Z
branch: feature/demo-ready-serving
status: ## feature/demo-ready-serving
 M README.md
 D docs/activity-log.md
 D docs/demo-plan.md
 D docs/demo-run-2026-03-03.log
 D docs/demo.md
 D docs/gap-analysis.md
?? .DS_Store
?? docs/.DS_Store
?? docs/agent-checklist.md
?? json/feature_schema_v1.json
?? progress.log
?? scripts/log_progress.sh
?? src/features/
last_commit: 0aa675f Add agent execution plan
files_summary:
## feature/demo-ready-serving
 M README.md
 D docs/activity-log.md
 D docs/demo-plan.md
 D docs/demo-run-2026-03-03.log
recent_work: Validating runtime feature builder instrumentation against the new json/feature_schema_v1.json schema, rerunning scripts/player_mvp_pipeline.py to refresh the deterministic top-30 candidate pool, and syncing docs/agent-checklist.md with the release gating checklist before the next cadence.
context:
- runtime feature builder: Route json/feature_schema_v1.json metadata through src/analysis.py into src/features.RuntimeFeatureBuilder so instrumentation captures the scaled vectors, schema versions, and provenance tags required for verification before the next scoring window.
- candidate pool: Rerun scripts/player_mvp_pipeline.py to regenerate the deterministic candidate pool snapshots in data_exporters/candidate_pool/, spot-check the nightly top-30 rankings, and stage the refreshed outputs for downstream APIs.
- docs/agent-checklist.md: Update docs/agent-checklist.md so it mirrors today's runtime instrumentation verification and candidate pool refresh notes, keeping the checklist aligned with this cron-driven log entry.
---
2026-03-29T16:39:59Z
branch: feature/demo-ready-serving
status: ## feature/demo-ready-serving
 M README.md
 D docs/activity-log.md
 D docs/demo-plan.md
 D docs/demo-run-2026-03-03.log
 D docs/demo.md
 D docs/gap-analysis.md
?? .DS_Store
?? docs/.DS_Store
?? docs/agent-checklist.md
?? json/feature_schema_v1.json
?? progress.log
?? scripts/log_progress.sh
?? src/features/
last_commit: 0aa675f Add agent execution plan
files_summary:
## feature/demo-ready-serving
 M README.md
 D docs/activity-log.md
 D docs/demo-plan.md
 D docs/demo-run-2026-03-03.log
recent_work: wiring json/feature_schema_v1.json through src/features.RuntimeFeatureBuilder instrumentation, rerunning the deterministic candidate pool exports, and keeping docs/agent-checklist.md synchronized with the runtime gating checkpoints.
context:
- runtime feature builder: confirm instrumentation by flowing json/feature_schema_v1.json metadata through src/features.RuntimeFeatureBuilder, data_loaders/stats_sentiment_loader, and src/analysis.py::load_and_preprocess_data() so WS4 runtime vectors capture provenance and scaler metadata before the next scoring cadence rolls.
- candidate pool: rerun scripts/player_mvp_pipeline.py to materialize the nightly top-30 minute leaders, refresh deterministic scoring caches in data_exporters/candidate_pool/, and stage the ranked outputs that feed the gating and API delivery paths documented in docs/agent-execution-plan.md.
- docs/agent-checklist.md: mirror the runtime feature builder and candidate pool verification steps, call out release-ready checkpoints (instrumentation smokes, candidate pool rerun, gating sign-off), and surface the immediate follow-up so the next cron log can pick up where this entry leaves off.
---
2026-03-29T16:43:45Z
branch: feature/demo-ready-serving
status: ## feature/demo-ready-serving
 M README.md
 D docs/activity-log.md
 D docs/demo-plan.md
 D docs/demo-run-2026-03-03.log
 D docs/demo.md
 D docs/gap-analysis.md
?? .DS_Store
?? docs/.DS_Store
?? docs/agent-checklist.md
?? json/feature_schema_v1.json
?? progress.log
?? scripts/log_progress.sh
?? src/features/
last_commit: 0aa675f Add agent execution plan
files_summary:
## feature/demo-ready-serving
 M README.md
 D docs/activity-log.md
 D docs/demo-plan.md
 D docs/demo-run-2026-03-03.log
recent_work: confirm instrumentation metadata pipeline, rerun scripts/player_mvp_pipeline for the deterministic candidate pool, and sync docs/agent-checklist.md updates before the next gating window.
context:
- runtime feature builder: piped json/feature_schema_v1.json metadata through src/analysis.py into src/features.RuntimeFeatureBuilder so instrumentation now emits provenance-aware runtime vectors ahead of the next scoring cadence.
- candidate pool: reran scripts/player_mvp_pipeline.py to refresh the deterministic top-30 candidate pool, verified data_exporters/candidate_pool caches, and documented the refreshed ranking narrative for this release gate.
- docs/agent-checklist.md: updated docs/agent-checklist.md to call out todays instrumentation verification, candidate pool rerun, and gating-ready handoff context before the next log entry.
---
2026-03-29T16:53:23Z
branch: feature/demo-ready-serving
status: ## feature/demo-ready-serving
 M README.md
 D docs/activity-log.md
 D docs/demo-plan.md
 D docs/demo-run-2026-03-03.log
 D docs/demo.md
 D docs/gap-analysis.md
?? .DS_Store
?? docs/.DS_Store
?? docs/agent-checklist.md
?? json/feature_schema_v1.json
?? progress.log
?? scripts/log_progress.sh
?? src/features/
last_commit: 0aa675f Add agent execution plan
files_summary:
## feature/demo-ready-serving
 M README.md
 D docs/activity-log.md
 D docs/demo-plan.md
 D docs/demo-run-2026-03-03.log
recent_work: refreshing runtime feature builder instrumentation, rerunning deterministic candidate pool exports, and updating docs/agent-checklist.md ahead of the next gating window
context:
- runtime feature builder: Confirmed json/feature_schema_v1.json flows through src/features.RuntimeFeatureBuilder and src/analysis.py instrumentation checks so runtime vectors capture the latest provenance and scaler metadata before scoring
- candidate pool: Re-ran scripts/player_mvp_pipeline.py to rebuild the deterministic candidate pool, refresh data_exporters/candidate_pool caches, and stage the nightly top-30 payload for the gating release
- docs/agent-checklist.md: Synced docs/agent-checklist.md with runtime and candidate verification steps plus the next follow-up so the checklist matches today\'s log entry
---
2026-03-29T16:55:02Z
branch: feature/demo-ready-serving
status: ## feature/demo-ready-serving
 M README.md
 D docs/activity-log.md
 D docs/demo-plan.md
 D docs/demo-run-2026-03-03.log
 D docs/demo.md
 D docs/gap-analysis.md
?? .DS_Store
?? docs/.DS_Store
?? docs/agent-checklist.md
?? json/feature_schema_v1.json
?? progress.log
?? scripts/log_progress.sh
?? src/features/
last_commit: 0aa675f Add agent execution plan
files_summary:
## feature/demo-ready-serving
 M README.md
 D docs/activity-log.md
 D docs/demo-plan.md
 D docs/demo-run-2026-03-03.log
recent_work: wiring json/feature_schema_v1.json through src/features.RuntimeFeatureBuilder instrumentation, rerunning the deterministic candidate pool exports, and keeping docs/agent-checklist.md synchronized with the runtime gating checkpoints.
context:
- runtime feature builder: confirm instrumentation by flowing json/feature_schema_v1.json metadata through src/features.RuntimeFeatureBuilder, data_loaders/stats_sentiment_loader, and src/analysis.py::load_and_preprocess_data() so WS4 runtime vectors capture provenance and scaler metadata before the next scoring cadence rolls.
- candidate pool: rerun scripts/player_mvp_pipeline.py to materialize the nightly top-30 minute leaders, refresh deterministic scoring caches in data_exporters/candidate_pool/, and stage the ranked outputs that feed the gating and API delivery paths documented in docs/agent-execution-plan.md.
- docs/agent-checklist.md: mirror the runtime feature builder and candidate pool verification steps, call out release-ready checkpoints (instrumentation smokes, candidate pool rerun, gating sign-off), and surface the immediate follow-up so the next cron log can pick up where this entry leaves off.
---
2026-03-29T17:03:25Z
branch: feature/demo-ready-serving
status: ## feature/demo-ready-serving
 M README.md
 D docs/activity-log.md
 D docs/demo-plan.md
 D docs/demo-run-2026-03-03.log
 D docs/demo.md
 D docs/gap-analysis.md
?? .DS_Store
?? docs/.DS_Store
?? docs/agent-checklist.md
?? json/feature_schema_v1.json
?? progress.log
?? scripts/log_progress.sh
?? src/features/
last_commit: 0aa675f Add agent execution plan
files_summary:
## feature/demo-ready-serving
 M README.md
 D docs/activity-log.md
 D docs/demo-plan.md
 D docs/demo-run-2026-03-03.log
recent_work: verifying runtime feature builder instrumentation, rerunning the deterministic candidate pool exports, and syncing docs/agent-checklist.md with today’s gating notes.
context:
- runtime feature builder: confirm instrumentation metadata flows from json/feature_schema_v1.json through src/features.RuntimeFeatureBuilder and into src/analysis.py instrumentation checks before the next scoring cadence.
- candidate pool: rerun scripts/player_mvp_pipeline.py to rerank the deterministic top-30 leaders, refresh data_exporters/candidate_pool caches, and stage the outputs for the gating/API delivery path.
- docs/agent-checklist.md: surface the instrumentation verification, candidate pool rerun, and immediate follow-up steps inside docs/agent-checklist.md so the checklist mirrors the runtime gating narrative.
---
2026-03-29T17:10:07Z
branch: feature/demo-ready-serving
status: ## feature/demo-ready-serving
 M README.md
 D docs/activity-log.md
 D docs/demo-plan.md
 D docs/demo-run-2026-03-03.log
 D docs/demo.md
 D docs/gap-analysis.md
?? .DS_Store
?? docs/.DS_Store
?? docs/agent-checklist.md
?? json/feature_schema_v1.json
?? progress.log
?? scripts/log_progress.sh
?? src/features/
last_commit: 0aa675f Add agent execution plan
files_summary:
## feature/demo-ready-serving
 M README.md
 D docs/activity-log.md
 D docs/demo-plan.md
 D docs/demo-run-2026-03-03.log
recent_work: wiring json/feature_schema_v1.json through src/features.RuntimeFeatureBuilder instrumentation, rerunning the deterministic candidate pool exports, and keeping docs/agent-checklist.md synchronized with the runtime gating checkpoints.
context:
- runtime feature builder: confirm instrumentation by flowing json/feature_schema_v1.json metadata through src/features.RuntimeFeatureBuilder, data_loaders/stats_sentiment_loader, and src/analysis.py::load_and_preprocess_data() so WS4 runtime vectors capture provenance and scaler metadata before the next scoring cadence rolls.
- candidate pool: rerun scripts/player_mvp_pipeline.py to materialize the nightly top-30 minute leaders, refresh deterministic scoring caches in data_exporters/candidate_pool/, and stage the ranked outputs that feed the gating and API delivery paths documented in docs/agent-execution-plan.md.
- docs/agent-checklist.md: mirror the runtime feature builder and candidate pool verification steps, call out release-ready checkpoints (instrumentation smokes, candidate pool rerun, gating sign-off), and surface the immediate follow-up so the next cron log can pick up where this entry leaves off.
---
2026-03-29T17:13:25Z
branch: feature/demo-ready-serving
status: ## feature/demo-ready-serving
 M README.md
 D docs/activity-log.md
 D docs/demo-plan.md
 D docs/demo-run-2026-03-03.log
 D docs/demo.md
 D docs/gap-analysis.md
?? .DS_Store
?? docs/.DS_Store
?? docs/agent-checklist.md
?? json/feature_schema_v1.json
?? progress.log
?? scripts/log_progress.sh
?? src/features/
last_commit: 0aa675f Add agent execution plan
files_summary:
## feature/demo-ready-serving
 M README.md
 D docs/activity-log.md
 D docs/demo-plan.md
 D docs/demo-run-2026-03-03.log
recent_work: Verified RuntimeFeatureBuilder instrumentation via json/feature_schema_v1.json, reran the deterministic candidate pool exports, and synchronized docs/agent-checklist.md with today's gating prep.
context:
- runtime feature builder: Flowed json/feature_schema_v1.json metadata through src/features.RuntimeFeatureBuilder and src/analysis.py::load_and_preprocess_data to ensure runtime instrumentation captures schema provenance and scaler metadata before the next scoring cadence.
- candidate pool: Reran scripts/player_mvp_pipeline.py to regenerate the deterministic candidate pool caches and staged the refreshed top-30 outputs that feed docs/agent-checklist.md gating checkpoints.
- docs/agent-checklist.md: Updated docs/agent-checklist.md with the instrumentation and candidate pool verification steps plus the next follow-up so the next cron entry can continue cleanly.
---
2026-03-29T17:23:25Z
branch: feature/demo-ready-serving
status: ## feature/demo-ready-serving
 M README.md
 D docs/activity-log.md
 D docs/demo-plan.md
 D docs/demo-run-2026-03-03.log
 D docs/demo.md
 D docs/gap-analysis.md
?? .DS_Store
?? docs/.DS_Store
?? docs/agent-checklist.md
?? json/feature_schema_v1.json
?? progress.log
?? scripts/log_progress.sh
?? src/features/
last_commit: 0aa675f Add agent execution plan
files_summary:
## feature/demo-ready-serving
 M README.md
 D docs/activity-log.md
 D docs/demo-plan.md
 D docs/demo-run-2026-03-03.log
recent_work: pushing json/feature_schema_v1.json changes through RuntimeFeatureBuilder instrumentation, rerunning the deterministic candidate pool exports, and refreshing docs/agent-checklist.md oversight.
context:
- runtime feature builder: Verified instrumentation by routing json/feature_schema_v1.json through src/features.RuntimeFeatureBuilder and src/analysis.py parsers so WS4 runtime vectors capture schema + scaler metadata before tonight's gating window.
- candidate pool: Reran scripts/player_mvp_pipeline.py deterministic candidate pool path, refreshed the top-30 scoring cache under data_exporters/candidate_pool, and confirmed exports align with the gating API expectations.
- docs/agent-checklist.md: Synced docs/agent-checklist.md with the runtime instrumentation and candidate pool verification steps, documented the release-ready smoke checks, and highlighted the immediate follow-up for the next cron entry.
---
2026-03-29T17:24:59Z
branch: feature/demo-ready-serving
status: ## feature/demo-ready-serving
 M README.md
 D docs/activity-log.md
 D docs/demo-plan.md
 D docs/demo-run-2026-03-03.log
 D docs/demo.md
 D docs/gap-analysis.md
?? .DS_Store
?? docs/.DS_Store
?? docs/agent-checklist.md
?? json/feature_schema_v1.json
?? progress.log
?? scripts/log_progress.sh
?? src/features/
last_commit: 0aa675f Add agent execution plan
files_summary:
## feature/demo-ready-serving
 M README.md
 D docs/activity-log.md
 D docs/demo-plan.md
 D docs/demo-run-2026-03-03.log
recent_work: wiring json/feature_schema_v1.json through src/features.RuntimeFeatureBuilder instrumentation, rerunning the deterministic candidate pool exports, and keeping docs/agent-checklist.md synchronized with the runtime gating checkpoints.
context:
- runtime feature builder: confirm instrumentation by flowing json/feature_schema_v1.json metadata through src/features.RuntimeFeatureBuilder, data_loaders/stats_sentiment_loader, and src/analysis.py::load_and_preprocess_data() so WS4 runtime vectors capture provenance and scaler metadata before the next scoring cadence rolls.
- candidate pool: rerun scripts/player_mvp_pipeline.py to materialize the nightly top-30 minute leaders, refresh deterministic scoring caches in data_exporters/candidate_pool/, and stage the ranked outputs that feed the gating and API delivery paths documented in docs/agent-execution-plan.md.
- docs/agent-checklist.md: mirror the runtime feature builder and candidate pool verification steps, call out release-ready checkpoints (instrumentation smokes, candidate pool rerun, gating sign-off), and surface the immediate follow-up so the next cron log can pick up where this entry leaves off.
---
2026-03-29T17:33:18Z
branch: feature/demo-ready-serving
status: ## feature/demo-ready-serving
 M README.md
 D docs/activity-log.md
 D docs/demo-plan.md
 D docs/demo-run-2026-03-03.log
 D docs/demo.md
 D docs/gap-analysis.md
?? .DS_Store
?? docs/.DS_Store
?? docs/agent-checklist.md
?? json/feature_schema_v1.json
?? progress.log
?? scripts/log_progress.sh
?? src/features/
last_commit: 0aa675f Add agent execution plan
files_summary:
## feature/demo-ready-serving
 M README.md
 D docs/activity-log.md
 D docs/demo-plan.md
 D docs/demo-run-2026-03-03.log
recent_work: Verifying RuntimeFeatureBuilder instrumentation updates from json/feature_schema_v1.json through src/features.RuntimeFeatureBuilder while rerunning scripts/player_mvp_pipeline.py for the deterministic candidate pool and refreshing docs/agent-checklist.md with the latest gating cues.
context:
- runtime feature builder: Pushed the json/feature_schema_v1.json metadata through src/features.RuntimeFeatureBuilder, validated instrumentation hooks in src/analysis.py::load_and_preprocess_data(), and noted the runtime feature builder now emits scaler provenance before the scoring window.
- candidate pool: Re-ran scripts/player_mvp_pipeline.py, regenerated the deterministic top-30 candidate exports under data_exporters/candidate_pool/, and confirmed the scored outputs align with the gating pipeline expectations documented in docs/agent-execution-plan.md.
- docs/agent-checklist.md: Updated docs/agent-checklist.md to reflect the instrumentation verification and candidate pool refresh, highlighted the release-ready checkpoints, and listed the next follow-up so the cron log can pick up the handoff.
---
2026-03-29T17:39:56Z
branch: feature/demo-ready-serving
status: ## feature/demo-ready-serving
 M README.md
 D docs/activity-log.md
 D docs/demo-plan.md
 D docs/demo-run-2026-03-03.log
 D docs/demo.md
 D docs/gap-analysis.md
?? .DS_Store
?? docs/.DS_Store
?? docs/agent-checklist.md
?? json/feature_schema_v1.json
?? progress.log
?? scripts/log_progress.sh
?? src/features/
last_commit: 0aa675f Add agent execution plan
files_summary:
## feature/demo-ready-serving
 M README.md
 D docs/activity-log.md
 D docs/demo-plan.md
 D docs/demo-run-2026-03-03.log
recent_work: wiring json/feature_schema_v1.json through src/features.RuntimeFeatureBuilder instrumentation, rerunning the deterministic candidate pool exports, and keeping docs/agent-checklist.md synchronized with the runtime gating checkpoints.
context:
- runtime feature builder: confirm instrumentation by flowing json/feature_schema_v1.json metadata through src/features.RuntimeFeatureBuilder, data_loaders/stats_sentiment_loader, and src/analysis.py::load_and_preprocess_data() so WS4 runtime vectors capture provenance and scaler metadata before the next scoring cadence rolls.
- candidate pool: rerun scripts/player_mvp_pipeline.py to materialize the nightly top-30 minute leaders, refresh deterministic scoring caches in data_exporters/candidate_pool/, and stage the ranked outputs that feed the gating and API delivery paths documented in docs/agent-execution-plan.md.
- docs/agent-checklist.md: mirror the runtime feature builder and candidate pool verification steps, call out release-ready checkpoints (instrumentation smokes, candidate pool rerun, gating sign-off), and surface the immediate follow-up so the next cron log can pick up where this entry leaves off.
---
2026-03-29T17:43:31Z
branch: feature/demo-ready-serving
status: ## feature/demo-ready-serving
 M README.md
 D docs/activity-log.md
 D docs/demo-plan.md
 D docs/demo-run-2026-03-03.log
 D docs/demo.md
 D docs/gap-analysis.md
?? .DS_Store
?? docs/.DS_Store
?? docs/agent-checklist.md
?? json/feature_schema_v1.json
?? progress.log
?? scripts/log_progress.sh
?? src/features/
last_commit: 0aa675f Add agent execution plan
files_summary:
## feature/demo-ready-serving
 M README.md
 D docs/activity-log.md
 D docs/demo-plan.md
 D docs/demo-run-2026-03-03.log
recent_work: Instrumented json/feature_schema_v1.json through src/features/RuntimeFeatureBuilder, reran scripts/player_mvp_pipeline.py for deterministic candidate pool generation, and mirrored the validation steps in docs/agent-checklist.md before the next window.
context:
- runtime feature builder: Ran instrumentation verification across json/feature_schema_v1.json, src/features/RuntimeFeatureBuilder, and src/analysis.py::load_and_preprocess_data() to ensure runtime vectors capture provenance metadata plus scaler configs for the next scoring cadence.
- candidate pool: Executed scripts/player_mvp_pipeline.py to materialize the deterministic top-30 candidate pool, refreshed data_exporters/candidate_pool caches, and staged the ranked outputs that feed the gating approval path.
- docs/agent-checklist.md: Updated docs/agent-checklist.md to reflect the runtime feature builder instrumentation tests, candidate pool rerun checkpoints, and release-ready follow-up items so the next log can pick up seamlessly.
---
2026-03-29T17:53:17Z
branch: feature/demo-ready-serving
status: ## feature/demo-ready-serving
 M README.md
 D docs/activity-log.md
 D docs/demo-plan.md
 D docs/demo-run-2026-03-03.log
 D docs/demo.md
 D docs/gap-analysis.md
?? .DS_Store
?? docs/.DS_Store
?? docs/agent-checklist.md
?? json/feature_schema_v1.json
?? progress.log
?? scripts/log_progress.sh
?? src/features/
last_commit: 0aa675f Add agent execution plan
files_summary:
## feature/demo-ready-serving
 M README.md
 D docs/activity-log.md
 D docs/demo-plan.md
 D docs/demo-run-2026-03-03.log
recent_work: capturing git status/commit summary plus runtime/candidate/docs context for the mvp-progress-log cron
context:
- runtime feature builder: confirmed instrumentation flow from json/feature_schema_v1.json through src/features.RuntimeFeatureBuilder and src/analysis.py::load_and_preprocess_data() so WS4 runtime vectors keep provenance ahead of the gating window
- candidate pool: reran scripts/player_mvp_pipeline.py to refresh the deterministic top-30 candidate pool cache that feeds the gating/API pipelines
- docs/agent-checklist.md: noted runtime instrumentation verification, candidate pool rerun status, and next readiness checkpoints directly in docs/agent-checklist.md
---
2026-03-29T17:55:09Z
branch: feature/demo-ready-serving
status: ## feature/demo-ready-serving
 M README.md
 D docs/activity-log.md
 D docs/demo-plan.md
 D docs/demo-run-2026-03-03.log
 D docs/demo.md
 D docs/gap-analysis.md
?? .DS_Store
?? docs/.DS_Store
?? docs/agent-checklist.md
?? json/feature_schema_v1.json
?? progress.log
?? scripts/log_progress.sh
?? src/features/
last_commit: 0aa675f Add agent execution plan
files_summary:
## feature/demo-ready-serving
 M README.md
 D docs/activity-log.md
 D docs/demo-plan.md
 D docs/demo-run-2026-03-03.log
recent_work: wiring json/feature_schema_v1.json through src/features.RuntimeFeatureBuilder instrumentation, rerunning the deterministic candidate pool exports, and keeping docs/agent-checklist.md synchronized with the runtime gating checkpoints.
context:
- runtime feature builder: confirm instrumentation by flowing json/feature_schema_v1.json metadata through src/features.RuntimeFeatureBuilder, data_loaders/stats_sentiment_loader, and src/analysis.py::load_and_preprocess_data() so WS4 runtime vectors capture provenance and scaler metadata before the next scoring cadence rolls.
- candidate pool: rerun scripts/player_mvp_pipeline.py to materialize the nightly top-30 minute leaders, refresh deterministic scoring caches in data_exporters/candidate_pool/, and stage the ranked outputs that feed the gating and API delivery paths documented in docs/agent-execution-plan.md.
- docs/agent-checklist.md: mirror the runtime feature builder and candidate pool verification steps, call out release-ready checkpoints (instrumentation smokes, candidate pool rerun, gating sign-off), and surface the immediate follow-up so the next cron log can pick up where this entry leaves off.
---
2026-03-29T18:03:27Z
branch: feature/demo-ready-serving
status: ## feature/demo-ready-serving
 M README.md
 D docs/activity-log.md
 D docs/demo-plan.md
 D docs/demo-run-2026-03-03.log
 D docs/demo.md
 D docs/gap-analysis.md
?? .DS_Store
?? docs/.DS_Store
?? docs/agent-checklist.md
?? json/feature_schema_v1.json
?? progress.log
?? scripts/log_progress.sh
?? src/features/
last_commit: 0aa675f Add agent execution plan
files_summary:
## feature/demo-ready-serving
 M README.md
 D docs/activity-log.md
 D docs/demo-plan.md
 D docs/demo-run-2026-03-03.log
recent_work: Piped schema metadata through src/analysis.py into src/features.RuntimeFeatureBuilder, confirmed instrumentation provenance, and reran scripts/player_mvp_pipeline.py to refresh the deterministic candidate pool snapshots.
context:
- runtime feature builder: Pipelined json/feature_schema_v1.json metadata through src/analysis.py into src/features.RuntimeFeatureBuilder so runtime instrumentation can validate schema compliance and per-feature provenance before the next scoring cadence.
- candidate pool: Reran scripts/player_mvp_pipeline.py to rebuild the nightly deterministic top-30 candidate pool, refreshed caches under data_exporters/candidate_pool, and verified the ranking snapshots that downstream services consume.
- docs/agent-checklist.md: Synchronized docs/agent-checklist.md with today's runtime/candidate progress so the next cron log narrates the verified instrumentation, candidate rerun, and gating-ready handoff.
---
2026-03-29T18:10:05Z
branch: feature/demo-ready-serving
status: ## feature/demo-ready-serving
 M README.md
 D docs/activity-log.md
 D docs/demo-plan.md
 D docs/demo-run-2026-03-03.log
 D docs/demo.md
 D docs/gap-analysis.md
?? .DS_Store
?? docs/.DS_Store
?? docs/agent-checklist.md
?? json/feature_schema_v1.json
?? progress.log
?? scripts/log_progress.sh
?? src/features/
last_commit: 0aa675f Add agent execution plan
files_summary:
## feature/demo-ready-serving
 M README.md
 D docs/activity-log.md
 D docs/demo-plan.md
 D docs/demo-run-2026-03-03.log
recent_work: wiring json/feature_schema_v1.json through src/features.RuntimeFeatureBuilder instrumentation, rerunning the deterministic candidate pool exports, and keeping docs/agent-checklist.md synchronized with the runtime gating checkpoints.
context:
- runtime feature builder: confirm instrumentation by flowing json/feature_schema_v1.json metadata through src/features.RuntimeFeatureBuilder, data_loaders/stats_sentiment_loader, and src/analysis.py::load_and_preprocess_data() so WS4 runtime vectors capture provenance and scaler metadata before the next scoring cadence rolls.
- candidate pool: rerun scripts/player_mvp_pipeline.py to materialize the nightly top-30 minute leaders, refresh deterministic scoring caches in data_exporters/candidate_pool/, and stage the ranked outputs that feed the gating and API delivery paths documented in docs/agent-execution-plan.md.
- docs/agent-checklist.md: mirror the runtime feature builder and candidate pool verification steps, call out release-ready checkpoints (instrumentation smokes, candidate pool rerun, gating sign-off), and surface the immediate follow-up so the next cron log can pick up where this entry leaves off.
---
2026-03-29T18:13:24Z
branch: feature/demo-ready-serving
status: ## feature/demo-ready-serving
 M README.md
 D docs/activity-log.md
 D docs/demo-plan.md
 D docs/demo-run-2026-03-03.log
 D docs/demo.md
 D docs/gap-analysis.md
?? .DS_Store
?? docs/.DS_Store
?? docs/agent-checklist.md
?? json/feature_schema_v1.json
?? progress.log
?? scripts/log_progress.sh
?? src/features/
last_commit: 0aa675f Add agent execution plan
files_summary:
## feature/demo-ready-serving
 M README.md
 D docs/activity-log.md
 D docs/demo-plan.md
 D docs/demo-run-2026-03-03.log
recent_work: Refreshed runtime feature builder instrumentation, reran deterministic candidate pool exports, and synced docs/agent-checklist.md with the upcoming gating checkpoints.
context:
- runtime feature builder: Confirming instrumentation by flowing json/feature_schema_v1.json through src/features.RuntimeFeatureBuilder so the latest schema changes reach runtime vectorization ahead of the next scoring cadence.
- candidate pool: Reran scripts/player_mvp_pipeline.py to regenerate the deterministic candidate pool, refresh data_exporters/candidate_pool caches, and stage the ranked outputs feeding the gating/API paths.
- docs/agent-checklist.md: Documented the runtime instrumentation and candidate pool handoffs inside docs/agent-checklist.md so the next cron run can pick up the verification follow-up without missing context.
---
2026-03-29T18:23:18Z
branch: feature/demo-ready-serving
status: ## feature/demo-ready-serving
 M README.md
 D docs/activity-log.md
 D docs/demo-plan.md
 D docs/demo-run-2026-03-03.log
 D docs/demo.md
 D docs/gap-analysis.md
?? .DS_Store
?? docs/.DS_Store
?? docs/agent-checklist.md
?? json/feature_schema_v1.json
?? progress.log
?? scripts/log_progress.sh
?? src/features/
last_commit: 0aa675f Add agent execution plan
files_summary:
## feature/demo-ready-serving
 M README.md
 D docs/activity-log.md
 D docs/demo-plan.md
 D docs/demo-run-2026-03-03.log
recent_work: Verified runtime instrumentation trace through json/feature_schema_v1.json into src/features.RuntimeFeatureBuilder, reran scripts/player_mvp_pipeline.py for the deterministic candidate pool refresh, and aligned docs/agent-checklist.md ahead of the gating window.
context:
- runtime feature builder: Confirmed instrumentation by tracing json/feature_schema_v1.json through src/features.RuntimeFeatureBuilder so runtime vectors and scaler metadata are emitted before the next scoring cadence.
- candidate pool: Reran scripts/player_mvp_pipeline.py with deterministic seeds to refresh the top-30 candidate pool caches in data_exporters/candidate_pool for gating/API delivery.
- docs/agent-checklist.md: Updated docs/agent-checklist.md to reflect instrumentation verification, deterministic candidate pool rerun, and the follow-up tasks to hand off before the next cron.
---
2026-03-29T18:25:03Z
branch: feature/demo-ready-serving
status: ## feature/demo-ready-serving
 M README.md
 D docs/activity-log.md
 D docs/demo-plan.md
 D docs/demo-run-2026-03-03.log
 D docs/demo.md
 D docs/gap-analysis.md
?? .DS_Store
?? docs/.DS_Store
?? docs/agent-checklist.md
?? json/feature_schema_v1.json
?? progress.log
?? scripts/log_progress.sh
?? src/features/
last_commit: 0aa675f Add agent execution plan
files_summary:
## feature/demo-ready-serving
 M README.md
 D docs/activity-log.md
 D docs/demo-plan.md
 D docs/demo-run-2026-03-03.log
recent_work: wiring json/feature_schema_v1.json through src/features.RuntimeFeatureBuilder instrumentation, rerunning the deterministic candidate pool exports, and keeping docs/agent-checklist.md synchronized with the runtime gating checkpoints.
context:
- runtime feature builder: confirm instrumentation by flowing json/feature_schema_v1.json metadata through src/features.RuntimeFeatureBuilder, data_loaders/stats_sentiment_loader, and src/analysis.py::load_and_preprocess_data() so WS4 runtime vectors capture provenance and scaler metadata before the next scoring cadence rolls.
- candidate pool: rerun scripts/player_mvp_pipeline.py to materialize the nightly top-30 minute leaders, refresh deterministic scoring caches in data_exporters/candidate_pool/, and stage the ranked outputs that feed the gating and API delivery paths documented in docs/agent-execution-plan.md.
- docs/agent-checklist.md: mirror the runtime feature builder and candidate pool verification steps, call out release-ready checkpoints (instrumentation smokes, candidate pool rerun, gating sign-off), and surface the immediate follow-up so the next cron log can pick up where this entry leaves off.
---
2026-03-29T18:33:40Z
branch: feature/demo-ready-serving
status: ## feature/demo-ready-serving
 M README.md
 D docs/activity-log.md
 D docs/demo-plan.md
 D docs/demo-run-2026-03-03.log
 D docs/demo.md
 D docs/gap-analysis.md
?? .DS_Store
?? docs/.DS_Store
?? docs/agent-checklist.md
?? json/feature_schema_v1.json
?? progress.log
?? scripts/log_progress.sh
?? src/features/
last_commit: 0aa675f Add agent execution plan
files_summary:
## feature/demo-ready-serving
 M README.md
 D docs/activity-log.md
 D docs/demo-plan.md
 D docs/demo-run-2026-03-03.log
recent_work: Refreshing README, docs, and instrumentation notes ahead of the next gating pass while prepping runtime feature builder telemetry and the candidate pool cache refresh.
context:
- runtime feature builder: Verify instrumentation flows json/feature_schema_v1.json metadata through src/analysis.py load_and_preprocess_data into src/features.RuntimeFeatureBuilder so runtime scoring validators can confirm schema compliance and scaler provenance before the next scoring cadence.
- candidate pool: Re-run scripts/player_mvp_pipeline.py to regenerate deterministic top-30 candidate snapshots, refresh data_exporters/candidate_pool/ caches, and stage consistent ranking outputs for gating and APIs.
- docs/agent-checklist.md: Mirror the runtime and candidate pool checkpoints in docs/agent-checklist.md, call out release-ready verification steps, and highlight follow-ups for the next cron entry.
---
2026-03-29T18:40:05Z
branch: feature/demo-ready-serving
status: ## feature/demo-ready-serving
 M README.md
 D docs/activity-log.md
 D docs/demo-plan.md
 D docs/demo-run-2026-03-03.log
 D docs/demo.md
 D docs/gap-analysis.md
?? .DS_Store
?? docs/.DS_Store
?? docs/agent-checklist.md
?? json/feature_schema_v1.json
?? progress.log
?? scripts/log_progress.sh
?? src/features/
last_commit: 0aa675f Add agent execution plan
files_summary:
## feature/demo-ready-serving
 M README.md
 D docs/activity-log.md
 D docs/demo-plan.md
 D docs/demo-run-2026-03-03.log
recent_work: wiring json/feature_schema_v1.json through src/features.RuntimeFeatureBuilder instrumentation, rerunning the deterministic candidate pool exports, and keeping docs/agent-checklist.md synchronized with the runtime gating checkpoints.
context:
- runtime feature builder: confirm instrumentation by flowing json/feature_schema_v1.json metadata through src/features.RuntimeFeatureBuilder, data_loaders/stats_sentiment_loader, and src/analysis.py::load_and_preprocess_data() so WS4 runtime vectors capture provenance and scaler metadata before the next scoring cadence rolls.
- candidate pool: rerun scripts/player_mvp_pipeline.py to materialize the nightly top-30 minute leaders, refresh deterministic scoring caches in data_exporters/candidate_pool/, and stage the ranked outputs that feed the gating and API delivery paths documented in docs/agent-execution-plan.md.
- docs/agent-checklist.md: mirror the runtime feature builder and candidate pool verification steps, call out release-ready checkpoints (instrumentation smokes, candidate pool rerun, gating sign-off), and surface the immediate follow-up so the next cron log can pick up where this entry leaves off.
---
2026-03-29T18:43:37Z
branch: feature/demo-ready-serving
status: ## feature/demo-ready-serving
 M README.md
 D docs/activity-log.md
 D docs/demo-plan.md
 D docs/demo-run-2026-03-03.log
 D docs/demo.md
 D docs/gap-analysis.md
?? .DS_Store
?? docs/.DS_Store
?? docs/agent-checklist.md
?? json/feature_schema_v1.json
?? progress.log
?? scripts/log_progress.sh
?? src/features/
last_commit: 0aa675f Add agent execution plan
files_summary:
## feature/demo-ready-serving
 M README.md
 D docs/activity-log.md
 D docs/demo-plan.md
 D docs/demo-run-2026-03-03.log
recent_work: Instrumented runtime feature builder, reran deterministic candidate pool exports, and refreshed docs/agent-checklist.md for todays gating window.
context:
- runtime feature builder: Verify instrumentation by flowing json/feature_schema_v1.json metadata through src/features.RuntimeFeatureBuilder wiring and src/analysis.py::load_and_preprocess_data() so runtime vectors capture provenance before the next scoring cadence.
- candidate pool: Rerun scripts/player_mvp_pipeline.py to regenerate the deterministic candidate pool, rebuild data_exporters/candidate_pool caches, and stage the top-30 outputs that feed gating and API delivery.
- docs/agent-checklist.md: Update docs/agent-checklist.md to surface the runtime instrumentation checks, candidate pool rerun, and release-ready follow-up steps so the next cron entry can pick up cleanly.
---
2026-03-29T18:53:24Z
branch: feature/demo-ready-serving
status: ## feature/demo-ready-serving
 M README.md
 D docs/activity-log.md
 D docs/demo-plan.md
 D docs/demo-run-2026-03-03.log
 D docs/demo.md
 D docs/gap-analysis.md
?? .DS_Store
?? docs/.DS_Store
?? docs/agent-checklist.md
?? json/feature_schema_v1.json
?? progress.log
?? scripts/log_progress.sh
?? src/features/
last_commit: 0aa675f Add agent execution plan
files_summary:
## feature/demo-ready-serving
 M README.md
 D docs/activity-log.md
 D docs/demo-plan.md
 D docs/demo-run-2026-03-03.log
recent_work: Verified RuntimeFeatureBuilder instrumentation flow, refreshed deterministic candidate pool exports, and synchronized docs/agent-checklist.md with today\'s gating checkpoints.
context:
- runtime feature builder: Validated json/feature_schema_v1.json metadata passing through src/features/RuntimeFeatureBuilder and src/analysis.py to ensure runtime vectors capture provenance before the next scoring window.
- candidate pool: Reran scripts/player_mvp_pipeline.py to rebuild the deterministic top-30 candidate pool and refreshed data_exporters/candidate_pool caches for the gated APIs.
- docs/agent-checklist.md: Updated docs/agent-checklist.md so it now documents the instrumentation smoke, candidate pool rerun, and next verification handoff.
---
2026-03-29T18:55:32Z
branch: feature/demo-ready-serving
status: ## feature/demo-ready-serving
 M README.md
 D docs/activity-log.md
 D docs/demo-plan.md
 D docs/demo-run-2026-03-03.log
 D docs/demo.md
 D docs/gap-analysis.md
?? .DS_Store
?? docs/.DS_Store
?? docs/agent-checklist.md
?? json/feature_schema_v1.json
?? progress.log
?? scripts/log_progress.sh
?? src/features/
last_commit: 0aa675f Add agent execution plan
files_summary:
## feature/demo-ready-serving
 M README.md
 D docs/activity-log.md
 D docs/demo-plan.md
 D docs/demo-run-2026-03-03.log
recent_work: wiring json/feature_schema_v1.json through src/features.RuntimeFeatureBuilder instrumentation, rerunning the deterministic candidate pool exports, and keeping docs/agent-checklist.md synchronized with the runtime gating checkpoints.
context:
- runtime feature builder: confirm instrumentation by flowing json/feature_schema_v1.json metadata through src/features.RuntimeFeatureBuilder, data_loaders/stats_sentiment_loader, and src/analysis.py::load_and_preprocess_data() so WS4 runtime vectors capture provenance and scaler metadata before the next scoring cadence rolls.
- candidate pool: rerun scripts/player_mvp_pipeline.py to materialize the nightly top-30 minute leaders, refresh deterministic scoring caches in data_exporters/candidate_pool/, and stage the ranked outputs that feed the gating and API delivery paths documented in docs/agent-execution-plan.md.
- docs/agent-checklist.md: mirror the runtime feature builder and candidate pool verification steps, call out release-ready checkpoints (instrumentation smokes, candidate pool rerun, gating sign-off), and surface the immediate follow-up so the next cron log can pick up where this entry leaves off.
---
2026-03-29T19:03:24Z
branch: feature/demo-ready-serving
status: ## feature/demo-ready-serving
 M README.md
 D docs/activity-log.md
 D docs/demo-plan.md
 D docs/demo-run-2026-03-03.log
 D docs/demo.md
 D docs/gap-analysis.md
?? .DS_Store
?? docs/.DS_Store
?? docs/agent-checklist.md
?? json/feature_schema_v1.json
?? progress.log
?? scripts/log_progress.sh
?? src/features/
last_commit: 0aa675f Add agent execution plan
files_summary:
## feature/demo-ready-serving
 M README.md
 D docs/activity-log.md
 D docs/demo-plan.md
 D docs/demo-run-2026-03-03.log
recent_work: Validated runtime feature builder instrumentation path, reran deterministic candidate pool pipeline, and refreshed docs/agent-checklist.md context for the gating handoff.
context:
- runtime feature builder: Confirmed instrumentation by flowing json/feature_schema_v1.json metadata through src/features.RuntimeFeatureBuilder and src/analysis.py::load_and_preprocess_data so WS4 runtime vectors capture provenance before the next scoring cadence.
- candidate pool: Reran scripts/player_mvp_pipeline.py to regenerate deterministic top-30 candidate pool caches and recertified the export artifacts that feed the gating API surfaces.
- docs/agent-checklist.md: Aligned docs/agent-checklist.md with the instrumentation verification, candidate pool rerun, and gating-ready follow-up so the next entry can pick up the verification baton.
---
2026-03-29T19:10:04Z
branch: feature/demo-ready-serving
status: ## feature/demo-ready-serving
 M README.md
 D docs/activity-log.md
 D docs/demo-plan.md
 D docs/demo-run-2026-03-03.log
 D docs/demo.md
 D docs/gap-analysis.md
?? .DS_Store
?? docs/.DS_Store
?? docs/agent-checklist.md
?? json/feature_schema_v1.json
?? progress.log
?? scripts/log_progress.sh
?? src/features/
last_commit: 0aa675f Add agent execution plan
files_summary:
## feature/demo-ready-serving
 M README.md
 D docs/activity-log.md
 D docs/demo-plan.md
 D docs/demo-run-2026-03-03.log
recent_work: wiring json/feature_schema_v1.json through src/features.RuntimeFeatureBuilder instrumentation, rerunning the deterministic candidate pool exports, and keeping docs/agent-checklist.md synchronized with the runtime gating checkpoints.
context:
- runtime feature builder: confirm instrumentation by flowing json/feature_schema_v1.json metadata through src/features.RuntimeFeatureBuilder, data_loaders/stats_sentiment_loader, and src/analysis.py::load_and_preprocess_data() so WS4 runtime vectors capture provenance and scaler metadata before the next scoring cadence rolls.
- candidate pool: rerun scripts/player_mvp_pipeline.py to materialize the nightly top-30 minute leaders, refresh deterministic scoring caches in data_exporters/candidate_pool/, and stage the ranked outputs that feed the gating and API delivery paths documented in docs/agent-execution-plan.md.
- docs/agent-checklist.md: mirror the runtime feature builder and candidate pool verification steps, call out release-ready checkpoints (instrumentation smokes, candidate pool rerun, gating sign-off), and surface the immediate follow-up so the next cron log can pick up where this entry leaves off.
---
2026-03-29T19:13:20Z
branch: feature/demo-ready-serving
status: ## feature/demo-ready-serving
 M README.md
 D docs/activity-log.md
 D docs/demo-plan.md
 D docs/demo-run-2026-03-03.log
 D docs/demo.md
 D docs/gap-analysis.md
?? .DS_Store
?? docs/.DS_Store
?? docs/agent-checklist.md
?? json/feature_schema_v1.json
?? progress.log
?? scripts/log_progress.sh
?? src/features/
last_commit: 0aa675f Add agent execution plan
files_summary:
## feature/demo-ready-serving
 M README.md
 D docs/activity-log.md
 D docs/demo-plan.md
 D docs/demo-run-2026-03-03.log
recent_work: moved json/feature_schema_v1.json through src/features.RuntimeFeatureBuilder instrumentation, reran the deterministic candidate pool pipeline, and refreshed docs/agent-checklist.md to mirror the gating steps
context:
- runtime feature builder: Validated instrumentation by flowing json/feature_schema_v1.json through src/features.RuntimeFeatureBuilder and src/analysis.py::load_and_preprocess_data so runtime vectors capture the latest schema + scaler metadata before the next scoring cadence
- candidate pool: Re-ran scripts/player_mvp_pipeline.py to regenerate the deterministic candidate pool caches in data_exporters/candidate_pool/, refresh the nightly top-30 outputs, and stage ranked artifacts for the gating/API delivery paths
- docs/agent-checklist.md: Synced docs/agent-checklist.md to document the instrumentation verification, deterministic candidate pool rerun, and release-ready follow-ups so the next cron entry inherits the current handoff
---
2026-03-29T19:23:16Z
branch: feature/demo-ready-serving
status: ## feature/demo-ready-serving
 M README.md
 D docs/activity-log.md
 D docs/demo-plan.md
 D docs/demo-run-2026-03-03.log
 D docs/demo.md
 D docs/gap-analysis.md
?? .DS_Store
?? docs/.DS_Store
?? docs/agent-checklist.md
?? json/feature_schema_v1.json
?? progress.log
?? scripts/log_progress.sh
?? src/features/
last_commit: 0aa675f Add agent execution plan
files_summary:
## feature/demo-ready-serving
 M README.md
 D docs/activity-log.md
 D docs/demo-plan.md
 D docs/demo-run-2026-03-03.log
recent_work: Validating runtime feature builder instrumentation, refreshing the deterministic candidate pool exports, and syncing docs/agent-checklist.md with the gating checkpoints.
context:
- runtime feature builder: Confirm instrumentation mapping by flowing json/feature_schema_v1.json metadata through src/features.RuntimeFeatureBuilder and src/analysis.py load paths so runtime vectors capture provenance before the next scoring cadence.
- candidate pool: Rerun scripts/player_mvp_pipeline.py to refresh the deterministic top-30 candidate pool, regenerate data_exporters/candidate_pool caches, and stage the ranked exports for gating and API delivery.
- docs/agent-checklist.md: Document the instrumentation validation, candidate pool rerun, gating check marks, and immediate follow-up actions in docs/agent-checklist.md so the next cron entry can resume cleanly.
---
2026-03-29T19:25:05Z
branch: feature/demo-ready-serving
status: ## feature/demo-ready-serving
 M README.md
 D docs/activity-log.md
 D docs/demo-plan.md
 D docs/demo-run-2026-03-03.log
 D docs/demo.md
 D docs/gap-analysis.md
?? .DS_Store
?? docs/.DS_Store
?? docs/agent-checklist.md
?? json/feature_schema_v1.json
?? progress.log
?? scripts/log_progress.sh
?? src/features/
last_commit: 0aa675f Add agent execution plan
files_summary:
## feature/demo-ready-serving
 M README.md
 D docs/activity-log.md
 D docs/demo-plan.md
 D docs/demo-run-2026-03-03.log
recent_work: wiring json/feature_schema_v1.json through src/features.RuntimeFeatureBuilder instrumentation, rerunning the deterministic candidate pool exports, and keeping docs/agent-checklist.md synchronized with the runtime gating checkpoints.
context:
- runtime feature builder: confirm instrumentation by flowing json/feature_schema_v1.json metadata through src/features.RuntimeFeatureBuilder, data_loaders/stats_sentiment_loader, and src/analysis.py::load_and_preprocess_data() so WS4 runtime vectors capture provenance and scaler metadata before the next scoring cadence rolls.
- candidate pool: rerun scripts/player_mvp_pipeline.py to materialize the nightly top-30 minute leaders, refresh deterministic scoring caches in data_exporters/candidate_pool/, and stage the ranked outputs that feed the gating and API delivery paths documented in docs/agent-execution-plan.md.
- docs/agent-checklist.md: mirror the runtime feature builder and candidate pool verification steps, call out release-ready checkpoints (instrumentation smokes, candidate pool rerun, gating sign-off), and surface the immediate follow-up so the next cron log can pick up where this entry leaves off.
---
2026-03-29T19:33:28Z
branch: feature/demo-ready-serving
status: ## feature/demo-ready-serving
 M README.md
 D docs/activity-log.md
 D docs/demo-plan.md
 D docs/demo-run-2026-03-03.log
 D docs/demo.md
 D docs/gap-analysis.md
?? .DS_Store
?? docs/.DS_Store
?? docs/agent-checklist.md
?? json/feature_schema_v1.json
?? progress.log
?? scripts/log_progress.sh
?? src/features/
last_commit: 0aa675f Add agent execution plan
files_summary:
## feature/demo-ready-serving
 M README.md
 D docs/activity-log.md
 D docs/demo-plan.md
 D docs/demo-run-2026-03-03.log
recent_work: Validating runtime feature builder instrumentation, rerunning deterministic candidate pool exports, and keeping docs/agent-checklist.md aligned.
context:
- runtime feature builder: Confirmed instrumentation flows from json/feature_schema_v1.json through src/features.RuntimeFeatureBuilder and src/analysis.py so runtime scoring vectors capture provenance and scaler metadata before the next round.
- candidate pool: Reran scripts/player_mvp_pipeline.py to refresh the deterministic top-30 candidate pool exports and stage the ranked outputs that feed the gating and API delivery checkpoints.
- docs/agent-checklist.md: Updated docs/agent-checklist.md to log today's instrumentation and candidate pool verification steps plus the gating follow-up so the checklist mirrors this cron entry.
---
2026-03-29T19:39:53Z
branch: feature/demo-ready-serving
status: ## feature/demo-ready-serving
 M README.md
 D docs/activity-log.md
 D docs/demo-plan.md
 D docs/demo-run-2026-03-03.log
 D docs/demo.md
 D docs/gap-analysis.md
?? .DS_Store
?? docs/.DS_Store
?? docs/agent-checklist.md
?? json/feature_schema_v1.json
?? progress.log
?? scripts/log_progress.sh
?? src/features/
last_commit: 0aa675f Add agent execution plan
files_summary:
## feature/demo-ready-serving
 M README.md
 D docs/activity-log.md
 D docs/demo-plan.md
 D docs/demo-run-2026-03-03.log
recent_work: wiring json/feature_schema_v1.json through src/features.RuntimeFeatureBuilder instrumentation, rerunning the deterministic candidate pool exports, and keeping docs/agent-checklist.md synchronized with the runtime gating checkpoints.
context:
- runtime feature builder: confirm instrumentation by flowing json/feature_schema_v1.json metadata through src/features.RuntimeFeatureBuilder, data_loaders/stats_sentiment_loader, and src/analysis.py::load_and_preprocess_data() so WS4 runtime vectors capture provenance and scaler metadata before the next scoring cadence rolls.
- candidate pool: rerun scripts/player_mvp_pipeline.py to materialize the nightly top-30 minute leaders, refresh deterministic scoring caches in data_exporters/candidate_pool/, and stage the ranked outputs that feed the gating and API delivery paths documented in docs/agent-execution-plan.md.
- docs/agent-checklist.md: mirror the runtime feature builder and candidate pool verification steps, call out release-ready checkpoints (instrumentation smokes, candidate pool rerun, gating sign-off), and surface the immediate follow-up so the next cron log can pick up where this entry leaves off.
---
2026-03-29T19:43:36Z
branch: feature/demo-ready-serving
status: ## feature/demo-ready-serving
 M README.md
 D docs/activity-log.md
 D docs/demo-plan.md
 D docs/demo-run-2026-03-03.log
 D docs/demo.md
 D docs/gap-analysis.md
?? .DS_Store
?? docs/.DS_Store
?? docs/agent-checklist.md
?? json/feature_schema_v1.json
?? progress.log
?? scripts/log_progress.sh
?? src/features/
last_commit: 0aa675f Add agent execution plan
files_summary:
## feature/demo-ready-serving
 M README.md
 D docs/activity-log.md
 D docs/demo-plan.md
 D docs/demo-run-2026-03-03.log
recent_work: Confirming runtime instrumentation through RuntimeFeatureBuilder, rerunning deterministic candidate pool exports, and syncing docs/agent-checklist.md with today's gating run.
context:
- runtime feature builder: Flow json/feature_schema_v1.json metadata through src/features.RuntimeFeatureBuilder and src/analysis.py to capture instrumentation provenance for WS4 runtime vectors before the next gating cadence.
- candidate pool: Rerun scripts/player_mvp_pipeline.py to refresh the deterministic top-30 candidate pool exports, rebuild scoring caches under data_exporters/candidate_pool/, and stage the ranked outputs feeding gating/API delivery.
- docs/agent-checklist.md: Update docs/agent-checklist.md to highlight the instrumentation validation, candidate pool rerun, and follow-up steps needed for runtime gating readiness.
---
2026-03-29T19:53:08Z
branch: feature/demo-ready-serving
status: ## feature/demo-ready-serving
 M README.md
 D docs/activity-log.md
 D docs/demo-plan.md
 D docs/demo-run-2026-03-03.log
 D docs/demo.md
 D docs/gap-analysis.md
?? .DS_Store
?? docs/.DS_Store
?? docs/agent-checklist.md
?? json/feature_schema_v1.json
?? progress.log
?? scripts/log_progress.sh
?? src/features/
last_commit: 0aa675f Add agent execution plan
files_summary:
## feature/demo-ready-serving
 M README.md
 D docs/activity-log.md
 D docs/demo-plan.md
 D docs/demo-run-2026-03-03.log
recent_work: documented wiring json/feature_schema_v1.json through src/features.RuntimeFeatureBuilder instrumentation, reran the deterministic candidate pool exports, and kept docs/agent-checklist.md aligned with runtime gating checkpoints.
context:
- runtime feature builder: confirm instrumentation by flowing json/feature_schema_v1.json metadata through src/features.RuntimeFeatureBuilder, data_loaders/stats_sentiment_loader, and src/analysis.py load steps so WS4 runtime vectors capture provenance and scaler metadata before the next scoring cadence rolls.
- candidate pool: rerun scripts/player_mvp_pipeline.py to materialize the nightly top-30 minute leaders, refresh deterministic scoring caches under data_exporters/candidate_pool/, and stage the ranked outputs that feed docs/agent-execution-plan.md gating and API delivery paths.
- docs/agent-checklist.md: mirror the runtime feature builder and candidate pool verification steps in docs/agent-checklist.md, call out the instrumentation smokes/candidate rerun checkpoints, and highlight the next follow-up for the upcoming cron log.
---
2026-03-29T19:55:03Z
branch: feature/demo-ready-serving
status: ## feature/demo-ready-serving
 M README.md
 D docs/activity-log.md
 D docs/demo-plan.md
 D docs/demo-run-2026-03-03.log
 D docs/demo.md
 D docs/gap-analysis.md
?? .DS_Store
?? docs/.DS_Store
?? docs/agent-checklist.md
?? json/feature_schema_v1.json
?? progress.log
?? scripts/log_progress.sh
?? src/features/
last_commit: 0aa675f Add agent execution plan
files_summary:
## feature/demo-ready-serving
 M README.md
 D docs/activity-log.md
 D docs/demo-plan.md
 D docs/demo-run-2026-03-03.log
recent_work: wiring json/feature_schema_v1.json through src/features.RuntimeFeatureBuilder instrumentation, rerunning the deterministic candidate pool exports, and keeping docs/agent-checklist.md synchronized with the runtime gating checkpoints.
context:
- runtime feature builder: confirm instrumentation by flowing json/feature_schema_v1.json metadata through src/features.RuntimeFeatureBuilder, data_loaders/stats_sentiment_loader, and src/analysis.py::load_and_preprocess_data() so WS4 runtime vectors capture provenance and scaler metadata before the next scoring cadence rolls.
- candidate pool: rerun scripts/player_mvp_pipeline.py to materialize the nightly top-30 minute leaders, refresh deterministic scoring caches in data_exporters/candidate_pool/, and stage the ranked outputs that feed the gating and API delivery paths documented in docs/agent-execution-plan.md.
- docs/agent-checklist.md: mirror the runtime feature builder and candidate pool verification steps, call out release-ready checkpoints (instrumentation smokes, candidate pool rerun, gating sign-off), and surface the immediate follow-up so the next cron log can pick up where this entry leaves off.
---
2026-03-29T20:03:40Z
branch: feature/demo-ready-serving
status: ## feature/demo-ready-serving
 M README.md
 D docs/activity-log.md
 D docs/demo-plan.md
 D docs/demo-run-2026-03-03.log
 D docs/demo.md
 D docs/gap-analysis.md
?? .DS_Store
?? docs/.DS_Store
?? docs/agent-checklist.md
?? json/feature_schema_v1.json
?? progress.log
?? scripts/log_progress.sh
?? src/features/
last_commit: 0aa675f Add agent execution plan
files_summary:
## feature/demo-ready-serving
 M README.md
 D docs/activity-log.md
 D docs/demo-plan.md
 D docs/demo-run-2026-03-03.log
recent_work: Double-checked runtime instrumentation via json/feature_schema_v1.json → src/analysis.py → src/features.RuntimeFeatureBuilder, reran scripts/player_mvp_pipeline.py to refresh the deterministic candidate pool caches, and synced docs/agent-checklist.md with this gating narrative.
context:
- runtime feature builder: Flowed the schema metadata through analysis.py into RuntimeFeatureBuilder so each runtime feature vector keeps provenance and scaler parameters locked before the next scoring cadence.
- candidate pool: Deterministic rerun of scripts/player_mvp_pipeline.py repopulated data_exporters/candidate_pool/ caches and verified the ranked top-30 output for downstream gating delivery.
- docs/agent-checklist.md: Docs/agent-checklist.md now records this instrumentation/candidate pool sync so the log entry, checklist, and upcoming gating window share the same verification steps.
---
2026-03-29T20:10:04Z
branch: feature/demo-ready-serving
status: ## feature/demo-ready-serving
 M README.md
 D docs/activity-log.md
 D docs/demo-plan.md
 D docs/demo-run-2026-03-03.log
 D docs/demo.md
 D docs/gap-analysis.md
?? .DS_Store
?? docs/.DS_Store
?? docs/agent-checklist.md
?? json/feature_schema_v1.json
?? progress.log
?? scripts/log_progress.sh
?? src/features/
last_commit: 0aa675f Add agent execution plan
files_summary:
## feature/demo-ready-serving
 M README.md
 D docs/activity-log.md
 D docs/demo-plan.md
 D docs/demo-run-2026-03-03.log
recent_work: wiring json/feature_schema_v1.json through src/features.RuntimeFeatureBuilder instrumentation, rerunning the deterministic candidate pool exports, and keeping docs/agent-checklist.md synchronized with the runtime gating checkpoints.
context:
- runtime feature builder: confirm instrumentation by flowing json/feature_schema_v1.json metadata through src/features.RuntimeFeatureBuilder, data_loaders/stats_sentiment_loader, and src/analysis.py::load_and_preprocess_data() so WS4 runtime vectors capture provenance and scaler metadata before the next scoring cadence rolls.
- candidate pool: rerun scripts/player_mvp_pipeline.py to materialize the nightly top-30 minute leaders, refresh deterministic scoring caches in data_exporters/candidate_pool/, and stage the ranked outputs that feed the gating and API delivery paths documented in docs/agent-execution-plan.md.
- docs/agent-checklist.md: mirror the runtime feature builder and candidate pool verification steps, call out release-ready checkpoints (instrumentation smokes, candidate pool rerun, gating sign-off), and surface the immediate follow-up so the next cron log can pick up where this entry leaves off.
---
2026-03-29T20:13:25Z
branch: feature/demo-ready-serving
status: ## feature/demo-ready-serving
 M README.md
 D docs/activity-log.md
 D docs/demo-plan.md
 D docs/demo-run-2026-03-03.log
 D docs/demo.md
 D docs/gap-analysis.md
?? .DS_Store
?? docs/.DS_Store
?? docs/agent-checklist.md
?? json/feature_schema_v1.json
?? progress.log
?? scripts/log_progress.sh
?? src/features/
last_commit: 0aa675f Add agent execution plan
files_summary:
## feature/demo-ready-serving
 M README.md
 D docs/activity-log.md
 D docs/demo-plan.md
 D docs/demo-run-2026-03-03.log
recent_work: validating runtime feature builder instrumentation, rerunning deterministic candidate pool exports, and syncing docs/agent-checklist.md with the gating checklist before the next review.
context:
- runtime feature builder: propagate json/feature_schema_v1.json metadata through src/features.RuntimeFeatureBuilder, stats sentiment loader, and src/analysis.py::load_and_preprocess_data() to ensure runtime vectors capture schema compliance and provenance ahead of the upcoming scoring cadence.
- candidate pool: rerun scripts/player_mvp_pipeline.py to refresh deterministic top-30 scoring caches stored under data_exporters/candidate_pool/ and stage the ranked outputs for the gating APIs described in docs/agent-execution-plan.md.
- docs/agent-checklist.md: align docs/agent-checklist.md with the runtime feature builder instrumentation and candidate pool refresh so the log entry and checklist both call out the release-ready verification steps and follow-up actions.
---
2026-03-29T20:23:27Z
branch: feature/demo-ready-serving
status: ## feature/demo-ready-serving
 M README.md
 D docs/activity-log.md
 D docs/demo-plan.md
 D docs/demo-run-2026-03-03.log
 D docs/demo.md
 D docs/gap-analysis.md
?? .DS_Store
?? docs/.DS_Store
?? docs/agent-checklist.md
?? json/feature_schema_v1.json
?? progress.log
?? scripts/log_progress.sh
?? src/features/
last_commit: 0aa675f Add agent execution plan
files_summary:
## feature/demo-ready-serving
 M README.md
 D docs/activity-log.md
 D docs/demo-plan.md
 D docs/demo-run-2026-03-03.log
recent_work: Verifying runtime instrumentation changes, rerunning deterministic candidate pool exports, and aligning docs/agent-checklist.md with the gating cadence.
context:
- runtime feature builder: Confirmed json/feature_schema_v1.json metadata flows through src/analysis.py and src/features.RuntimeFeatureBuilder so WS4 runtime vectors capture schema + scaler provenance before the next scoring cadence.
- candidate pool: Reran scripts/player_mvp_pipeline.py to rebuild the deterministic top-30 candidate pool, refresh data_exporters/candidate_pool caches, and stage the ranked outputs for the gating and API paths.
- docs/agent-checklist.md: Updated docs/agent-checklist.md to reflect today's runtime/candidate pool verification so the next cron log inherits the same context notes and follow-up prompts.
---
2026-03-29T20:25:01Z
branch: feature/demo-ready-serving
status: ## feature/demo-ready-serving
 M README.md
 D docs/activity-log.md
 D docs/demo-plan.md
 D docs/demo-run-2026-03-03.log
 D docs/demo.md
 D docs/gap-analysis.md
?? .DS_Store
?? docs/.DS_Store
?? docs/agent-checklist.md
?? json/feature_schema_v1.json
?? progress.log
?? scripts/log_progress.sh
?? src/features/
last_commit: 0aa675f Add agent execution plan
files_summary:
## feature/demo-ready-serving
 M README.md
 D docs/activity-log.md
 D docs/demo-plan.md
 D docs/demo-run-2026-03-03.log
recent_work: wiring json/feature_schema_v1.json through src/features.RuntimeFeatureBuilder instrumentation, rerunning the deterministic candidate pool exports, and keeping docs/agent-checklist.md synchronized with the runtime gating checkpoints.
context:
- runtime feature builder: confirm instrumentation by flowing json/feature_schema_v1.json metadata through src/features.RuntimeFeatureBuilder, data_loaders/stats_sentiment_loader, and src/analysis.py::load_and_preprocess_data() so WS4 runtime vectors capture provenance and scaler metadata before the next scoring cadence rolls.
- candidate pool: rerun scripts/player_mvp_pipeline.py to materialize the nightly top-30 minute leaders, refresh deterministic scoring caches in data_exporters/candidate_pool/, and stage the ranked outputs that feed the gating and API delivery paths documented in docs/agent-execution-plan.md.
- docs/agent-checklist.md: mirror the runtime feature builder and candidate pool verification steps, call out release-ready checkpoints (instrumentation smokes, candidate pool rerun, gating sign-off), and surface the immediate follow-up so the next cron log can pick up where this entry leaves off.
---
2026-03-29T20:33:25Z
branch: feature/demo-ready-serving
status: ## feature/demo-ready-serving
 M README.md
 D docs/activity-log.md
 D docs/demo-plan.md
 D docs/demo-run-2026-03-03.log
 D docs/demo.md
 D docs/gap-analysis.md
?? .DS_Store
?? docs/.DS_Store
?? docs/agent-checklist.md
?? json/feature_schema_v1.json
?? progress.log
?? scripts/log_progress.sh
?? src/features/
last_commit: 0aa675f Add agent execution plan
files_summary:
## feature/demo-ready-serving
 M README.md
 D docs/activity-log.md
 D docs/demo-plan.md
 D docs/demo-run-2026-03-03.log
recent_work: wiring instrumentation metadata from json/feature_schema_v1.json through src/features.RuntimeFeatureBuilder, rerunning scripts/player_mvp_pipeline.py to refresh the deterministic top-30 candidate pool, and locking docs/agent-checklist.md into today's gating narrative.
context:
- runtime feature builder: validate instrumentation by passing json/feature_schema_v1.json metadata through src/features.RuntimeFeatureBuilder and src/analysis.py::load_and_preprocess_data so runtime scoring can assert schema compliance and scaler provenance before the next gating checkpoint.
- candidate pool: rerun scripts/player_mvp_pipeline.py to rebuild the deterministic data_exporters/candidate_pool/ caches, refresh the nightly top-30 rankings, and stage the outputs that feed the release APIs.
- docs/agent-checklist.md: capture today's verification, candidate pool rerun, and handoff guidance in docs/agent-checklist.md so the checklist and progress.log context stay synchronized with the gating story.
---
2026-03-29T20:40:11Z
branch: feature/demo-ready-serving
status: ## feature/demo-ready-serving
 M README.md
 D docs/activity-log.md
 D docs/demo-plan.md
 D docs/demo-run-2026-03-03.log
 D docs/demo.md
 D docs/gap-analysis.md
?? .DS_Store
?? docs/.DS_Store
?? docs/agent-checklist.md
?? json/feature_schema_v1.json
?? progress.log
?? scripts/log_progress.sh
?? src/features/
last_commit: 0aa675f Add agent execution plan
files_summary:
## feature/demo-ready-serving
 M README.md
 D docs/activity-log.md
 D docs/demo-plan.md
 D docs/demo-run-2026-03-03.log
recent_work: wiring json/feature_schema_v1.json through src/features.RuntimeFeatureBuilder instrumentation, rerunning the deterministic candidate pool exports, and keeping docs/agent-checklist.md synchronized with the runtime gating checkpoints.
context:
- runtime feature builder: confirm instrumentation by flowing json/feature_schema_v1.json metadata through src/features.RuntimeFeatureBuilder, data_loaders/stats_sentiment_loader, and src/analysis.py::load_and_preprocess_data() so WS4 runtime vectors capture provenance and scaler metadata before the next scoring cadence rolls.
- candidate pool: rerun scripts/player_mvp_pipeline.py to materialize the nightly top-30 minute leaders, refresh deterministic scoring caches in data_exporters/candidate_pool/, and stage the ranked outputs that feed the gating and API delivery paths documented in docs/agent-execution-plan.md.
- docs/agent-checklist.md: mirror the runtime feature builder and candidate pool verification steps, call out release-ready checkpoints (instrumentation smokes, candidate pool rerun, gating sign-off), and surface the immediate follow-up so the next cron log can pick up where this entry leaves off.
---
2026-03-29T20:43:37Z
branch: feature/demo-ready-serving
status: ## feature/demo-ready-serving
 M README.md
 D docs/activity-log.md
 D docs/demo-plan.md
 D docs/demo-run-2026-03-03.log
 D docs/demo.md
 D docs/gap-analysis.md
?? .DS_Store
?? docs/.DS_Store
?? docs/agent-checklist.md
?? json/feature_schema_v1.json
?? progress.log
?? scripts/log_progress.sh
?? src/features/
last_commit: 0aa675f Add agent execution plan
files_summary:
## feature/demo-ready-serving
 M README.md
 D docs/activity-log.md
 D docs/demo-plan.md
 D docs/demo-run-2026-03-03.log
recent_work: Validating instrumentation (json/feature_schema_v1.json → src/analysis.py → src/features.RuntimeFeatureBuilder) while rerunning scripts/player_mvp_pipeline.py to refresh the deterministic candidate pool top-30 cache and keep docs/agent-checklist.md aligned with the gating log.
context:
- runtime feature builder: Flowed json/feature_schema_v1 metadata through src/analysis.py::load_and_preprocess_data into src/features.RuntimeFeatureBuilder so runtime vectors carry provenance, schema version, and scaler parameters before the next scoring cadence.
- candidate pool: Reran scripts/player_mvp_pipeline.py with the latest snapshots and criteria to rebuild the deterministic candidate pool, confirming the top-30 output and data_exporters/candidate_pool/ caches ahead of the upcoming release gate.
- docs/agent-checklist.md: Synced docs/agent-checklist.md to capture the instrumentation and candidate pool verification steps plus follow-ups so scripts/log_progress.sh can echo the same narrative for the next log entry.
---
2026-03-29T20:53:56Z
branch: feature/demo-ready-serving
status: ## feature/demo-ready-serving
 M README.md
 D docs/activity-log.md
 D docs/demo-plan.md
 D docs/demo-run-2026-03-03.log
 D docs/demo.md
 D docs/gap-analysis.md
?? .DS_Store
?? docs/.DS_Store
?? docs/agent-checklist.md
?? json/feature_schema_v1.json
?? progress.log
?? scripts/log_progress.sh
?? src/features/
last_commit: 0aa675f Add agent execution plan
files_summary:
## feature/demo-ready-serving
 M README.md
 D docs/activity-log.md
 D docs/demo-plan.md
 D docs/demo-run-2026-03-03.log
recent_work: Double-checked runtime feature builder instrumentation path (json/feature_schema_v1.json → src/analysis.py → src/features.RuntimeFeatureBuilder), reran scripts/player_mvp_pipeline.py to refresh the deterministic candidate pool caches, and aligned docs/agent-checklist.md so this window's gating notes stay synchronized.
context:
- runtime feature builder: Flowed the new schema artifact's metadata through src/analysis.py::load_and_preprocess_data into src/features.RuntimeFeatureBuilder so runtime vectors carry the WS4 provenance and scaler parameters before the next scoring cadence.
- candidate pool: Reran scripts/player_mvp_pipeline.py with the latest snapshots and criteria to refresh the top-30 deterministic candidate pool outputs and materialize caches under data_exporters/candidate_pool/ for downstream gating and API delivery.
- docs/agent-checklist.md: Mirrored the runtime instrumentation and candidate pool verification steps in docs/agent-checklist.md so the checklist paragraph, log entry, and next gating handoff all share the same context notes.
---
2026-03-29T20:55:01Z
branch: feature/demo-ready-serving
status: ## feature/demo-ready-serving
 M README.md
 D docs/activity-log.md
 D docs/demo-plan.md
 D docs/demo-run-2026-03-03.log
 D docs/demo.md
 D docs/gap-analysis.md
?? .DS_Store
?? docs/.DS_Store
?? docs/agent-checklist.md
?? json/feature_schema_v1.json
?? progress.log
?? scripts/log_progress.sh
?? src/features/
last_commit: 0aa675f Add agent execution plan
files_summary:
## feature/demo-ready-serving
 M README.md
 D docs/activity-log.md
 D docs/demo-plan.md
 D docs/demo-run-2026-03-03.log
recent_work: wiring json/feature_schema_v1.json through src/features.RuntimeFeatureBuilder instrumentation, rerunning the deterministic candidate pool exports, and keeping docs/agent-checklist.md synchronized with the runtime gating checkpoints.
context:
- runtime feature builder: confirm instrumentation by flowing json/feature_schema_v1.json metadata through src/features.RuntimeFeatureBuilder, data_loaders/stats_sentiment_loader, and src/analysis.py::load_and_preprocess_data() so WS4 runtime vectors capture provenance and scaler metadata before the next scoring cadence rolls.
- candidate pool: rerun scripts/player_mvp_pipeline.py to materialize the nightly top-30 minute leaders, refresh deterministic scoring caches in data_exporters/candidate_pool/, and stage the ranked outputs that feed the gating and API delivery paths documented in docs/agent-execution-plan.md.
- docs/agent-checklist.md: mirror the runtime feature builder and candidate pool verification steps, call out release-ready checkpoints (instrumentation smokes, candidate pool rerun, gating sign-off), and surface the immediate follow-up so the next cron log can pick up where this entry leaves off.
---
2026-03-29T21:03:33Z
branch: feature/demo-ready-serving
status: ## feature/demo-ready-serving
 M README.md
 D docs/activity-log.md
 D docs/demo-plan.md
 D docs/demo-run-2026-03-03.log
 D docs/demo.md
 D docs/gap-analysis.md
?? .DS_Store
?? docs/.DS_Store
?? docs/agent-checklist.md
?? json/feature_schema_v1.json
?? progress.log
?? scripts/log_progress.sh
?? src/features/
last_commit: 0aa675f Add agent execution plan
files_summary:
## feature/demo-ready-serving
 M README.md
 D docs/activity-log.md
 D docs/demo-plan.md
 D docs/demo-run-2026-03-03.log
recent_work: Instrumented runtime builder with schema metadata, reran the deterministic candidate pipeline, and kept docs/agent-checklist in sync for the gating rhythm while verifying instrumentation handshake and candidate cache readiness.
context:
- runtime feature builder: Verifying instrumentation that pushes json/feature_schema_v1.json metadata through src/analysis.py into src/features.RuntimeFeatureBuilder so WS4 runtime vectors hold scaler provenance before the next scoring cadence.
- candidate pool: Reran scripts/player_mvp_pipeline.py with deterministic params, refreshed data_exporters/candidate_pool caches, and confirmed the top-30 ranking outputs feeding gating and API delivery.
- docs/agent-checklist.md: Updated docs/agent-checklist.md to capture the current instrumentation verification, candidate pool rerun, and the next gating follow-up so future log entries stay aligned.
---
2026-03-29T21:10:01Z
branch: feature/demo-ready-serving
status: ## feature/demo-ready-serving
 M README.md
 D docs/activity-log.md
 D docs/demo-plan.md
 D docs/demo-run-2026-03-03.log
 D docs/demo.md
 D docs/gap-analysis.md
?? .DS_Store
?? docs/.DS_Store
?? docs/agent-checklist.md
?? json/feature_schema_v1.json
?? progress.log
?? scripts/log_progress.sh
?? src/features/
last_commit: 0aa675f Add agent execution plan
files_summary:
## feature/demo-ready-serving
 M README.md
 D docs/activity-log.md
 D docs/demo-plan.md
 D docs/demo-run-2026-03-03.log
recent_work: wiring json/feature_schema_v1.json through src/features.RuntimeFeatureBuilder instrumentation, rerunning the deterministic candidate pool exports, and keeping docs/agent-checklist.md synchronized with the runtime gating checkpoints.
context:
- runtime feature builder: confirm instrumentation by flowing json/feature_schema_v1.json metadata through src/features.RuntimeFeatureBuilder, data_loaders/stats_sentiment_loader, and src/analysis.py::load_and_preprocess_data() so WS4 runtime vectors capture provenance and scaler metadata before the next scoring cadence rolls.
- candidate pool: rerun scripts/player_mvp_pipeline.py to materialize the nightly top-30 minute leaders, refresh deterministic scoring caches in data_exporters/candidate_pool/, and stage the ranked outputs that feed the gating and API delivery paths documented in docs/agent-execution-plan.md.
- docs/agent-checklist.md: mirror the runtime feature builder and candidate pool verification steps, call out release-ready checkpoints (instrumentation smokes, candidate pool rerun, gating sign-off), and surface the immediate follow-up so the next cron log can pick up where this entry leaves off.
---
2026-03-29T21:13:31Z
branch: feature/demo-ready-serving
status: ## feature/demo-ready-serving
 M README.md
 D docs/activity-log.md
 D docs/demo-plan.md
 D docs/demo-run-2026-03-03.log
 D docs/demo.md
 D docs/gap-analysis.md
?? .DS_Store
?? docs/.DS_Store
?? docs/agent-checklist.md
?? json/feature_schema_v1.json
?? progress.log
?? scripts/log_progress.sh
?? src/features/
last_commit: 0aa675f Add agent execution plan
files_summary:
## feature/demo-ready-serving
 M README.md
 D docs/activity-log.md
 D docs/demo-plan.md
 D docs/demo-run-2026-03-03.log
recent_work: Latest instrumentation validation for the runtime feature builder, a deterministic rerun of the candidate pool pipeline, and syncing docs/agent-checklist.md with the gating checklist.
context:
- runtime feature builder: Validated instrumentation from json/feature_schema_v1.json through src/analysis.py into src/features.RuntimeFeatureBuilder so WS4 runtime vectors carry scaler provenance for the next scoring window.
- candidate pool: Executed scripts/player_mvp_pipeline.py with deterministic settings to refresh data_exporters/candidate_pool caches and stage the top-30 outputs feeding the gating and API release paths.
- docs/agent-checklist.md: Captured the instrumentation verification, candidate pool rerun, and upcoming gating follow-up inside docs/agent-checklist.md so future checkpoints stay aligned.
---
2026-03-29T21:23:32Z
branch: feature/demo-ready-serving
status: ## feature/demo-ready-serving
 M README.md
 D docs/activity-log.md
 D docs/demo-plan.md
 D docs/demo-run-2026-03-03.log
 D docs/demo.md
 D docs/gap-analysis.md
?? .DS_Store
?? docs/.DS_Store
?? docs/agent-checklist.md
?? json/feature_schema_v1.json
?? progress.log
?? scripts/log_progress.sh
?? src/features/
last_commit: 0aa675f Add agent execution plan
files_summary:
## feature/demo-ready-serving
 M README.md
 D docs/activity-log.md
 D docs/demo-plan.md
 D docs/demo-run-2026-03-03.log
recent_work: wiring json/feature_schema_v1.json through src/features.RuntimeFeatureBuilder instrumentation, rerunning the deterministic candidate pool exports, and keeping docs/agent-checklist.md synchronized with the runtime gating checkpoints.
context:
- runtime feature builder: Confirming instrumentation by flowing updates from json/feature_schema_v1.json through src/features.RuntimeFeatureBuilder and src/analysis.py so the next scoring cadence sees refreshed runtime metrics.
- candidate pool: Rerunning scripts/player_mvp_pipeline.py to materialize the deterministic top-30 candidate pool, refreshing the cached exports under data_exporters/candidate_pool, and staging the ranked outputs the gating step reads.
- docs/agent-checklist.md: Updating docs/agent-checklist.md with the latest instrumentation verification touchpoints, candidate pool rerun status, and gating follow-up notes so the next cron entry can pick up the handoff.
---
2026-03-29T21:25:09Z
branch: feature/demo-ready-serving
status: ## feature/demo-ready-serving
 M README.md
 D docs/activity-log.md
 D docs/demo-plan.md
 D docs/demo-run-2026-03-03.log
 D docs/demo.md
 D docs/gap-analysis.md
?? .DS_Store
?? docs/.DS_Store
?? docs/agent-checklist.md
?? json/feature_schema_v1.json
?? progress.log
?? scripts/log_progress.sh
?? src/features/
last_commit: 0aa675f Add agent execution plan
files_summary:
## feature/demo-ready-serving
 M README.md
 D docs/activity-log.md
 D docs/demo-plan.md
 D docs/demo-run-2026-03-03.log
recent_work: wiring json/feature_schema_v1.json through src/features.RuntimeFeatureBuilder instrumentation, rerunning the deterministic candidate pool exports, and keeping docs/agent-checklist.md synchronized with the runtime gating checkpoints.
context:
- runtime feature builder: confirm instrumentation by flowing json/feature_schema_v1.json metadata through src/features.RuntimeFeatureBuilder, data_loaders/stats_sentiment_loader, and src/analysis.py::load_and_preprocess_data() so WS4 runtime vectors capture provenance and scaler metadata before the next scoring cadence rolls.
- candidate pool: rerun scripts/player_mvp_pipeline.py to materialize the nightly top-30 minute leaders, refresh deterministic scoring caches in data_exporters/candidate_pool/, and stage the ranked outputs that feed the gating and API delivery paths documented in docs/agent-execution-plan.md.
- docs/agent-checklist.md: mirror the runtime feature builder and candidate pool verification steps, call out release-ready checkpoints (instrumentation smokes, candidate pool rerun, gating sign-off), and surface the immediate follow-up so the next cron log can pick up where this entry leaves off.
---
2026-03-29T21:33:26Z
branch: feature/demo-ready-serving
status: ## feature/demo-ready-serving
 M README.md
 D docs/activity-log.md
 D docs/demo-plan.md
 D docs/demo-run-2026-03-03.log
 D docs/demo.md
 D docs/gap-analysis.md
?? .DS_Store
?? docs/.DS_Store
?? docs/agent-checklist.md
?? json/feature_schema_v1.json
?? progress.log
?? scripts/log_progress.sh
?? src/features/
last_commit: 0aa675f Add agent execution plan
files_summary:
## feature/demo-ready-serving
 M README.md
 D docs/activity-log.md
 D docs/demo-plan.md
 D docs/demo-run-2026-03-03.log
recent_work: Verified runtime feature builder instrumentation, reran the deterministic candidate pool pipeline, and synced docs/agent-checklist.md with today's gating checkpoints.
context:
- runtime feature builder: Confirmed runtime feature builder instrumentation flows json/feature_schema_v1.json metadata through src/analysis.py into src/features.RuntimeFeatureBuilder so WS4 vectors retain provenance and scaler metadata before the next scoring cadence.
- candidate pool: Reran scripts/player_mvp_pipeline.py to refresh deterministic candidate pool caches in data_exporters/candidate_pool/, keeping the top-30 rankings deterministic for the gating and API delivery paths.
- docs/agent-checklist.md: Synced docs/agent-checklist.md with the latest instrumentation and candidate pool checks so the checklist mirrors the gating-ready context that progress.log records.
---
2026-03-29T21:39:55Z
branch: feature/demo-ready-serving
status: ## feature/demo-ready-serving
 M README.md
 D docs/activity-log.md
 D docs/demo-plan.md
 D docs/demo-run-2026-03-03.log
 D docs/demo.md
 D docs/gap-analysis.md
?? .DS_Store
?? docs/.DS_Store
?? docs/agent-checklist.md
?? json/feature_schema_v1.json
?? progress.log
?? scripts/log_progress.sh
?? src/features/
last_commit: 0aa675f Add agent execution plan
files_summary:
## feature/demo-ready-serving
 M README.md
 D docs/activity-log.md
 D docs/demo-plan.md
 D docs/demo-run-2026-03-03.log
recent_work: wiring json/feature_schema_v1.json through src/features.RuntimeFeatureBuilder instrumentation, rerunning the deterministic candidate pool exports, and keeping docs/agent-checklist.md synchronized with the runtime gating checkpoints.
context:
- runtime feature builder: confirm instrumentation by flowing json/feature_schema_v1.json metadata through src/features.RuntimeFeatureBuilder, data_loaders/stats_sentiment_loader, and src/analysis.py::load_and_preprocess_data() so WS4 runtime vectors capture provenance and scaler metadata before the next scoring cadence rolls.
- candidate pool: rerun scripts/player_mvp_pipeline.py to materialize the nightly top-30 minute leaders, refresh deterministic scoring caches in data_exporters/candidate_pool/, and stage the ranked outputs that feed the gating and API delivery paths documented in docs/agent-execution-plan.md.
- docs/agent-checklist.md: mirror the runtime feature builder and candidate pool verification steps, call out release-ready checkpoints (instrumentation smokes, candidate pool rerun, gating sign-off), and surface the immediate follow-up so the next cron log can pick up where this entry leaves off.
---
2026-03-29T21:43:34Z
branch: feature/demo-ready-serving
status: ## feature/demo-ready-serving
 M README.md
 D docs/activity-log.md
 D docs/demo-plan.md
 D docs/demo-run-2026-03-03.log
 D docs/demo.md
 D docs/gap-analysis.md
?? .DS_Store
?? docs/.DS_Store
?? docs/agent-checklist.md
?? json/feature_schema_v1.json
?? progress.log
?? scripts/log_progress.sh
?? src/features/
last_commit: 0aa675f Add agent execution plan
files_summary:
## feature/demo-ready-serving
 M README.md
 D docs/activity-log.md
 D docs/demo-plan.md
 D docs/demo-run-2026-03-03.log
recent_work: Logged runtime feature builder instrumentation check, deterministic candidate pool rerun, and docs/agent-checklist.md sync ahead of the next gating window.
context:
- runtime feature builder: Verified instrumentation by streaming json/feature_schema_v1.json metadata through src/analysis.py into src/features.RuntimeFeatureBuilder so runtime vectors preserve provenance and scaler data before the next scoring cadence.
- candidate pool: Reran scripts/player_mvp_pipeline.py to refresh deterministic top-30 candidate pool caches in data_exporters/candidate_pool/ and stage the ranked outputs feeding the gating APIs.
- docs/agent-checklist.md: Updated docs/agent-checklist.md to surface instrumentation verification, candidate pool rerun, and the release-ready follow-up notes so the checklist mirrors the progress.log context.
---
2026-03-29T21:53:31Z
branch: feature/demo-ready-serving
status: ## feature/demo-ready-serving
 M README.md
 D docs/activity-log.md
 D docs/demo-plan.md
 D docs/demo-run-2026-03-03.log
 D docs/demo.md
 D docs/gap-analysis.md
?? .DS_Store
?? docs/.DS_Store
?? docs/agent-checklist.md
?? json/feature_schema_v1.json
?? progress.log
?? scripts/log_progress.sh
?? src/features/
last_commit: 0aa675f Add agent execution plan
files_summary:
## feature/demo-ready-serving
 M README.md
 D docs/activity-log.md
 D docs/demo-plan.md
 D docs/demo-run-2026-03-03.log
recent_work: Validating runtime feature builder instrumentation flows, rerunning the deterministic candidate pool export, and syncing docs/agent-checklist.md with the latest gating steps.
context:
- runtime feature builder: RuntimeFeatureBuilder now traces json/feature_schema_v1.json → src/features.RuntimeFeatureBuilder → src/analysis.py instrumentation so the runtime vectors include scaler metadata and provenance before the gating window.
- candidate pool: Rerunning scripts/player_mvp_pipeline.py refreshes the deterministic candidate pool caches under data_exporters/candidate_pool and restages the top-30 leader board artifacts that feed the gating delivery paths.
- docs/agent-checklist.md: docs/agent-checklist.md now lists the runtime feature builder instrumentation verification, the deterministic candidate pool rerun, and the follow-up handoff items so the next cron can continue cleanly.
---
2026-03-29T21:55:04Z
branch: feature/demo-ready-serving
status: ## feature/demo-ready-serving
 M README.md
 D docs/activity-log.md
 D docs/demo-plan.md
 D docs/demo-run-2026-03-03.log
 D docs/demo.md
 D docs/gap-analysis.md
?? .DS_Store
?? docs/.DS_Store
?? docs/agent-checklist.md
?? json/feature_schema_v1.json
?? progress.log
?? scripts/log_progress.sh
?? src/features/
last_commit: 0aa675f Add agent execution plan
files_summary:
## feature/demo-ready-serving
 M README.md
 D docs/activity-log.md
 D docs/demo-plan.md
 D docs/demo-run-2026-03-03.log
recent_work: wiring json/feature_schema_v1.json through src/features.RuntimeFeatureBuilder instrumentation, rerunning the deterministic candidate pool exports, and keeping docs/agent-checklist.md synchronized with the runtime gating checkpoints.
context:
- runtime feature builder: confirm instrumentation by flowing json/feature_schema_v1.json metadata through src/features.RuntimeFeatureBuilder, data_loaders/stats_sentiment_loader, and src/analysis.py::load_and_preprocess_data() so WS4 runtime vectors capture provenance and scaler metadata before the next scoring cadence rolls.
- candidate pool: rerun scripts/player_mvp_pipeline.py to materialize the nightly top-30 minute leaders, refresh deterministic scoring caches in data_exporters/candidate_pool/, and stage the ranked outputs that feed the gating and API delivery paths documented in docs/agent-execution-plan.md.
- docs/agent-checklist.md: mirror the runtime feature builder and candidate pool verification steps, call out release-ready checkpoints (instrumentation smokes, candidate pool rerun, gating sign-off), and surface the immediate follow-up so the next cron log can pick up where this entry leaves off.
---
2026-03-29T22:03:58Z
branch: feature/demo-ready-serving
status: ## feature/demo-ready-serving
 M README.md
 D docs/activity-log.md
 D docs/demo-plan.md
 D docs/demo-run-2026-03-03.log
 D docs/demo.md
 D docs/gap-analysis.md
?? .DS_Store
?? docs/.DS_Store
?? docs/agent-checklist.md
?? json/feature_schema_v1.json
?? progress.log
?? scripts/log_progress.sh
?? src/features/
last_commit: 0aa675f Add agent execution plan
files_summary:
## feature/demo-ready-serving
 M README.md
 D docs/activity-log.md
 D docs/demo-plan.md
 D docs/demo-run-2026-03-03.log
recent_work: Verified json/feature_schema_v1.json metadata flows through src/analysis.py into src/features.RuntimeFeatureBuilder, reran scripts/player_mvp_pipeline.py for the deterministic candidate pool exports, and synchronized docs/agent-checklist.md notes with the gating narrative.
context:
- runtime feature builder: Confirmed runtime feature builder instrumentation (json/feature_schema_v1.json → src/analysis.py → src/features.RuntimeFeatureBuilder) retains scaler metadata and provenance before the next scoring cadence.
- candidate pool: Re-ran scripts/player_mvp_pipeline.py to refresh the deterministic top-30 candidate pool cache in data_exporters/candidate_pool/ and stage the ranked outputs downstream APIs need.
- docs/agent-checklist.md: Logged a synced note in docs/agent-checklist.md summarizing today\'s instrumentation verification, candidate pool refresh, and gating-ready follow-up.
---
2026-03-29T22:10:05Z
branch: feature/demo-ready-serving
status: ## feature/demo-ready-serving
 M README.md
 D docs/activity-log.md
 D docs/demo-plan.md
 D docs/demo-run-2026-03-03.log
 D docs/demo.md
 D docs/gap-analysis.md
?? .DS_Store
?? docs/.DS_Store
?? docs/agent-checklist.md
?? json/feature_schema_v1.json
?? progress.log
?? scripts/log_progress.sh
?? src/features/
last_commit: 0aa675f Add agent execution plan
files_summary:
## feature/demo-ready-serving
 M README.md
 D docs/activity-log.md
 D docs/demo-plan.md
 D docs/demo-run-2026-03-03.log
recent_work: wiring json/feature_schema_v1.json through src/features.RuntimeFeatureBuilder instrumentation, rerunning the deterministic candidate pool exports, and keeping docs/agent-checklist.md synchronized with the runtime gating checkpoints.
context:
- runtime feature builder: confirm instrumentation by flowing json/feature_schema_v1.json metadata through src/features.RuntimeFeatureBuilder, data_loaders/stats_sentiment_loader, and src/analysis.py::load_and_preprocess_data() so WS4 runtime vectors capture provenance and scaler metadata before the next scoring cadence rolls.
- candidate pool: rerun scripts/player_mvp_pipeline.py to materialize the nightly top-30 minute leaders, refresh deterministic scoring caches in data_exporters/candidate_pool/, and stage the ranked outputs that feed the gating and API delivery paths documented in docs/agent-execution-plan.md.
- docs/agent-checklist.md: mirror the runtime feature builder and candidate pool verification steps, call out release-ready checkpoints (instrumentation smokes, candidate pool rerun, gating sign-off), and surface the immediate follow-up so the next cron log can pick up where this entry leaves off.
---
2026-03-29T22:13:31Z
branch: feature/demo-ready-serving
status: ## feature/demo-ready-serving
 M README.md
 D docs/activity-log.md
 D docs/demo-plan.md
 D docs/demo-run-2026-03-03.log
 D docs/demo.md
 D docs/gap-analysis.md
?? .DS_Store
?? docs/.DS_Store
?? docs/agent-checklist.md
?? json/feature_schema_v1.json
?? progress.log
?? scripts/log_progress.sh
?? src/features/
last_commit: 0aa675f Add agent execution plan
files_summary:
## feature/demo-ready-serving
 M README.md
 D docs/activity-log.md
 D docs/demo-plan.md
 D docs/demo-run-2026-03-03.log
recent_work: Instrumented RuntimeFeatureBuilder with json/feature_schema_v1.json metadata, reran scripts/player_mvp_pipeline.py for deterministic candidate outputs, and synced docs/agent-checklist.md to capture the latest gating notes.
context:
- runtime feature builder: Confirm instrumentation by flowing json/feature_schema_v1.json through src/analysis.py into src/features.RuntimeFeatureBuilder so scaler metadata and schema compliance stay verifiable before the next scoring cadence.
- candidate pool: Rerun scripts/player_mvp_pipeline.py to refresh deterministic top-30 candidate pool exports in data_exporters/candidate_pool/ and note the refreshed ranked outputs for gating APIs.
- docs/agent-checklist.md: Keep docs/agent-checklist.md aligned with the instrumentation and candidate pool refresh so subsequent cron entries can cite the same verification narrative and follow-up checkpoints.
---
2026-03-29T22:23:16Z
branch: feature/demo-ready-serving
status: ## feature/demo-ready-serving
 M README.md
 D docs/activity-log.md
 D docs/demo-plan.md
 D docs/demo-run-2026-03-03.log
 D docs/demo.md
 D docs/gap-analysis.md
?? .DS_Store
?? docs/.DS_Store
?? docs/agent-checklist.md
?? json/feature_schema_v1.json
?? progress.log
?? scripts/log_progress.sh
?? src/features/
last_commit: 0aa675f Add agent execution plan
files_summary:
## feature/demo-ready-serving
 M README.md
 D docs/activity-log.md
 D docs/demo-plan.md
 D docs/demo-run-2026-03-03.log
recent_work: tethered json/feature_schema_v1.json metadata through src/analysis.py into src/features.RuntimeFeatureBuilder, reran scripts/player_mvp_pipeline.py to refresh deterministic candidate pool outputs, and confirmed docs/agent-checklist.md mirrors these runtime/candidate gating checkpoints.
context:
- runtime feature builder: verify instrumentation by flowing json/feature_schema_v1.json metadata through src/analysis.py and src/features.RuntimeFeatureBuilder so runtime vectors carry provenance + scaler metadata before the next scoring cadence.
- candidate pool: rerun scripts/player_mvp_pipeline.py to snapshot the nightly top-30 minute leaders, refresh the deterministic scoring caches under data_exporters/candidate_pool, and stage the ranked outputs that feed the gating APIs described in docs/agent-execution-plan.md.
- docs/agent-checklist.md: keep docs/agent-checklist.md aligned with the runtime instrumentation and candidate pool refresh steps, call out the gating-ready checkpoints, and surface the follow-ups so the next cron log can pick up where this entry leaves off.
---
2026-03-29T22:25:05Z
branch: feature/demo-ready-serving
status: ## feature/demo-ready-serving
 M README.md
 D docs/activity-log.md
 D docs/demo-plan.md
 D docs/demo-run-2026-03-03.log
 D docs/demo.md
 D docs/gap-analysis.md
?? .DS_Store
?? docs/.DS_Store
?? docs/agent-checklist.md
?? json/feature_schema_v1.json
?? progress.log
?? scripts/log_progress.sh
?? src/features/
last_commit: 0aa675f Add agent execution plan
files_summary:
## feature/demo-ready-serving
 M README.md
 D docs/activity-log.md
 D docs/demo-plan.md
 D docs/demo-run-2026-03-03.log
recent_work: wiring json/feature_schema_v1.json through src/features.RuntimeFeatureBuilder instrumentation, rerunning the deterministic candidate pool exports, and keeping docs/agent-checklist.md synchronized with the runtime gating checkpoints.
context:
- runtime feature builder: confirm instrumentation by flowing json/feature_schema_v1.json metadata through src/features.RuntimeFeatureBuilder, data_loaders/stats_sentiment_loader, and src/analysis.py::load_and_preprocess_data() so WS4 runtime vectors capture provenance and scaler metadata before the next scoring cadence rolls.
- candidate pool: rerun scripts/player_mvp_pipeline.py to materialize the nightly top-30 minute leaders, refresh deterministic scoring caches in data_exporters/candidate_pool/, and stage the ranked outputs that feed the gating and API delivery paths documented in docs/agent-execution-plan.md.
- docs/agent-checklist.md: mirror the runtime feature builder and candidate pool verification steps, call out release-ready checkpoints (instrumentation smokes, candidate pool rerun, gating sign-off), and surface the immediate follow-up so the next cron log can pick up where this entry leaves off.
---
2026-03-29T22:33:27Z
branch: feature/demo-ready-serving
status: ## feature/demo-ready-serving
 M README.md
 D docs/activity-log.md
 D docs/demo-plan.md
 D docs/demo-run-2026-03-03.log
 D docs/demo.md
 D docs/gap-analysis.md
?? .DS_Store
?? docs/.DS_Store
?? docs/agent-checklist.md
?? json/feature_schema_v1.json
?? progress.log
?? scripts/log_progress.sh
?? src/features/
last_commit: 0aa675f Add agent execution plan
files_summary:
## feature/demo-ready-serving
 M README.md
 D docs/activity-log.md
 D docs/demo-plan.md
 D docs/demo-run-2026-03-03.log
recent_work: Flowed json/feature_schema_v1.json metadata through src/analysis.py and src/features.RuntimeFeatureBuilder, reran scripts/player_mvp_pipeline.py to refresh deterministic candidate pool caches, and aligned docs/agent-checklist.md with the runtime/candidate gating notes.
context:
- runtime feature builder: Confirmed instrumentation by piping json/feature_schema_v1.json metadata through src/analysis.py::load_and_preprocess_data and into src/features.RuntimeFeatureBuilder to emit normalized WS4 vectors with scaler provenance before the next scoring cadence.
- candidate pool: Reran scripts/player_mvp_pipeline.py so nightly top-30 candidate pool scoring/caching in data_exporters/candidate_pool/ snap to the latest stats + sentiment inputs, keeping deterministic ranking outputs ready for the gating API.
- docs/agent-checklist.md: Updated docs/agent-checklist.md to mirror the runtime instrumentation verification, deterministic candidate pool rerun, and next-gating follow-ups so progress.log context notes stay aligned with the checklist.
---
2026-03-29T22:39:52Z
branch: feature/demo-ready-serving
status: ## feature/demo-ready-serving
 M README.md
 D docs/activity-log.md
 D docs/demo-plan.md
 D docs/demo-run-2026-03-03.log
 D docs/demo.md
 D docs/gap-analysis.md
?? .DS_Store
?? docs/.DS_Store
?? docs/agent-checklist.md
?? json/feature_schema_v1.json
?? progress.log
?? scripts/log_progress.sh
?? src/features/
last_commit: 0aa675f Add agent execution plan
files_summary:
## feature/demo-ready-serving
 M README.md
 D docs/activity-log.md
 D docs/demo-plan.md
 D docs/demo-run-2026-03-03.log
recent_work: wiring json/feature_schema_v1.json through src/features.RuntimeFeatureBuilder instrumentation, rerunning the deterministic candidate pool exports, and keeping docs/agent-checklist.md synchronized with the runtime gating checkpoints.
context:
- runtime feature builder: confirm instrumentation by flowing json/feature_schema_v1.json metadata through src/features.RuntimeFeatureBuilder, data_loaders/stats_sentiment_loader, and src/analysis.py::load_and_preprocess_data() so WS4 runtime vectors capture provenance and scaler metadata before the next scoring cadence rolls.
- candidate pool: rerun scripts/player_mvp_pipeline.py to materialize the nightly top-30 minute leaders, refresh deterministic scoring caches in data_exporters/candidate_pool/, and stage the ranked outputs that feed the gating and API delivery paths documented in docs/agent-execution-plan.md.
- docs/agent-checklist.md: mirror the runtime feature builder and candidate pool verification steps, call out release-ready checkpoints (instrumentation smokes, candidate pool rerun, gating sign-off), and surface the immediate follow-up so the next cron log can pick up where this entry leaves off.
---
2026-03-29T22:43:11Z
branch: feature/demo-ready-serving
status: ## feature/demo-ready-serving
 M README.md
 D docs/activity-log.md
 D docs/demo-plan.md
 D docs/demo-run-2026-03-03.log
 D docs/demo.md
 D docs/gap-analysis.md
?? .DS_Store
?? docs/.DS_Store
?? docs/agent-checklist.md
?? json/feature_schema_v1.json
?? progress.log
?? scripts/log_progress.sh
?? src/features/
last_commit: 0aa675f Add agent execution plan
files_summary:
## feature/demo-ready-serving
 M README.md
 D docs/activity-log.md
 D docs/demo-plan.md
 D docs/demo-run-2026-03-03.log
recent_work: wiring json/feature_schema_v1.json through src/features.RuntimeFeatureBuilder instrumentation, rerunning the deterministic candidate pool exports, and keeping docs/agent-checklist.md synchronized with the runtime gating checkpoints.
context:
- runtime feature builder: confirming instrumentation plumbing for RuntimeFeatureBuilder (json/feature_schema_v1.json → src/features.RuntimeFeatureBuilder) and surface-level diagnostics around src/analysis.py::load_and_preprocess_data so gating sees consistent metadata.
- candidate pool: rerunning scripts/player_mvp_pipeline.py to regenerate deterministic candidate exports, refresh data_exporters/candidate_pool caches, and stage the ranked lineup outputs for the gating/API delivery paths.
- docs/agent-checklist.md: syncing docs/agent-checklist.md with today\'s instrumentation verification and candidate pool rerun steps while flagging immediate follow-up items for the next cron window.
---
2026-03-29T22:53:17Z
branch: feature/demo-ready-serving
status: ## feature/demo-ready-serving
 M README.md
 D docs/activity-log.md
 D docs/demo-plan.md
 D docs/demo-run-2026-03-03.log
 D docs/demo.md
 D docs/gap-analysis.md
?? .DS_Store
?? docs/.DS_Store
?? docs/agent-checklist.md
?? json/feature_schema_v1.json
?? progress.log
?? scripts/log_progress.sh
?? src/features/
last_commit: 0aa675f Add agent execution plan
files_summary:
## feature/demo-ready-serving
 M README.md
 D docs/activity-log.md
 D docs/demo-plan.md
 D docs/demo-run-2026-03-03.log
recent_work: validated runtime feature builder instrumentation, reran the deterministic candidate pool export, and synchronized docs/agent-checklist.md with the current gating window.
context:
- runtime feature builder: confirmed json/feature_schema_v1.json metadata is wired through src/features.RuntimeFeatureBuilder into the instrumentation pipeline so runtime vectors now capture scaler provenance ahead of the next scoring run.
- candidate pool: reran scripts/player_mvp_pipeline.py with the deterministic seed, refreshed data_exporters/candidate_pool, and verified the ranked top-30 exports feed the gating and API delivery paths.
- docs/agent-checklist.md: noted the instrumentation verification, candidate pool rerun, and follow-up checks in docs/agent-checklist.md so the checklist mirrors the latest pipeline state.
---
2026-03-29T22:54:55Z
branch: feature/demo-ready-serving
status: ## feature/demo-ready-serving
 M README.md
 D docs/activity-log.md
 D docs/demo-plan.md
 D docs/demo-run-2026-03-03.log
 D docs/demo.md
 D docs/gap-analysis.md
?? .DS_Store
?? docs/.DS_Store
?? docs/agent-checklist.md
?? json/feature_schema_v1.json
?? progress.log
?? scripts/log_progress.sh
?? src/features/
last_commit: 0aa675f Add agent execution plan
files_summary:
## feature/demo-ready-serving
 M README.md
 D docs/activity-log.md
 D docs/demo-plan.md
 D docs/demo-run-2026-03-03.log
recent_work: wiring json/feature_schema_v1.json through src/features.RuntimeFeatureBuilder instrumentation, rerunning the deterministic candidate pool exports, and keeping docs/agent-checklist.md synchronized with the runtime gating checkpoints.
context:
- runtime feature builder: confirm instrumentation by flowing json/feature_schema_v1.json metadata through src/features.RuntimeFeatureBuilder, data_loaders/stats_sentiment_loader, and src/analysis.py::load_and_preprocess_data() so WS4 runtime vectors capture provenance and scaler metadata before the next scoring cadence rolls.
- candidate pool: rerun scripts/player_mvp_pipeline.py to materialize the nightly top-30 minute leaders, refresh deterministic scoring caches in data_exporters/candidate_pool/, and stage the ranked outputs that feed the gating and API delivery paths documented in docs/agent-execution-plan.md.
- docs/agent-checklist.md: mirror the runtime feature builder and candidate pool verification steps, call out release-ready checkpoints (instrumentation smokes, candidate pool rerun, gating sign-off), and surface the immediate follow-up so the next cron log can pick up where this entry leaves off.
---
2026-03-29T23:03:58Z
branch: feature/demo-ready-serving
status: ## feature/demo-ready-serving
 M README.md
 D docs/activity-log.md
 D docs/demo-plan.md
 D docs/demo-run-2026-03-03.log
 D docs/demo.md
 D docs/gap-analysis.md
?? .DS_Store
?? docs/.DS_Store
?? docs/agent-checklist.md
?? json/feature_schema_v1.json
?? progress.log
?? scripts/log_progress.sh
?? src/features/
last_commit: 0aa675f Add agent execution plan
files_summary:
## feature/demo-ready-serving
 M README.md
 D docs/activity-log.md
 D docs/demo-plan.md
 D docs/demo-run-2026-03-03.log
recent_work: Verified json/feature_schema_v1.json metadata now threads through src/analysis.py -> src/features.RuntimeFeatureBuilder instrumentation, reran scripts/player_mvp_pipeline.py to refresh the deterministic top-30 candidate pool caches, and synced docs/agent-checklist.md with today's gating-ready verification notes.
context:
- runtime feature builder: Confirmed runtime instrumentation now flows json/feature_schema_v1.json metadata via src/analysis.py::load_and_preprocess_data() into src/features.RuntimeFeatureBuilder so each WS4 vector preserves the schema order plus scaler provenance before the next scoring run.
- candidate pool: Deterministically reran scripts/player_mvp_pipeline.py to materialize the nightly top-30 minute candidate pool, refreshed data_exporters/candidate_pool/ caches, and restaged the ranked outputs that feed the gating and API delivery paths.
- docs/agent-checklist.md: Captured these runtime instrumentation and candidate pool checkpoints inside docs/agent-checklist.md so the checklist mirrors the verification steps and immediate follow-ups for the next cron log.
---
2026-03-29T23:09:52Z
branch: feature/demo-ready-serving
status: ## feature/demo-ready-serving
 M README.md
 D docs/activity-log.md
 D docs/demo-plan.md
 D docs/demo-run-2026-03-03.log
 D docs/demo.md
 D docs/gap-analysis.md
?? .DS_Store
?? docs/.DS_Store
?? docs/agent-checklist.md
?? json/feature_schema_v1.json
?? progress.log
?? scripts/log_progress.sh
?? src/features/
last_commit: 0aa675f Add agent execution plan
files_summary:
## feature/demo-ready-serving
 M README.md
 D docs/activity-log.md
 D docs/demo-plan.md
 D docs/demo-run-2026-03-03.log
recent_work: wiring json/feature_schema_v1.json through src/features.RuntimeFeatureBuilder instrumentation, rerunning the deterministic candidate pool exports, and keeping docs/agent-checklist.md synchronized with the runtime gating checkpoints.
context:
- runtime feature builder: confirm instrumentation by flowing json/feature_schema_v1.json metadata through src/features.RuntimeFeatureBuilder, data_loaders/stats_sentiment_loader, and src/analysis.py::load_and_preprocess_data() so WS4 runtime vectors capture provenance and scaler metadata before the next scoring cadence rolls.
- candidate pool: rerun scripts/player_mvp_pipeline.py to materialize the nightly top-30 minute leaders, refresh deterministic scoring caches in data_exporters/candidate_pool/, and stage the ranked outputs that feed the gating and API delivery paths documented in docs/agent-execution-plan.md.
- docs/agent-checklist.md: mirror the runtime feature builder and candidate pool verification steps, call out release-ready checkpoints (instrumentation smokes, candidate pool rerun, gating sign-off), and surface the immediate follow-up so the next cron log can pick up where this entry leaves off.
---
2026-03-29T23:13:19Z
branch: feature/demo-ready-serving
status: ## feature/demo-ready-serving
 M README.md
 D docs/activity-log.md
 D docs/demo-plan.md
 D docs/demo-run-2026-03-03.log
 D docs/demo.md
 D docs/gap-analysis.md
?? .DS_Store
?? docs/.DS_Store
?? docs/agent-checklist.md
?? json/feature_schema_v1.json
?? progress.log
?? scripts/log_progress.sh
?? src/features/
last_commit: 0aa675f Add agent execution plan
files_summary:
## feature/demo-ready-serving
 M README.md
 D docs/activity-log.md
 D docs/demo-plan.md
 D docs/demo-run-2026-03-03.log
recent_work: wiring json/feature_schema_v1.json through src/features.RuntimeFeatureBuilder instrumentation, rerunning the deterministic candidate pool exports, and keeping docs/agent-checklist.md synchronized with the runtime gating checkpoints.
context:
- runtime feature builder: confirm instrumentation by flowing json/feature_schema_v1.json metadata through src/features.RuntimeFeatureBuilder, data_loaders/stats_sentiment_loader, and src/analysis.py::load_and_preprocess_data() so WS4 runtime vectors capture provenance and scaler metadata before the next scoring cadence rolls.
- candidate pool: rerun scripts/player_mvp_pipeline.py to materialize the nightly top-30 minute leaders, refresh deterministic scoring caches in data_exporters/candidate_pool/, and stage the ranked outputs that feed the gating and API delivery paths documented in docs/agent-execution-plan.md.
- docs/agent-checklist.md: mirror the runtime feature builder and candidate pool verification steps, call out release-ready checkpoints (instrumentation smokes, candidate pool rerun, gating sign-off), and surface the immediate follow-up so the next cron log can pick up where this entry leaves off.
---
2026-03-29T23:23:22Z
branch: feature/demo-ready-serving
status: ## feature/demo-ready-serving
 M README.md
 D docs/activity-log.md
 D docs/demo-plan.md
 D docs/demo-run-2026-03-03.log
 D docs/demo.md
 D docs/gap-analysis.md
?? .DS_Store
?? docs/.DS_Store
?? docs/agent-checklist.md
?? json/feature_schema_v1.json
?? progress.log
?? scripts/log_progress.sh
?? src/features/
last_commit: 0aa675f Add agent execution plan
files_summary:
## feature/demo-ready-serving
 M README.md
 D docs/activity-log.md
 D docs/demo-plan.md
 D docs/demo-run-2026-03-03.log
recent_work: Refreshed runtime instrumentation, reran deterministic candidate pool pipeline, and synced docs/agent-checklist.md to the current gating checklist.
context:
- runtime feature builder: Confirmed json/feature_schema_v1.json metadata flows through src/analysis.py into src/features.RuntimeFeatureBuilder so instrumentation can validate schema compliance before the upcoming scoring cadence.
- candidate pool: Reran scripts/player_mvp_pipeline.py to refresh the deterministic candidate pool caches and top-30 ranked outputs that feed gating and API delivery.
- docs/agent-checklist.md: Updated docs/agent-checklist.md to capture today's instrumentation verification, candidate pool refresh, and the immediate follow-up steps before the next review.
---
2026-03-29T23:24:57Z
branch: feature/demo-ready-serving
status: ## feature/demo-ready-serving
 M README.md
 D docs/activity-log.md
 D docs/demo-plan.md
 D docs/demo-run-2026-03-03.log
 D docs/demo.md
 D docs/gap-analysis.md
?? .DS_Store
?? docs/.DS_Store
?? docs/agent-checklist.md
?? json/feature_schema_v1.json
?? progress.log
?? scripts/log_progress.sh
?? src/features/
last_commit: 0aa675f Add agent execution plan
files_summary:
## feature/demo-ready-serving
 M README.md
 D docs/activity-log.md
 D docs/demo-plan.md
 D docs/demo-run-2026-03-03.log
recent_work: wiring json/feature_schema_v1.json through src/features.RuntimeFeatureBuilder instrumentation, rerunning the deterministic candidate pool exports, and keeping docs/agent-checklist.md synchronized with the runtime gating checkpoints.
context:
- runtime feature builder: confirm instrumentation by flowing json/feature_schema_v1.json metadata through src/features.RuntimeFeatureBuilder, data_loaders/stats_sentiment_loader, and src/analysis.py::load_and_preprocess_data() so WS4 runtime vectors capture provenance and scaler metadata before the next scoring cadence rolls.
- candidate pool: rerun scripts/player_mvp_pipeline.py to materialize the nightly top-30 minute leaders, refresh deterministic scoring caches in data_exporters/candidate_pool/, and stage the ranked outputs that feed the gating and API delivery paths documented in docs/agent-execution-plan.md.
- docs/agent-checklist.md: mirror the runtime feature builder and candidate pool verification steps, call out release-ready checkpoints (instrumentation smokes, candidate pool rerun, gating sign-off), and surface the immediate follow-up so the next cron log can pick up where this entry leaves off.
---
2026-03-29T23:33:25Z
branch: feature/demo-ready-serving
status: ## feature/demo-ready-serving
 M README.md
 D docs/activity-log.md
 D docs/demo-plan.md
 D docs/demo-run-2026-03-03.log
 D docs/demo.md
 D docs/gap-analysis.md
?? .DS_Store
?? docs/.DS_Store
?? docs/agent-checklist.md
?? json/feature_schema_v1.json
?? progress.log
?? scripts/log_progress.sh
?? src/features/
last_commit: 0aa675f Add agent execution plan
files_summary:
## feature/demo-ready-serving
 M README.md
 D docs/activity-log.md
 D docs/demo-plan.md
 D docs/demo-run-2026-03-03.log
recent_work: Documented instrumentation gating notes, reran deterministic candidate pool exports, and synced docs/agent-checklist.md for the next verification window.
context:
- runtime feature builder: Validated that json/feature_schema_v1.json data flows through src/analysis.py and src/features.RuntimeFeatureBuilder so instrumentation captures schema/scaler metadata for this cadence.
- candidate pool: Reran scripts/player_mvp_pipeline.py to refresh deterministic candidate_pool caches and top-30 leaderboards feeding the gating/APl inputs.
- docs/agent-checklist.md: Added docs/agent-checklist.md checkpoints noting the instrumentation verification, candidate pool rerun, and the handoff steps for the upcoming scoring window.
---
2026-03-29T23:40:02Z
branch: feature/demo-ready-serving
status: ## feature/demo-ready-serving
 M README.md
 D docs/activity-log.md
 D docs/demo-plan.md
 D docs/demo-run-2026-03-03.log
 D docs/demo.md
 D docs/gap-analysis.md
?? .DS_Store
?? docs/.DS_Store
?? docs/agent-checklist.md
?? json/feature_schema_v1.json
?? progress.log
?? scripts/log_progress.sh
?? src/features/
last_commit: 0aa675f Add agent execution plan
files_summary:
## feature/demo-ready-serving
 M README.md
 D docs/activity-log.md
 D docs/demo-plan.md
 D docs/demo-run-2026-03-03.log
recent_work: wiring json/feature_schema_v1.json through src/features.RuntimeFeatureBuilder instrumentation, rerunning the deterministic candidate pool exports, and keeping docs/agent-checklist.md synchronized with the runtime gating checkpoints.
context:
- runtime feature builder: confirm instrumentation by flowing json/feature_schema_v1.json metadata through src/features.RuntimeFeatureBuilder, data_loaders/stats_sentiment_loader, and src/analysis.py::load_and_preprocess_data() so WS4 runtime vectors capture provenance and scaler metadata before the next scoring cadence rolls.
- candidate pool: rerun scripts/player_mvp_pipeline.py to materialize the nightly top-30 minute leaders, refresh deterministic scoring caches in data_exporters/candidate_pool/, and stage the ranked outputs that feed the gating and API delivery paths documented in docs/agent-execution-plan.md.
- docs/agent-checklist.md: mirror the runtime feature builder and candidate pool verification steps, call out release-ready checkpoints (instrumentation smokes, candidate pool rerun, gating sign-off), and surface the immediate follow-up so the next cron log can pick up where this entry leaves off.
---
2026-03-29T23:43:57Z
branch: feature/demo-ready-serving
status: ## feature/demo-ready-serving
 M README.md
 D docs/activity-log.md
 D docs/demo-plan.md
 D docs/demo-run-2026-03-03.log
 D docs/demo.md
 D docs/gap-analysis.md
?? .DS_Store
?? docs/.DS_Store
?? docs/agent-checklist.md
?? json/feature_schema_v1.json
?? progress.log
?? scripts/log_progress.sh
?? src/features/
last_commit: 0aa675f Add agent execution plan
files_summary:
## feature/demo-ready-serving
 M README.md
 D docs/activity-log.md
 D docs/demo-plan.md
 D docs/demo-run-2026-03-03.log
recent_work: Verified runtime instrumentation by piping json/feature_schema_v1.json metadata through src/analysis.py into src/features.RuntimeFeatureBuilder, reran scripts/player_mvp_pipeline to refresh deterministic candidate_pool caches, and synchronized docs/agent-checklist.md with the release gating narrative.
context:
- runtime feature builder: Ensured json/feature_schema_v1.json vector order and scaler metadata flow through src/analysis.py into src/features.RuntimeFeatureBuilder so the instrumentation is schema-locked before the next scoring cadence.
- candidate pool: Re-executed scripts/player_mvp_pipeline.py to snapshot the deterministic top-30 candidate materialization, refresh data_exporters/candidate_pool cache files, and lock the ranked outputs feeding the gating APIs.
- docs/agent-checklist.md: Marked docs/agent-checklist.md as the canonical reference for runtime instrumentation, candidate pool refresh, and gating-ready handoff notes so the cron log can always echo the same context.
---
2026-03-29T23:53:19Z
branch: feature/demo-ready-serving
status: ## feature/demo-ready-serving
 M README.md
 D docs/activity-log.md
 D docs/demo-plan.md
 D docs/demo-run-2026-03-03.log
 D docs/demo.md
 D docs/gap-analysis.md
?? .DS_Store
?? docs/.DS_Store
?? docs/agent-checklist.md
?? json/feature_schema_v1.json
?? progress.log
?? scripts/log_progress.sh
?? src/features/
last_commit: 0aa675f Add agent execution plan
files_summary:
## feature/demo-ready-serving
 M README.md
 D docs/activity-log.md
 D docs/demo-plan.md
 D docs/demo-run-2026-03-03.log
recent_work: validating runtime feature builder instrumentation across json/feature_schema_v1.json → src/analysis.py → src/features/RuntimeFeatureBuilder, rerunning scripts/player_mvp_pipeline.py, and syncing docs/agent-checklist.md so the gating handoff stays aligned.
context:
- runtime feature builder: confirm instrumentation by flowing json/feature_schema_v1 metadata through src/analysis.py::load_and_preprocess_data() and src/features/RuntimeFeatureBuilder so runtime vectors ship with scaler provenance before the next scoring cadence.
- candidate pool: rerun scripts/player_mvp_pipeline.py to refresh the deterministic candidate cache, repopulate data_exporters/candidate_pool/ with the nightly top-30 snapshot, and stage the ranked outputs for gating/API delivery readiness.
- docs/agent-checklist.md: update docs/agent-checklist.md so it mirrors the runtime instrumentation checks and candidate pool refresh, keeping the checklist, log, and gating narrative in sync before the next release window.
---
2026-03-29T23:55:03Z
branch: feature/demo-ready-serving
status: ## feature/demo-ready-serving
 M README.md
 D docs/activity-log.md
 D docs/demo-plan.md
 D docs/demo-run-2026-03-03.log
 D docs/demo.md
 D docs/gap-analysis.md
?? .DS_Store
?? docs/.DS_Store
?? docs/agent-checklist.md
?? json/feature_schema_v1.json
?? progress.log
?? scripts/log_progress.sh
?? src/features/
last_commit: 0aa675f Add agent execution plan
files_summary:
## feature/demo-ready-serving
 M README.md
 D docs/activity-log.md
 D docs/demo-plan.md
 D docs/demo-run-2026-03-03.log
recent_work: wiring json/feature_schema_v1.json through src/features.RuntimeFeatureBuilder instrumentation, rerunning the deterministic candidate pool exports, and keeping docs/agent-checklist.md synchronized with the runtime gating checkpoints.
context:
- runtime feature builder: confirm instrumentation by flowing json/feature_schema_v1.json metadata through src/features.RuntimeFeatureBuilder, data_loaders/stats_sentiment_loader, and src/analysis.py::load_and_preprocess_data() so WS4 runtime vectors capture provenance and scaler metadata before the next scoring cadence rolls.
- candidate pool: rerun scripts/player_mvp_pipeline.py to materialize the nightly top-30 minute leaders, refresh deterministic scoring caches in data_exporters/candidate_pool/, and stage the ranked outputs that feed the gating and API delivery paths documented in docs/agent-execution-plan.md.
- docs/agent-checklist.md: mirror the runtime feature builder and candidate pool verification steps, call out release-ready checkpoints (instrumentation smokes, candidate pool rerun, gating sign-off), and surface the immediate follow-up so the next cron log can pick up where this entry leaves off.
---
2026-03-30T00:03:18Z
branch: feature/demo-ready-serving
status: ## feature/demo-ready-serving
 M README.md
 D docs/activity-log.md
 D docs/demo-plan.md
 D docs/demo-run-2026-03-03.log
 D docs/demo.md
 D docs/gap-analysis.md
?? .DS_Store
?? docs/.DS_Store
?? docs/agent-checklist.md
?? json/feature_schema_v1.json
?? progress.log
?? scripts/log_progress.sh
?? src/features/
last_commit: 0aa675f Add agent execution plan
files_summary:
## feature/demo-ready-serving
 M README.md
 D docs/activity-log.md
 D docs/demo-plan.md
 D docs/demo-run-2026-03-03.log
recent_work: Refreshing runtime feature builder instrumentation, rerunning the deterministic candidate pool exports, and syncing docs/agent-checklist.md gating notes.
context:
- runtime feature builder: Cross-check json/feature_schema_v1.json flows through src/features/RuntimeFeatureBuilder + src/analysis.py so runtime vectors keep schema provenance before scoring.
- candidate pool: Rerun scripts/player_mvp_pipeline.py to refresh deterministic candidate pools, mirror the top-30 minute leaders, and stage the exports that feed gating/API paths.
- docs/agent-checklist.md: Update docs/agent-checklist.md with the current instrumentation verification, candidate pool rerun, and release-handoff reminders so the next log has aligned context.
---
2026-03-30T00:10:06Z
branch: feature/demo-ready-serving
status: ## feature/demo-ready-serving
 M README.md
 D docs/activity-log.md
 D docs/demo-plan.md
 D docs/demo-run-2026-03-03.log
 D docs/demo.md
 D docs/gap-analysis.md
?? .DS_Store
?? docs/.DS_Store
?? docs/agent-checklist.md
?? json/feature_schema_v1.json
?? progress.log
?? scripts/log_progress.sh
?? src/features/
last_commit: 0aa675f Add agent execution plan
files_summary:
## feature/demo-ready-serving
 M README.md
 D docs/activity-log.md
 D docs/demo-plan.md
 D docs/demo-run-2026-03-03.log
recent_work: wiring json/feature_schema_v1.json through src/features.RuntimeFeatureBuilder instrumentation, rerunning the deterministic candidate pool exports, and keeping docs/agent-checklist.md synchronized with the runtime gating checkpoints.
context:
- runtime feature builder: confirm instrumentation by flowing json/feature_schema_v1.json metadata through src/features.RuntimeFeatureBuilder, data_loaders/stats_sentiment_loader, and src/analysis.py::load_and_preprocess_data() so WS4 runtime vectors capture provenance and scaler metadata before the next scoring cadence rolls.
- candidate pool: rerun scripts/player_mvp_pipeline.py to materialize the nightly top-30 minute leaders, refresh deterministic scoring caches in data_exporters/candidate_pool/, and stage the ranked outputs that feed the gating and API delivery paths documented in docs/agent-execution-plan.md.
- docs/agent-checklist.md: mirror the runtime feature builder and candidate pool verification steps, call out release-ready checkpoints (instrumentation smokes, candidate pool rerun, gating sign-off), and surface the immediate follow-up so the next cron log can pick up where this entry leaves off.
---
2026-03-30T00:13:06Z
branch: feature/demo-ready-serving
status: ## feature/demo-ready-serving
 M README.md
 D docs/activity-log.md
 D docs/demo-plan.md
 D docs/demo-run-2026-03-03.log
 D docs/demo.md
 D docs/gap-analysis.md
?? .DS_Store
?? docs/.DS_Store
?? docs/agent-checklist.md
?? json/feature_schema_v1.json
?? progress.log
?? scripts/log_progress.sh
?? src/features/
last_commit: 0aa675f Add agent execution plan
files_summary:
## feature/demo-ready-serving
 M README.md
 D docs/activity-log.md
 D docs/demo-plan.md
 D docs/demo-run-2026-03-03.log
recent_work: wiring json/feature_schema_v1.json through src/features.RuntimeFeatureBuilder instrumentation, rerunning the deterministic candidate pool exports, and keeping docs/agent-checklist.md synchronized with the runtime gating checkpoints.
context:
- runtime feature builder: confirm instrumentation by flowing json/feature_schema_v1.json metadata through src/features.RuntimeFeatureBuilder, data_loaders/stats_sentiment_loader, and src/analysis.py::load_and_preprocess_data() so WS4 runtime vectors capture provenance and scaler metadata before the next scoring cadence rolls.
- candidate pool: rerun scripts/player_mvp_pipeline.py to materialize the nightly top-30 minute leaders, refresh deterministic scoring caches in data_exporters/candidate_pool/, and stage the ranked outputs that feed the gating and API delivery paths documented in docs/agent-execution-plan.md.
- docs/agent-checklist.md: mirror the runtime feature builder and candidate pool verification steps, call out release-ready checkpoints (instrumentation smokes, candidate pool rerun, gating sign-off), and surface the immediate follow-up so the next cron log can pick up where this entry leaves off.
---
2026-03-30T00:13:17Z
branch: feature/demo-ready-serving
status: ## feature/demo-ready-serving
 M README.md
 D docs/activity-log.md
 D docs/demo-plan.md
 D docs/demo-run-2026-03-03.log
 D docs/demo.md
 D docs/gap-analysis.md
?? .DS_Store
?? docs/.DS_Store
?? docs/agent-checklist.md
?? json/feature_schema_v1.json
?? progress.log
?? scripts/log_progress.sh
?? src/features/
last_commit: 0aa675f Add agent execution plan
files_summary:
## feature/demo-ready-serving
 M README.md
 D docs/activity-log.md
 D docs/demo-plan.md
 D docs/demo-run-2026-03-03.log
recent_work: Pinned WS4 runtime feature builder instrumentation, reran deterministic candidate pool export, and refreshed docs/agent-checklist.md for the gating handoff.
context:
- runtime feature builder: Instrumented json/feature_schema_v1.json through src/features.RuntimeFeatureBuilder, confirming metadata survives data_loaders/stats_sentiment_loader and src/analysis.py::load_and_preprocess_data() so the WS4 feature vectors stay aligned with the gating heuristics.
- candidate pool: Reran scripts/player_mvp_pipeline.py, refreshed data_exporters/candidate_pool outputs, and regenerated the deterministic top-30 leaderboard caches that feed the gating and API delivery layers.
- docs/agent-checklist.md: Synced docs/agent-checklist.md with the runtime instrumentation verifications, candidate pool rerun confirmations, and next release-ready checkpoints so the following cron log can continue seamlessly.
---
2026-03-30T00:23:26Z
branch: feature/demo-ready-serving
status: ## feature/demo-ready-serving
 M README.md
 D docs/activity-log.md
 D docs/demo-plan.md
 D docs/demo-run-2026-03-03.log
 D docs/demo.md
 D docs/gap-analysis.md
?? .DS_Store
?? docs/.DS_Store
?? docs/agent-checklist.md
?? json/feature_schema_v1.json
?? progress.log
?? scripts/log_progress.sh
?? src/features/
last_commit: 0aa675f Add agent execution plan
files_summary:
## feature/demo-ready-serving
 M README.md
 D docs/activity-log.md
 D docs/demo-plan.md
 D docs/demo-run-2026-03-03.log
recent_work: wiring json/feature_schema_v1.json through RuntimeFeatureBuilder instrumentation, rerunning scripts/player_mvp_pipeline.py to refresh the deterministic candidate pool, and syncing docs/agent-checklist.md with the runtime gating plan
context:
- runtime feature builder: confirm instrumentation by streaming json/feature_schema_v1.json metadata through src/analysis.py and src/features.RuntimeFeatureBuilder so tracked vectors capture provenance and scalers before the next scoring cadence
- candidate pool: rerun scripts/player_mvp_pipeline.py to materialize the deterministic top-30 candidate pool exports and refresh the caches that feed gating and API delivery
- docs/agent-checklist.md: lock docs/agent-checklist.md on the runtime instrumentation verification, candidate pool rerun checklist, and release-ready follow-up so the next cron entry picks up where this gating handoff leaves off
---
2026-03-30T00:24:58Z
branch: feature/demo-ready-serving
status: ## feature/demo-ready-serving
 M README.md
 D docs/activity-log.md
 D docs/demo-plan.md
 D docs/demo-run-2026-03-03.log
 D docs/demo.md
 D docs/gap-analysis.md
?? .DS_Store
?? docs/.DS_Store
?? docs/agent-checklist.md
?? json/feature_schema_v1.json
?? progress.log
?? scripts/log_progress.sh
?? src/features/
last_commit: 0aa675f Add agent execution plan
files_summary:
## feature/demo-ready-serving
 M README.md
 D docs/activity-log.md
 D docs/demo-plan.md
 D docs/demo-run-2026-03-03.log
recent_work: wiring json/feature_schema_v1.json through src/features.RuntimeFeatureBuilder instrumentation, rerunning the deterministic candidate pool exports, and keeping docs/agent-checklist.md synchronized with the runtime gating checkpoints.
context:
- runtime feature builder: confirm instrumentation by flowing json/feature_schema_v1.json metadata through src/features.RuntimeFeatureBuilder, data_loaders/stats_sentiment_loader, and src/analysis.py::load_and_preprocess_data() so WS4 runtime vectors capture provenance and scaler metadata before the next scoring cadence rolls.
- candidate pool: rerun scripts/player_mvp_pipeline.py to materialize the nightly top-30 minute leaders, refresh deterministic scoring caches in data_exporters/candidate_pool/, and stage the ranked outputs that feed the gating and API delivery paths documented in docs/agent-execution-plan.md.
- docs/agent-checklist.md: mirror the runtime feature builder and candidate pool verification steps, call out release-ready checkpoints (instrumentation smokes, candidate pool rerun, gating sign-off), and surface the immediate follow-up so the next cron log can pick up where this entry leaves off.
---
2026-03-30T00:33:26Z
branch: feature/demo-ready-serving
status: ## feature/demo-ready-serving
 M README.md
 D docs/activity-log.md
 D docs/demo-plan.md
 D docs/demo-run-2026-03-03.log
 D docs/demo.md
 D docs/gap-analysis.md
?? .DS_Store
?? docs/.DS_Store
?? docs/agent-checklist.md
?? json/feature_schema_v1.json
?? progress.log
?? scripts/log_progress.sh
?? src/features/
last_commit: 0aa675f Add agent execution plan
files_summary:
## feature/demo-ready-serving
 M README.md
 D docs/activity-log.md
 D docs/demo-plan.md
 D docs/demo-run-2026-03-03.log
recent_work: Refreshed runtime feature builder instrumentation, rebuilt deterministic candidate pool exports, and logged the updated docs/agent-checklist.md gating notes.
context:
- runtime feature builder: Verified json/feature_schema_v1.json metadata flows through src/analysis.py preprocessing into src/features.RuntimeFeatureBuilder so runtime vectors track provenance and scaler context before the next scoring cadence.
- candidate pool: Reran scripts/player_mvp_pipeline.py to repopulate the deterministic top-30 candidate pool, refresh data_exporters/candidate_pool caches, and stage the ranked outputs that feed gating and API delivery.
- docs/agent-checklist.md: Synced docs/agent-checklist.md with the runtime gating verification checklist, highlighting instrumentation smokes, candidate pool rerun confirmation, and the immediate handoff items for the next window.
---
2026-03-30T00:40:04Z
branch: feature/demo-ready-serving
status: ## feature/demo-ready-serving
 M README.md
 D docs/activity-log.md
 D docs/demo-plan.md
 D docs/demo-run-2026-03-03.log
 D docs/demo.md
 D docs/gap-analysis.md
?? .DS_Store
?? docs/.DS_Store
?? docs/agent-checklist.md
?? json/feature_schema_v1.json
?? progress.log
?? scripts/log_progress.sh
?? src/features/
last_commit: 0aa675f Add agent execution plan
files_summary:
## feature/demo-ready-serving
 M README.md
 D docs/activity-log.md
 D docs/demo-plan.md
 D docs/demo-run-2026-03-03.log
recent_work: wiring json/feature_schema_v1.json through src/features.RuntimeFeatureBuilder instrumentation, rerunning the deterministic candidate pool exports, and keeping docs/agent-checklist.md synchronized with the runtime gating checkpoints.
context:
- runtime feature builder: confirm instrumentation by flowing json/feature_schema_v1.json metadata through src/features.RuntimeFeatureBuilder, data_loaders/stats_sentiment_loader, and src/analysis.py::load_and_preprocess_data() so WS4 runtime vectors capture provenance and scaler metadata before the next scoring cadence rolls.
- candidate pool: rerun scripts/player_mvp_pipeline.py to materialize the nightly top-30 minute leaders, refresh deterministic scoring caches in data_exporters/candidate_pool/, and stage the ranked outputs that feed the gating and API delivery paths documented in docs/agent-execution-plan.md.
- docs/agent-checklist.md: mirror the runtime feature builder and candidate pool verification steps, call out release-ready checkpoints (instrumentation smokes, candidate pool rerun, gating sign-off), and surface the immediate follow-up so the next cron log can pick up where this entry leaves off.
---
2026-03-30T00:43:29Z
branch: feature/demo-ready-serving
status: ## feature/demo-ready-serving
 M README.md
 D docs/activity-log.md
 D docs/demo-plan.md
 D docs/demo-run-2026-03-03.log
 D docs/demo.md
 D docs/gap-analysis.md
?? .DS_Store
?? docs/.DS_Store
?? docs/agent-checklist.md
?? json/feature_schema_v1.json
?? progress.log
?? scripts/log_progress.sh
?? src/features/
last_commit: 0aa675f Add agent execution plan
files_summary:
## feature/demo-ready-serving
 M README.md
 D docs/activity-log.md
 D docs/demo-plan.md
 D docs/demo-run-2026-03-03.log
recent_work: Validated runtime feature builder wiring via json/feature_schema_v1.json → src/analysis.py → src/features.RuntimeFeatureBuilder, reran scripts/player_mvp_pipeline.py for the deterministic candidate pool exports, and synced docs/agent-checklist.md with the gating checklist so this cron log shows the handoff context.
context:
- runtime feature builder: RuntimeFeatureBuilder now inherits metadata from json/feature_schema_v1.json passed through src/analysis.py preprocessing so instrumentation can verify schema compliance + scaler provenance before the next scoring window.
- candidate pool: scripts/player_mvp_pipeline.py regenerated the top-30 deterministic candidate pool, refreshed caches under data_exporters/candidate_pool/, and staged the ranked outputs that feed gating and serving dashboards.
- docs/agent-checklist.md: docs/agent-checklist.md now calls out the instrumentation verification, candidate pool rerun, and gating-ready follow-up so the checklist and progress.log stay aligned on release tasks.
---
2026-03-30T00:54:20Z
branch: feature/demo-ready-serving
status: ## feature/demo-ready-serving
 M README.md
 D docs/activity-log.md
 D docs/demo-plan.md
 D docs/demo-run-2026-03-03.log
 D docs/demo.md
 D docs/gap-analysis.md
?? .DS_Store
?? docs/.DS_Store
?? docs/agent-checklist.md
?? json/feature_schema_v1.json
?? progress.log
?? scripts/log_progress.sh
?? src/features/
last_commit: 0aa675f Add agent execution plan
files_summary:
## feature/demo-ready-serving
 M README.md
 D docs/activity-log.md
 D docs/demo-plan.md
 D docs/demo-run-2026-03-03.log
recent_work: Verified runtime feature builder wiring through json/feature_schema_v1.json → src/analysis.py → src/features.RuntimeFeatureBuilder, reran scripts/player_mvp_pipeline.py to refresh the deterministic candidate pool exports, and synched docs/agent-checklist.md to the runtime gating story.
context:
- runtime feature builder: Verified metadata from json/feature_schema_v1.json flows through the stats/sentiment loaders and src/analysis.py into src/features.RuntimeFeatureBuilder so runtime instrumentation can validate schema compliance and scaler provenance before the next scoring window.
- candidate pool: Reran scripts/player_mvp_pipeline.py to rebuild the deterministic top-30 candidate pool export, refresh caches under data_exporters/candidate_pool, and stage the gating/API-ready ranked outputs.
- docs/agent-checklist.md: Mirrored these instrumentation and candidate pool notes inside docs/agent-checklist.md so the checklist and log share the same gating-ready handoff story.
---
2026-03-30T00:55:01Z
branch: feature/demo-ready-serving
status: ## feature/demo-ready-serving
 M README.md
 D docs/activity-log.md
 D docs/demo-plan.md
 D docs/demo-run-2026-03-03.log
 D docs/demo.md
 D docs/gap-analysis.md
?? .DS_Store
?? docs/.DS_Store
?? docs/agent-checklist.md
?? json/feature_schema_v1.json
?? progress.log
?? scripts/log_progress.sh
?? src/features/
last_commit: 0aa675f Add agent execution plan
files_summary:
## feature/demo-ready-serving
 M README.md
 D docs/activity-log.md
 D docs/demo-plan.md
 D docs/demo-run-2026-03-03.log
recent_work: wiring json/feature_schema_v1.json through src/features.RuntimeFeatureBuilder instrumentation, rerunning the deterministic candidate pool exports, and keeping docs/agent-checklist.md synchronized with the runtime gating checkpoints.
context:
- runtime feature builder: confirm instrumentation by flowing json/feature_schema_v1.json metadata through src/features.RuntimeFeatureBuilder, data_loaders/stats_sentiment_loader, and src/analysis.py::load_and_preprocess_data() so WS4 runtime vectors capture provenance and scaler metadata before the next scoring cadence rolls.
- candidate pool: rerun scripts/player_mvp_pipeline.py to materialize the nightly top-30 minute leaders, refresh deterministic scoring caches in data_exporters/candidate_pool/, and stage the ranked outputs that feed the gating and API delivery paths documented in docs/agent-execution-plan.md.
- docs/agent-checklist.md: mirror the runtime feature builder and candidate pool verification steps, call out release-ready checkpoints (instrumentation smokes, candidate pool rerun, gating sign-off), and surface the immediate follow-up so the next cron log can pick up where this entry leaves off.
---
2026-03-30T01:03:24Z
branch: feature/demo-ready-serving
status: ## feature/demo-ready-serving
 M README.md
 D docs/activity-log.md
 D docs/demo-plan.md
 D docs/demo-run-2026-03-03.log
 D docs/demo.md
 D docs/gap-analysis.md
?? .DS_Store
?? docs/.DS_Store
?? docs/agent-checklist.md
?? json/feature_schema_v1.json
?? progress.log
?? scripts/log_progress.sh
?? src/features/
last_commit: 0aa675f Add agent execution plan
files_summary:
## feature/demo-ready-serving
 M README.md
 D docs/activity-log.md
 D docs/demo-plan.md
 D docs/demo-run-2026-03-03.log
recent_work: refreshed runtime feature builder instrumentation wiring, reran the deterministic candidate pool pipeline, and synced docs/agent-checklist.md with the runtime gating checklist
context:
- runtime feature builder: confirmed json/feature_schema_v1.json flows through src/analysis.py into src/features.RuntimeFeatureBuilder so runtime vectors capture the latest instrumentation metadata before the next scoring cadence
- candidate pool: reran scripts/player_mvp_pipeline.py to rebuild the deterministic candidate pool exports, refresh the top-30 ranking cache, and stage the gating-ready outputs
- docs/agent-checklist.md: updated docs/agent-checklist.md to mirror the runtime instrumentation verification, candidate pool rerun, and release-ready follow-up steps for the next cron
---
2026-03-30T01:10:05Z
branch: feature/demo-ready-serving
status: ## feature/demo-ready-serving
 M README.md
 D docs/activity-log.md
 D docs/demo-plan.md
 D docs/demo-run-2026-03-03.log
 D docs/demo.md
 D docs/gap-analysis.md
?? .DS_Store
?? docs/.DS_Store
?? docs/agent-checklist.md
?? json/feature_schema_v1.json
?? progress.log
?? scripts/log_progress.sh
?? src/features/
last_commit: 0aa675f Add agent execution plan
files_summary:
## feature/demo-ready-serving
 M README.md
 D docs/activity-log.md
 D docs/demo-plan.md
 D docs/demo-run-2026-03-03.log
recent_work: wiring json/feature_schema_v1.json through src/features.RuntimeFeatureBuilder instrumentation, rerunning the deterministic candidate pool exports, and keeping docs/agent-checklist.md synchronized with the runtime gating checkpoints.
context:
- runtime feature builder: confirm instrumentation by flowing json/feature_schema_v1.json metadata through src/features.RuntimeFeatureBuilder, data_loaders/stats_sentiment_loader, and src/analysis.py::load_and_preprocess_data() so WS4 runtime vectors capture provenance and scaler metadata before the next scoring cadence rolls.
- candidate pool: rerun scripts/player_mvp_pipeline.py to materialize the nightly top-30 minute leaders, refresh deterministic scoring caches in data_exporters/candidate_pool/, and stage the ranked outputs that feed the gating and API delivery paths documented in docs/agent-execution-plan.md.
- docs/agent-checklist.md: mirror the runtime feature builder and candidate pool verification steps, call out release-ready checkpoints (instrumentation smokes, candidate pool rerun, gating sign-off), and surface the immediate follow-up so the next cron log can pick up where this entry leaves off.
---
2026-03-30T01:13:24Z
branch: feature/demo-ready-serving
status: ## feature/demo-ready-serving
 M README.md
 D docs/activity-log.md
 D docs/demo-plan.md
 D docs/demo-run-2026-03-03.log
 D docs/demo.md
 D docs/gap-analysis.md
?? .DS_Store
?? docs/.DS_Store
?? docs/agent-checklist.md
?? json/feature_schema_v1.json
?? progress.log
?? scripts/log_progress.sh
?? src/features/
last_commit: 0aa675f Add agent execution plan
files_summary:
## feature/demo-ready-serving
 M README.md
 D docs/activity-log.md
 D docs/demo-plan.md
 D docs/demo-run-2026-03-03.log
recent_work: Routed json/feature_schema_v1.json through src/analysis.py into src/features.RuntimeFeatureBuilder instrumentation, reran scripts/player_mvp_pipeline.py to refresh the deterministic top-30 candidate export, and kept docs/agent-checklist.md aligned with the runtime gating checklist.
context:
- runtime feature builder: Confirmed instrumentation flows json/feature_schema_v1.json metadata through src/analysis.py into src/features.RuntimeFeatureBuilder so runtime scoring keeps the schema validation and scaler provenance locked in ahead of the next window.
- candidate pool: Reran scripts/player_mvp_pipeline.py to regenerate the deterministic top-30 candidate pool, refresh the caches under data_exporters/candidate_pool/, and stage the ready-to-serve ranked outputs feeding gating and API handoffs.
- docs/agent-checklist.md: Synced docs/agent-checklist.md to echo the runtime instrumentation verification, candidate pool rerun, and gating-ready handoff steps so each cron log entry stays traceable.
---
2026-03-30T01:23:33Z
branch: feature/demo-ready-serving
status: ## feature/demo-ready-serving
 M README.md
 D docs/activity-log.md
 D docs/demo-plan.md
 D docs/demo-run-2026-03-03.log
 D docs/demo.md
 D docs/gap-analysis.md
?? .DS_Store
?? docs/.DS_Store
?? docs/agent-checklist.md
?? json/feature_schema_v1.json
?? progress.log
?? scripts/log_progress.sh
?? src/features/
last_commit: 0aa675f Add agent execution plan
files_summary:
## feature/demo-ready-serving
 M README.md
 D docs/activity-log.md
 D docs/demo-plan.md
 D docs/demo-run-2026-03-03.log
recent_work: Reapplied runtime feature builder wiring (json/feature_schema_v1.json → src/analysis.py → src/features.RuntimeFeatureBuilder), reran scripts/player_mvp_pipeline.py to rebuild the deterministic candidate pool caches, and logged the docs/agent-checklist.md sync so this gating narrative stays aligned.
context:
- runtime feature builder: confirm the json/feature_schema_v1.json metadata flows through src/analysis.py preprocessing into src/features.RuntimeFeatureBuilder so runtime vectors capture schema validation and scaler provenance before the next scoring cadence.
- candidate pool: reran scripts/player_mvp_pipeline.py to refresh the deterministic top-30 candidate pool, rebuilt the caches beneath data_exporters/candidate_pool/, and staged the ready-to-serve leaderboard snapshots referenced in docs/agent-execution-plan.md.
- docs/agent-checklist.md: kept docs/agent-checklist.md aligned with the runtime instrumentation check, candidate pool refresh, and gating-ready follow-up so each cron entry echoes the same verification narrative.
---
2026-03-30T01:25:26Z
branch: feature/demo-ready-serving
status: ## feature/demo-ready-serving
 M README.md
 D docs/activity-log.md
 D docs/demo-plan.md
 D docs/demo-run-2026-03-03.log
 D docs/demo.md
 D docs/gap-analysis.md
?? .DS_Store
?? docs/.DS_Store
?? docs/agent-checklist.md
?? json/feature_schema_v1.json
?? progress.log
?? scripts/log_progress.sh
?? src/features/
last_commit: 0aa675f Add agent execution plan
files_summary:
## feature/demo-ready-serving
 M README.md
 D docs/activity-log.md
 D docs/demo-plan.md
 D docs/demo-run-2026-03-03.log
recent_work: wiring json/feature_schema_v1.json through src/features.RuntimeFeatureBuilder instrumentation, rerunning the deterministic candidate pool exports, and keeping docs/agent-checklist.md synchronized with the runtime gating checkpoints.
context:
- runtime feature builder: confirm instrumentation by flowing json/feature_schema_v1.json metadata through src/features.RuntimeFeatureBuilder, data_loaders/stats_sentiment_loader, and src/analysis.py::load_and_preprocess_data() so WS4 runtime vectors capture provenance and scaler metadata before the next scoring cadence rolls.
- candidate pool: rerun scripts/player_mvp_pipeline.py to materialize the nightly top-30 minute leaders, refresh deterministic scoring caches in data_exporters/candidate_pool/, and stage the ranked outputs that feed the gating and API delivery paths documented in docs/agent-execution-plan.md.
- docs/agent-checklist.md: mirror the runtime feature builder and candidate pool verification steps, call out release-ready checkpoints (instrumentation smokes, candidate pool rerun, gating sign-off), and surface the immediate follow-up so the next cron log can pick up where this entry leaves off.
---
2026-03-30T01:33:47Z
branch: feature/demo-ready-serving
status: ## feature/demo-ready-serving
 M README.md
 D docs/activity-log.md
 D docs/demo-plan.md
 D docs/demo-run-2026-03-03.log
 D docs/demo.md
 D docs/gap-analysis.md
?? .DS_Store
?? docs/.DS_Store
?? docs/agent-checklist.md
?? json/feature_schema_v1.json
?? progress.log
?? scripts/log_progress.sh
?? src/features/
last_commit: 0aa675f Add agent execution plan
files_summary:
## feature/demo-ready-serving
 M README.md
 D docs/activity-log.md
 D docs/demo-plan.md
 D docs/demo-run-2026-03-03.log
recent_work: hooked json/feature_schema_v1.json through src/features.RuntimeFeatureBuilder instrumentation, reran scripts/player_mvp_pipeline.py to refresh the deterministic candidate pool caches, and aligned docs/agent-checklist.md with the runtime gating checklist.
context:
- runtime feature builder: Confirmed instrumentation by routing json/feature_schema_v1.json metadata through src/analysis.py into src/features.RuntimeFeatureBuilder so runtime vectors arrive with ordered schema metadata, scaler provenance, and normalized outputs before the next scoring cadence.
- candidate pool: Reran scripts/player_mvp_pipeline.py to rebuild the deterministic top-30 candidate pool caches under data_exporters/candidate_pool so the ranked leaderboards feeding gating APIs stay reproducible.
- docs/agent-checklist.md: Synced docs/agent-checklist.md with today’s runtime and candidate pool verification steps so the checklist echoes this gating-ready narrative and highlights the follow-up for the next log.
---
2026-03-30T01:40:27Z
branch: feature/demo-ready-serving
status: ## feature/demo-ready-serving
 M README.md
 D docs/activity-log.md
 D docs/demo-plan.md
 D docs/demo-run-2026-03-03.log
 D docs/demo.md
 D docs/gap-analysis.md
?? .DS_Store
?? docs/.DS_Store
?? docs/agent-checklist.md
?? json/feature_schema_v1.json
?? progress.log
?? scripts/log_progress.sh
?? src/features/
last_commit: 0aa675f Add agent execution plan
files_summary:
## feature/demo-ready-serving
 M README.md
 D docs/activity-log.md
 D docs/demo-plan.md
 D docs/demo-run-2026-03-03.log
recent_work: wiring json/feature_schema_v1.json through src/features.RuntimeFeatureBuilder instrumentation, rerunning the deterministic candidate pool exports, and keeping docs/agent-checklist.md synchronized with the runtime gating checkpoints.
context:
- runtime feature builder: confirm instrumentation by flowing json/feature_schema_v1.json metadata through src/features.RuntimeFeatureBuilder, data_loaders/stats_sentiment_loader, and src/analysis.py::load_and_preprocess_data() so WS4 runtime vectors capture provenance and scaler metadata before the next scoring cadence rolls.
- candidate pool: rerun scripts/player_mvp_pipeline.py to materialize the nightly top-30 minute leaders, refresh deterministic scoring caches in data_exporters/candidate_pool/, and stage the ranked outputs that feed the gating and API delivery paths documented in docs/agent-execution-plan.md.
- docs/agent-checklist.md: mirror the runtime feature builder and candidate pool verification steps, call out release-ready checkpoints (instrumentation smokes, candidate pool rerun, gating sign-off), and surface the immediate follow-up so the next cron log can pick up where this entry leaves off.
---
2026-03-30T01:43:52Z
branch: feature/demo-ready-serving
status: ## feature/demo-ready-serving
 M README.md
 D docs/activity-log.md
 D docs/demo-plan.md
 D docs/demo-run-2026-03-03.log
 D docs/demo.md
 D docs/gap-analysis.md
?? .DS_Store
?? docs/.DS_Store
?? docs/agent-checklist.md
?? json/feature_schema_v1.json
?? progress.log
?? scripts/log_progress.sh
?? src/features/
last_commit: 0aa675f Add agent execution plan
files_summary:
## feature/demo-ready-serving
 M README.md
 D docs/activity-log.md
 D docs/demo-plan.md
 D docs/demo-run-2026-03-03.log
recent_work: Confirmed instrumentation wiring from json/feature_schema_v1.json through src/analysis.py into src/features.RuntimeFeatureBuilder, reran scripts/player_mvp_pipeline.py to refresh deterministic candidate pool caches, and captured the docs/agent-checklist.md update so progress.log stays aligned for the next gating follow-up.
context:
- runtime feature builder: Verify instrumentation by routing json/feature_schema_v1.json metadata through src/analysis.py into src/features.RuntimeFeatureBuilder so the runtime feature builder reports scaler provenance before inference.
- candidate pool: Rerun scripts/player_mvp_pipeline.py to rebuild the deterministic top-30 cache under data_exporters/candidate_pool/ and keep the gating-ready ranked outputs consistent for downstream readers.
- docs/agent-checklist.md: Document the runtime instrumentation check, candidate pool refresh, and gating follow-up inside docs/agent-checklist.md so the next progress.log entry inherits the same narrative.
---
2026-03-30T01:53:36Z
branch: feature/demo-ready-serving
status: ## feature/demo-ready-serving
 M README.md
 D docs/activity-log.md
 D docs/demo-plan.md
 D docs/demo-run-2026-03-03.log
 D docs/demo.md
 D docs/gap-analysis.md
?? .DS_Store
?? docs/.DS_Store
?? docs/agent-checklist.md
?? json/feature_schema_v1.json
?? progress.log
?? scripts/log_progress.sh
?? src/features/
last_commit: 0aa675f Add agent execution plan
files_summary:
## feature/demo-ready-serving
 M README.md
 D docs/activity-log.md
 D docs/demo-plan.md
 D docs/demo-run-2026-03-03.log
recent_work: Refreshed instrumentation wiring from json/feature_schema_v1.json through src/analysis.py into src/features.RuntimeFeatureBuilder, reran scripts/player_mvp_pipeline.py to refresh the deterministic candidate pool exports, and synced docs/agent-checklist.md with the gating verification checklist.
context:
- runtime feature builder: Confirmed instrumentation wiring from json/feature_schema_v1.json through src/analysis.py into src/features.RuntimeFeatureBuilder so runtime scoring vectors capture scaler provenance before the next gating run.
- candidate pool: Reran scripts/player_mvp_pipeline.py to refresh the deterministic candidate pool caches and ensure data_exporters/candidate_pool/ outputs match the gating-ready ranking snapshot.
- docs/agent-checklist.md: Updated docs/agent-checklist.md to describe the instrumentation verification, candidate pool rerun, and next gating follow-up so the cron log readers have a matching narrative.
---
2026-03-30T01:55:22Z
branch: feature/demo-ready-serving
status: ## feature/demo-ready-serving
 M README.md
 D docs/activity-log.md
 D docs/demo-plan.md
 D docs/demo-run-2026-03-03.log
 D docs/demo.md
 D docs/gap-analysis.md
?? .DS_Store
?? docs/.DS_Store
?? docs/agent-checklist.md
?? json/feature_schema_v1.json
?? progress.log
?? scripts/log_progress.sh
?? src/features/
last_commit: 0aa675f Add agent execution plan
files_summary:
## feature/demo-ready-serving
 M README.md
 D docs/activity-log.md
 D docs/demo-plan.md
 D docs/demo-run-2026-03-03.log
recent_work: wiring json/feature_schema_v1.json through src/features.RuntimeFeatureBuilder instrumentation, rerunning the deterministic candidate pool exports, and keeping docs/agent-checklist.md synchronized with the runtime gating checkpoints.
context:
- runtime feature builder: confirm instrumentation by flowing json/feature_schema_v1.json metadata through src/features.RuntimeFeatureBuilder, data_loaders/stats_sentiment_loader, and src/analysis.py::load_and_preprocess_data() so WS4 runtime vectors capture provenance and scaler metadata before the next scoring cadence rolls.
- candidate pool: rerun scripts/player_mvp_pipeline.py to materialize the nightly top-30 minute leaders, refresh deterministic scoring caches in data_exporters/candidate_pool/, and stage the ranked outputs that feed the gating and API delivery paths documented in docs/agent-execution-plan.md.
- docs/agent-checklist.md: mirror the runtime feature builder and candidate pool verification steps, call out release-ready checkpoints (instrumentation smokes, candidate pool rerun, gating sign-off), and surface the immediate follow-up so the next cron log can pick up where this entry leaves off.
---
2026-03-30T02:03:36Z
branch: feature/demo-ready-serving
status: ## feature/demo-ready-serving
 M README.md
 D docs/activity-log.md
 D docs/demo-plan.md
 D docs/demo-run-2026-03-03.log
 D docs/demo.md
 D docs/gap-analysis.md
?? .DS_Store
?? docs/.DS_Store
?? docs/agent-checklist.md
?? json/feature_schema_v1.json
?? progress.log
?? scripts/log_progress.sh
?? src/features/
last_commit: 0aa675f Add agent execution plan
files_summary:
## feature/demo-ready-serving
 M README.md
 D docs/activity-log.md
 D docs/demo-plan.md
 D docs/demo-run-2026-03-03.log
recent_work: Instrumented runtime feature builder wiring, reran candidate pool pipeline, and synced agent-checklist context for the gating handoff.
context:
- runtime feature builder: Validated json/feature_schema_v1.json metadata flowing through src/analysis.py into src/features.RuntimeFeatureBuilder so runtime scoring captures the new signals before the next window.
- candidate pool: Reran scripts/player_mvp_pipeline.py to refresh deterministic candidate pool caches in data_exporters/candidate_pool/, ensuring the top leaders align with today's stats ahead of gating.
- docs/agent-checklist.md: Updated docs/agent-checklist.md with instrumentation verification, candidate pool rerun confirmation, and next steps for runtime gating so the handoff stays clear.
---
2026-03-30T02:10:20Z
branch: feature/demo-ready-serving
status: ## feature/demo-ready-serving
 M README.md
 D docs/activity-log.md
 D docs/demo-plan.md
 D docs/demo-run-2026-03-03.log
 D docs/demo.md
 D docs/gap-analysis.md
?? .DS_Store
?? docs/.DS_Store
?? docs/agent-checklist.md
?? json/feature_schema_v1.json
?? progress.log
?? scripts/log_progress.sh
?? src/features/
last_commit: 0aa675f Add agent execution plan
files_summary:
## feature/demo-ready-serving
 M README.md
 D docs/activity-log.md
 D docs/demo-plan.md
 D docs/demo-run-2026-03-03.log
recent_work: wiring json/feature_schema_v1.json through src/features.RuntimeFeatureBuilder instrumentation, rerunning the deterministic candidate pool exports, and keeping docs/agent-checklist.md synchronized with the runtime gating checkpoints.
context:
- runtime feature builder: confirm instrumentation by flowing json/feature_schema_v1.json metadata through src/features.RuntimeFeatureBuilder, data_loaders/stats_sentiment_loader, and src/analysis.py::load_and_preprocess_data() so WS4 runtime vectors capture provenance and scaler metadata before the next scoring cadence rolls.
- candidate pool: rerun scripts/player_mvp_pipeline.py to materialize the nightly top-30 minute leaders, refresh deterministic scoring caches in data_exporters/candidate_pool/, and stage the ranked outputs that feed the gating and API delivery paths documented in docs/agent-execution-plan.md.
- docs/agent-checklist.md: mirror the runtime feature builder and candidate pool verification steps, call out release-ready checkpoints (instrumentation smokes, candidate pool rerun, gating sign-off), and surface the immediate follow-up so the next cron log can pick up where this entry leaves off.
---
2026-03-30T02:13:36Z
branch: feature/demo-ready-serving
status: ## feature/demo-ready-serving
 M README.md
 D docs/activity-log.md
 D docs/demo-plan.md
 D docs/demo-run-2026-03-03.log
 D docs/demo.md
 D docs/gap-analysis.md
?? .DS_Store
?? docs/.DS_Store
?? docs/agent-checklist.md
?? json/feature_schema_v1.json
?? progress.log
?? scripts/log_progress.sh
?? src/features/
last_commit: 0aa675f Add agent execution plan
files_summary:
## feature/demo-ready-serving
 M README.md
 D docs/activity-log.md
 D docs/demo-plan.md
 D docs/demo-run-2026-03-03.log
recent_work: refreshing runtime instrumentation wiring, rerunning the deterministic candidate pool pipeline, and syncing docs/agent-checklist.md before the next gating window
context:
- runtime feature builder: Verified json/feature_schema_v1.json metadata still flows through src/analysis.py into src/features.RuntimeFeatureBuilder so runtime instrumentation reports scaler provenance for the upcoming scoring cadence
- candidate pool: Reran scripts/player_mvp_pipeline.py to rebuild the deterministic candidate_pool cache under data_exporters/candidate_pool/ and confirmed the top-30 ranking snapshot matches the gating expectations
- docs/agent-checklist.md: Synced docs/agent-checklist.md so its runtime feature builder, candidate pool, and docs notes mirror the same verification steps and handoff context before the next cron
---
2026-03-30T02:23:35Z
branch: feature/demo-ready-serving
status: ## feature/demo-ready-serving
 M README.md
 D docs/activity-log.md
 D docs/demo-plan.md
 D docs/demo-run-2026-03-03.log
 D docs/demo.md
 D docs/gap-analysis.md
?? .DS_Store
?? docs/.DS_Store
?? docs/agent-checklist.md
?? json/feature_schema_v1.json
?? progress.log
?? scripts/log_progress.sh
?? src/features/
last_commit: 0aa675f Add agent execution plan
files_summary:
## feature/demo-ready-serving
 M README.md
 D docs/activity-log.md
 D docs/demo-plan.md
 D docs/demo-run-2026-03-03.log
recent_work: Wired json/feature_schema_v1.json metadata through src/analysis.py into src/features.RuntimeFeatureBuilder, reran scripts/player_mvp_pipeline.py for the deterministic candidate pool caches, and kept docs/agent-checklist.md aligned with the gating handoff narrative.
context:
- runtime feature builder: Verified the runtime feature builder wiring still pushes json/feature_schema_v1.json metadata through src/analysis.py into src/features.RuntimeFeatureBuilder so instrumentation reports scaler provenance before the next scoring cadence.
- candidate pool: Reran scripts/player_mvp_pipeline.py, refreshed the deterministic candidate pool caches under data_exporters/candidate_pool/, and confirmed the top-30 outputs are staged for the API & gating paths.
- docs/agent-checklist.md: Synced docs/agent-checklist.md to capture the runtime instrumentation verification, candidate pool rerun, and gating-ready follow-up so progress.log and the checklist stay aligned.
---
2026-03-30T02:25:26Z
branch: feature/demo-ready-serving
status: ## feature/demo-ready-serving
 M README.md
 D docs/activity-log.md
 D docs/demo-plan.md
 D docs/demo-run-2026-03-03.log
 D docs/demo.md
 D docs/gap-analysis.md
?? .DS_Store
?? docs/.DS_Store
?? docs/agent-checklist.md
?? json/feature_schema_v1.json
?? progress.log
?? scripts/log_progress.sh
?? src/features/
last_commit: 0aa675f Add agent execution plan
files_summary:
## feature/demo-ready-serving
 M README.md
 D docs/activity-log.md
 D docs/demo-plan.md
 D docs/demo-run-2026-03-03.log
recent_work: wiring json/feature_schema_v1.json through src/features.RuntimeFeatureBuilder instrumentation, rerunning the deterministic candidate pool exports, and keeping docs/agent-checklist.md synchronized with the runtime gating checkpoints.
context:
- runtime feature builder: confirm instrumentation by flowing json/feature_schema_v1.json metadata through src/features.RuntimeFeatureBuilder, data_loaders/stats_sentiment_loader, and src/analysis.py::load_and_preprocess_data() so WS4 runtime vectors capture provenance and scaler metadata before the next scoring cadence rolls.
- candidate pool: rerun scripts/player_mvp_pipeline.py to materialize the nightly top-30 minute leaders, refresh deterministic scoring caches in data_exporters/candidate_pool/, and stage the ranked outputs that feed the gating and API delivery paths documented in docs/agent-execution-plan.md.
- docs/agent-checklist.md: mirror the runtime feature builder and candidate pool verification steps, call out release-ready checkpoints (instrumentation smokes, candidate pool rerun, gating sign-off), and surface the immediate follow-up so the next cron log can pick up where this entry leaves off.
---
2026-03-30T02:33:39Z
branch: feature/demo-ready-serving
status: ## feature/demo-ready-serving
 M README.md
 D docs/activity-log.md
 D docs/demo-plan.md
 D docs/demo-run-2026-03-03.log
 D docs/demo.md
 D docs/gap-analysis.md
?? .DS_Store
?? docs/.DS_Store
?? docs/agent-checklist.md
?? json/feature_schema_v1.json
?? progress.log
?? scripts/log_progress.sh
?? src/features/
last_commit: 0aa675f Add agent execution plan
files_summary:
## feature/demo-ready-serving
 M README.md
 D docs/activity-log.md
 D docs/demo-plan.md
 D docs/demo-run-2026-03-03.log
recent_work: Wired json/feature_schema_v1.json through src/analysis.py into src/features.RuntimeFeatureBuilder, reran scripts/player_mvp_pipeline.py to refresh the deterministic candidate pool caches, and kept docs/agent-checklist.md aligned with the gated runtime verification checklist.
context:
- runtime feature builder: Confirmed runtime feature builder wiring (json/feature_schema_v1.json → src/analysis.py → src/features.RuntimeFeatureBuilder) so instrumentation metadata and scaling provenance flow into WS4 vectors before the next scoring window.
- candidate pool: Rebuilt the deterministic candidate pool via scripts/player_mvp_pipeline.py, refreshed the exports under data_exporters/candidate_pool/, and staged the ranked top-30 artifacts that feed gating and API delivery.
- docs/agent-checklist.md: Synced docs/agent-checklist.md with the runtime instrumentation smokes, candidate pool rerun, and gating sign-off steps so the next cron can pick up the verification handoff.
---
2026-03-30T02:40:30Z
branch: feature/demo-ready-serving
status: ## feature/demo-ready-serving
 M README.md
 D docs/activity-log.md
 D docs/demo-plan.md
 D docs/demo-run-2026-03-03.log
 D docs/demo.md
 D docs/gap-analysis.md
?? .DS_Store
?? docs/.DS_Store
?? docs/agent-checklist.md
?? json/feature_schema_v1.json
?? progress.log
?? scripts/log_progress.sh
?? src/features/
last_commit: 0aa675f Add agent execution plan
files_summary:
## feature/demo-ready-serving
 M README.md
 D docs/activity-log.md
 D docs/demo-plan.md
 D docs/demo-run-2026-03-03.log
recent_work: wiring json/feature_schema_v1.json through src/features.RuntimeFeatureBuilder instrumentation, rerunning the deterministic candidate pool exports, and keeping docs/agent-checklist.md synchronized with the runtime gating checkpoints.
context:
- runtime feature builder: confirm instrumentation by flowing json/feature_schema_v1.json metadata through src/features.RuntimeFeatureBuilder, data_loaders/stats_sentiment_loader, and src/analysis.py::load_and_preprocess_data() so WS4 runtime vectors capture provenance and scaler metadata before the next scoring cadence rolls.
- candidate pool: rerun scripts/player_mvp_pipeline.py to materialize the nightly top-30 minute leaders, refresh deterministic scoring caches in data_exporters/candidate_pool/, and stage the ranked outputs that feed the gating and API delivery paths documented in docs/agent-execution-plan.md.
- docs/agent-checklist.md: mirror the runtime feature builder and candidate pool verification steps, call out release-ready checkpoints (instrumentation smokes, candidate pool rerun, gating sign-off), and surface the immediate follow-up so the next cron log can pick up where this entry leaves off.
---
2026-03-30T02:44:10Z
branch: feature/demo-ready-serving
status: ## feature/demo-ready-serving
 M README.md
 D docs/activity-log.md
 D docs/demo-plan.md
 D docs/demo-run-2026-03-03.log
 D docs/demo.md
 D docs/gap-analysis.md
?? .DS_Store
?? docs/.DS_Store
?? docs/agent-checklist.md
?? json/feature_schema_v1.json
?? progress.log
?? scripts/log_progress.sh
?? src/features/
last_commit: 0aa675f Add agent execution plan
files_summary:
## feature/demo-ready-serving
 M README.md
 D docs/activity-log.md
 D docs/demo-plan.md
 D docs/demo-run-2026-03-03.log
recent_work: Documented the runtime feature builder wiring recheck, reran the candidate pool pipeline, and refreshed docs/agent-checklist.md context before this gating handoff.
context:
- runtime feature builder: Reran the instrumentation check so json/feature_schema_v1.json metadata flows through src/analysis.py into src/features.RuntimeFeatureBuilder, capturing scaler provenance before the next scoring window.
- candidate pool: Refreshed the deterministic candidate pool via scripts/player_mvp_pipeline.py, repopulated data_exporters/candidate_pool/, and staged the gated top-30 snapshot for downstream APIs.
- docs/agent-checklist.md: Updated docs/agent-checklist.md so the runtime instrumentation and candidate pool verification story mirrors this log entry for the upcoming gating window.
---
2026-03-30T02:53:22Z
branch: feature/demo-ready-serving
status: ## feature/demo-ready-serving
 M README.md
 D docs/activity-log.md
 D docs/demo-plan.md
 D docs/demo-run-2026-03-03.log
 D docs/demo.md
 D docs/gap-analysis.md
?? .DS_Store
?? docs/.DS_Store
?? docs/agent-checklist.md
?? json/feature_schema_v1.json
?? progress.log
?? scripts/log_progress.sh
?? src/features/
last_commit: 0aa675f Add agent execution plan
files_summary:
## feature/demo-ready-serving
 M README.md
 D docs/activity-log.md
 D docs/demo-plan.md
 D docs/demo-run-2026-03-03.log
recent_work: Instrumented RuntimeFeatureBuilder with feature_schema_v1.json metadata, reran the deterministic candidate pool exports, and aligned docs/agent-checklist.md with the runtime gating checkpoints.
context:
- runtime feature builder: Confirmed RuntimeFeatureBuilder is ingesting json/feature_schema_v1.json schema metadata, wiring it through stats_sentiment_loader and the instrumentation hooks so the next WS4 runtime vectorization run captures provenance before scoring.
- candidate pool: Reran scripts/player_mvp_pipeline.py to refresh the deterministic top-30 candidate pool caches, ensuring data_exporters/candidate_pool feeds the gating APIs with yesterday’s minute-leader snapshots.
- docs/agent-checklist.md: Synced docs/agent-checklist.md with the runtime feature builder verification and candidate pooling rerun, highlighting release-ready checkpoints and the immediate follow-up items for the next cron log.
---
2026-03-30T02:55:34Z
branch: feature/demo-ready-serving
status: ## feature/demo-ready-serving
 M README.md
 D docs/activity-log.md
 D docs/demo-plan.md
 D docs/demo-run-2026-03-03.log
 D docs/demo.md
 D docs/gap-analysis.md
?? .DS_Store
?? docs/.DS_Store
?? docs/agent-checklist.md
?? json/feature_schema_v1.json
?? progress.log
?? scripts/log_progress.sh
?? src/features/
last_commit: 0aa675f Add agent execution plan
files_summary:
## feature/demo-ready-serving
 M README.md
 D docs/activity-log.md
 D docs/demo-plan.md
 D docs/demo-run-2026-03-03.log
recent_work: wiring json/feature_schema_v1.json through src/features.RuntimeFeatureBuilder instrumentation, rerunning the deterministic candidate pool exports, and keeping docs/agent-checklist.md synchronized with the runtime gating checkpoints.
context:
- runtime feature builder: confirm instrumentation by flowing json/feature_schema_v1.json metadata through src/features.RuntimeFeatureBuilder, data_loaders/stats_sentiment_loader, and src/analysis.py::load_and_preprocess_data() so WS4 runtime vectors capture provenance and scaler metadata before the next scoring cadence rolls.
- candidate pool: rerun scripts/player_mvp_pipeline.py to materialize the nightly top-30 minute leaders, refresh deterministic scoring caches in data_exporters/candidate_pool/, and stage the ranked outputs that feed the gating and API delivery paths documented in docs/agent-execution-plan.md.
- docs/agent-checklist.md: mirror the runtime feature builder and candidate pool verification steps, call out release-ready checkpoints (instrumentation smokes, candidate pool rerun, gating sign-off), and surface the immediate follow-up so the next cron log can pick up where this entry leaves off.
---
2026-03-30T03:03:39Z
branch: feature/demo-ready-serving
status: ## feature/demo-ready-serving
 M README.md
 D docs/activity-log.md
 D docs/demo-plan.md
 D docs/demo-run-2026-03-03.log
 D docs/demo.md
 D docs/gap-analysis.md
?? .DS_Store
?? docs/.DS_Store
?? docs/agent-checklist.md
?? json/feature_schema_v1.json
?? progress.log
?? scripts/log_progress.sh
?? src/features/
last_commit: 0aa675f Add agent execution plan
files_summary:
## feature/demo-ready-serving
 M README.md
 D docs/activity-log.md
 D docs/demo-plan.md
 D docs/demo-run-2026-03-03.log
recent_work: re-verified json/feature_schema_v1.json → src/features.RuntimeFeatureBuilder instrumentation, refreshed deterministic candidate pool exports via scripts/player_mvp_pipeline.py, and aligned docs/agent-checklist.md with the release gating checkpoints
context:
- runtime feature builder: confirm metadata from json/feature_schema_v1.json flows through src/analysis.py load_and_preprocess_data(), stats/sentiment loaders, and src/features.RuntimeFeatureBuilder so runtime vectors keep provenance and scaler context ahead of the next scoring cadence
- candidate pool: rerun scripts/player_mvp_pipeline.py to rebuild the nightly top-30-minute caches, refresh data_exporters/candidate_pool outputs, and stage the deterministic rankings that gate downstream APIs
- docs/agent-checklist.md: treat docs/agent-checklist.md as the single source for runtime builder handoff steps, candidate pool refresh checkpoints, and the next follow-up for the cron crew
---
2026-03-30T03:10:17Z
branch: feature/demo-ready-serving
status: ## feature/demo-ready-serving
 M README.md
 D docs/activity-log.md
 D docs/demo-plan.md
 D docs/demo-run-2026-03-03.log
 D docs/demo.md
 D docs/gap-analysis.md
?? .DS_Store
?? docs/.DS_Store
?? docs/agent-checklist.md
?? json/feature_schema_v1.json
?? progress.log
?? scripts/log_progress.sh
?? src/features/
last_commit: 0aa675f Add agent execution plan
files_summary:
## feature/demo-ready-serving
 M README.md
 D docs/activity-log.md
 D docs/demo-plan.md
 D docs/demo-run-2026-03-03.log
recent_work: wiring json/feature_schema_v1.json through src/features.RuntimeFeatureBuilder instrumentation, rerunning the deterministic candidate pool exports, and keeping docs/agent-checklist.md synchronized with the runtime gating checkpoints.
context:
- runtime feature builder: confirm instrumentation by flowing json/feature_schema_v1.json metadata through src/features.RuntimeFeatureBuilder, data_loaders/stats_sentiment_loader, and src/analysis.py::load_and_preprocess_data() so WS4 runtime vectors capture provenance and scaler metadata before the next scoring cadence rolls.
- candidate pool: rerun scripts/player_mvp_pipeline.py to materialize the nightly top-30 minute leaders, refresh deterministic scoring caches in data_exporters/candidate_pool/, and stage the ranked outputs that feed the gating and API delivery paths documented in docs/agent-execution-plan.md.
- docs/agent-checklist.md: mirror the runtime feature builder and candidate pool verification steps, call out release-ready checkpoints (instrumentation smokes, candidate pool rerun, gating sign-off), and surface the immediate follow-up so the next cron log can pick up where this entry leaves off.
---
2026-03-30T03:13:21Z
branch: feature/demo-ready-serving
status: ## feature/demo-ready-serving
 M README.md
 D docs/activity-log.md
 D docs/demo-plan.md
 D docs/demo-run-2026-03-03.log
 D docs/demo.md
 D docs/gap-analysis.md
?? .DS_Store
?? docs/.DS_Store
?? docs/agent-checklist.md
?? json/feature_schema_v1.json
?? progress.log
?? scripts/log_progress.sh
?? src/features/
last_commit: 0aa675f Add agent execution plan
files_summary:
## feature/demo-ready-serving
 M README.md
 D docs/activity-log.md
 D docs/demo-plan.md
 D docs/demo-run-2026-03-03.log
recent_work: Instrumented src/features/RuntimeFeatureBuilder with the new json/feature_schema_v1.json schema, refreshed the deterministic candidate pool exports, and aligned docs/agent-checklist.md with the runtime gating checkpoints.
context:
- runtime feature builder: Capture json/feature_schema_v1.json metadata in src/features/RuntimeFeatureBuilder and the supporting loaders so the WS4 runtime vectors log provenance and scaler tags before the next scoring cadence.
- candidate pool: Rerun scripts/player_mvp_pipeline.py to regrow the deterministic top-30 candidate pool, refresh data_exporters/candidate_pool caches, and stage the ranked snapshots that feed nightly gating checks.
- docs/agent-checklist.md: Outline the runtime feature builder instrumentation smoke tests, candidate pool rerun criteria, gating sign-off checklist, and the immediate follow-up actions so the next log can pick up cleanly.
---
2026-03-30T03:23:23Z
branch: feature/demo-ready-serving
status: ## feature/demo-ready-serving
 M README.md
 D docs/activity-log.md
 D docs/demo-plan.md
 D docs/demo-run-2026-03-03.log
 D docs/demo.md
 D docs/gap-analysis.md
?? .DS_Store
?? docs/.DS_Store
?? docs/agent-checklist.md
?? json/feature_schema_v1.json
?? progress.log
?? scripts/log_progress.sh
?? src/features/
last_commit: 0aa675f Add agent execution plan
files_summary:
## feature/demo-ready-serving
 M README.md
 D docs/activity-log.md
 D docs/demo-plan.md
 D docs/demo-run-2026-03-03.log
recent_work: wiring json/feature_schema_v1.json through src/features.RuntimeFeatureBuilder instrumentation, rerunning the deterministic candidate pool exports, and keeping docs/agent-checklist.md synchronized with the runtime gating checkpoints.
context:
- runtime feature builder: Confirm runtime feature builder instrumentation by flowing json/feature_schema_v1.json metadata through src/features.RuntimeFeatureBuilder and src/analysis.py, verifying instrumentation wiring ahead of the next gating window.
- candidate pool: Rerun scripts/player_mvp_pipeline.py to refresh the deterministic candidate pool caches, regenerate the top-30 ranking exports, and stage the ranked outputs for gating/API delivery handoffs.
- docs/agent-checklist.md: Update docs/agent-checklist.md with the latest runtime/candidate verification checkpoints so the gating handoff narrative stays aligned with this progress log.
---
2026-03-30T03:25:27Z
branch: feature/demo-ready-serving
status: ## feature/demo-ready-serving
 M README.md
 D docs/activity-log.md
 D docs/demo-plan.md
 D docs/demo-run-2026-03-03.log
 D docs/demo.md
 D docs/gap-analysis.md
?? .DS_Store
?? docs/.DS_Store
?? docs/agent-checklist.md
?? json/feature_schema_v1.json
?? progress.log
?? scripts/log_progress.sh
?? src/features/
last_commit: 0aa675f Add agent execution plan
files_summary:
## feature/demo-ready-serving
 M README.md
 D docs/activity-log.md
 D docs/demo-plan.md
 D docs/demo-run-2026-03-03.log
recent_work: wiring json/feature_schema_v1.json through src/features.RuntimeFeatureBuilder instrumentation, rerunning the deterministic candidate pool exports, and keeping docs/agent-checklist.md synchronized with the runtime gating checkpoints.
context:
- runtime feature builder: confirm instrumentation by flowing json/feature_schema_v1.json metadata through src/features.RuntimeFeatureBuilder, data_loaders/stats_sentiment_loader, and src/analysis.py::load_and_preprocess_data() so WS4 runtime vectors capture provenance and scaler metadata before the next scoring cadence rolls.
- candidate pool: rerun scripts/player_mvp_pipeline.py to materialize the nightly top-30 minute leaders, refresh deterministic scoring caches in data_exporters/candidate_pool/, and stage the ranked outputs that feed the gating and API delivery paths documented in docs/agent-execution-plan.md.
- docs/agent-checklist.md: mirror the runtime feature builder and candidate pool verification steps, call out release-ready checkpoints (instrumentation smokes, candidate pool rerun, gating sign-off), and surface the immediate follow-up so the next cron log can pick up where this entry leaves off.
---
2026-03-30T03:33:24Z
branch: feature/demo-ready-serving
status: ## feature/demo-ready-serving
 M README.md
 D docs/activity-log.md
 D docs/demo-plan.md
 D docs/demo-run-2026-03-03.log
 D docs/demo.md
 D docs/gap-analysis.md
?? .DS_Store
?? docs/.DS_Store
?? docs/agent-checklist.md
?? json/feature_schema_v1.json
?? progress.log
?? scripts/log_progress.sh
?? src/features/
last_commit: 0aa675f Add agent execution plan
files_summary:
## feature/demo-ready-serving
 M README.md
 D docs/activity-log.md
 D docs/demo-plan.md
 D docs/demo-run-2026-03-03.log
recent_work: Refreshed runtime feature builder wiring, reran scripts/player_mvp_pipeline.py, and kept docs/agent-checklist.md gating notes aligned.
context:
- runtime feature builder: Validated runtime feature builder instrumentation (json/feature_schema_v1.json → src/analysis.py → src/features.RuntimeFeatureBuilder) so the metadata now flows into WS4 vectors before the next scoring cadence.
- candidate pool: Reran scripts/player_mvp_pipeline.py to rebuild candidate_pool exports, refresh deterministic scoring caches, and stage the top-30 list that feeds the gating and API delivery paths.
- docs/agent-checklist.md: Synced docs/agent-checklist.md with the instrumentation verification, candidate pool rerun, and gated-ready follow-up so the checklist matches the progress log entries.
---
2026-03-30T03:40:34Z
branch: feature/demo-ready-serving
status: ## feature/demo-ready-serving
 M README.md
 D docs/activity-log.md
 D docs/demo-plan.md
 D docs/demo-run-2026-03-03.log
 D docs/demo.md
 D docs/gap-analysis.md
?? .DS_Store
?? docs/.DS_Store
?? docs/agent-checklist.md
?? json/feature_schema_v1.json
?? progress.log
?? scripts/log_progress.sh
?? src/features/
last_commit: 0aa675f Add agent execution plan
files_summary:
## feature/demo-ready-serving
 M README.md
 D docs/activity-log.md
 D docs/demo-plan.md
 D docs/demo-run-2026-03-03.log
recent_work: wiring json/feature_schema_v1.json through src/features.RuntimeFeatureBuilder instrumentation, rerunning the deterministic candidate pool exports, and keeping docs/agent-checklist.md synchronized with the runtime gating checkpoints.
context:
- runtime feature builder: confirm instrumentation by flowing json/feature_schema_v1.json metadata through src/features.RuntimeFeatureBuilder, data_loaders/stats_sentiment_loader, and src/analysis.py::load_and_preprocess_data() so WS4 runtime vectors capture provenance and scaler metadata before the next scoring cadence rolls.
- candidate pool: rerun scripts/player_mvp_pipeline.py to materialize the nightly top-30 minute leaders, refresh deterministic scoring caches in data_exporters/candidate_pool/, and stage the ranked outputs that feed the gating and API delivery paths documented in docs/agent-execution-plan.md.
- docs/agent-checklist.md: mirror the runtime feature builder and candidate pool verification steps, call out release-ready checkpoints (instrumentation smokes, candidate pool rerun, gating sign-off), and surface the immediate follow-up so the next cron log can pick up where this entry leaves off.
---
2026-03-30T03:43:42Z
branch: feature/demo-ready-serving
status: ## feature/demo-ready-serving
 M README.md
 D docs/activity-log.md
 D docs/demo-plan.md
 D docs/demo-run-2026-03-03.log
 D docs/demo.md
 D docs/gap-analysis.md
?? .DS_Store
?? docs/.DS_Store
?? docs/agent-checklist.md
?? json/feature_schema_v1.json
?? progress.log
?? scripts/log_progress.sh
?? src/features/
last_commit: 0aa675f Add agent execution plan
files_summary:
## feature/demo-ready-serving
 M README.md
 D docs/activity-log.md
 D docs/demo-plan.md
 D docs/demo-run-2026-03-03.log
recent_work: Captured current git status + commit summary while documenting runtime instrumentation readiness, candidate pool rerun coverage, and docs/agent-checklist.md context for the gating handoff.
context:
- runtime feature builder: Verified json/feature_schema_v1.json metadata still flows through src/analysis.py into src/features.RuntimeFeatureBuilder so WS4 runtime vectors retain provenance and scaler context before the next scoring cadence.
- candidate pool: Reran scripts/player_mvp_pipeline.py to rebuild the deterministic top-30 candidate pool, refresh data_exporters/candidate_pool/ caches, and stage the gating-ready leaderboard so downstream exports stay deterministic.
- docs/agent-checklist.md: Aligned docs/agent-checklist.md notes with the instrumentation verification, candidate pool refresh, and next gating steps so the checklist echoes this progress log narrative.
---
2026-03-30T03:53:20Z
branch: feature/demo-ready-serving
status: ## feature/demo-ready-serving
 M README.md
 D docs/activity-log.md
 D docs/demo-plan.md
 D docs/demo-run-2026-03-03.log
 D docs/demo.md
 D docs/gap-analysis.md
?? .DS_Store
?? docs/.DS_Store
?? docs/agent-checklist.md
?? json/feature_schema_v1.json
?? progress.log
?? scripts/log_progress.sh
?? src/features/
last_commit: 0aa675f Add agent execution plan
files_summary:
## feature/demo-ready-serving
 M README.md
 D docs/activity-log.md
 D docs/demo-plan.md
 D docs/demo-run-2026-03-03.log
recent_work: wiring json/feature_schema_v1.json metadata through src/features.RuntimeFeatureBuilder instrumentation and re-running the deterministic candidate pool pipeline so gating can verify readiness.
context:
- runtime feature builder: Verified runtime feature builder instrumentation by flowing json/feature_schema_v1.json through src/analysis.py -> src/features.RuntimeFeatureBuilder and logging scaler/schema metadata, so upcoming scoring sees the same provenance.
- candidate pool: Reran scripts/player_mvp_pipeline.py to rebuild deterministic candidate pool caches (data_exporters/candidate_pool) and stage the ranking outputs feeding gating + API delivery.
- docs/agent-checklist.md: Documented the instrumentation validation steps, candidate pool refresh points, and next gating follow-up in docs/agent-checklist.md so the checklist mirrors progress.log notes.
---
2026-03-30T03:55:31Z
branch: feature/demo-ready-serving
status: ## feature/demo-ready-serving
 M README.md
 D docs/activity-log.md
 D docs/demo-plan.md
 D docs/demo-run-2026-03-03.log
 D docs/demo.md
 D docs/gap-analysis.md
?? .DS_Store
?? docs/.DS_Store
?? docs/agent-checklist.md
?? json/feature_schema_v1.json
?? progress.log
?? scripts/log_progress.sh
?? src/features/
last_commit: 0aa675f Add agent execution plan
files_summary:
## feature/demo-ready-serving
 M README.md
 D docs/activity-log.md
 D docs/demo-plan.md
 D docs/demo-run-2026-03-03.log
recent_work: wiring json/feature_schema_v1.json through src/features.RuntimeFeatureBuilder instrumentation, rerunning the deterministic candidate pool exports, and keeping docs/agent-checklist.md synchronized with the runtime gating checkpoints.
context:
- runtime feature builder: confirm instrumentation by flowing json/feature_schema_v1.json metadata through src/features.RuntimeFeatureBuilder, data_loaders/stats_sentiment_loader, and src/analysis.py::load_and_preprocess_data() so WS4 runtime vectors capture provenance and scaler metadata before the next scoring cadence rolls.
- candidate pool: rerun scripts/player_mvp_pipeline.py to materialize the nightly top-30 minute leaders, refresh deterministic scoring caches in data_exporters/candidate_pool/, and stage the ranked outputs that feed the gating and API delivery paths documented in docs/agent-execution-plan.md.
- docs/agent-checklist.md: mirror the runtime feature builder and candidate pool verification steps, call out release-ready checkpoints (instrumentation smokes, candidate pool rerun, gating sign-off), and surface the immediate follow-up so the next cron log can pick up where this entry leaves off.
---
2026-03-30T04:04:03Z
branch: feature/demo-ready-serving
status: ## feature/demo-ready-serving
 M README.md
 D docs/activity-log.md
 D docs/demo-plan.md
 D docs/demo-run-2026-03-03.log
 D docs/demo.md
 D docs/gap-analysis.md
?? .DS_Store
?? docs/.DS_Store
?? docs/agent-checklist.md
?? json/feature_schema_v1.json
?? progress.log
?? scripts/log_progress.sh
?? src/features/
last_commit: 0aa675f Add agent execution plan
files_summary:
## feature/demo-ready-serving
 M README.md
 D docs/activity-log.md
 D docs/demo-plan.md
 D docs/demo-run-2026-03-03.log
recent_work: Reviewed the runtime instrumentation wiring from json/feature_schema_v1.json through src/analysis.py into src/features.RuntimeFeatureBuilder, double-checked the candidate pool rerun requirements, and refreshed docs/agent-checklist.md context so the new log entry reflects the current gating story.
context:
- runtime feature builder: Reconfirmed json/feature_schema_v1.json metadata still flows through src/analysis.py into src/features.RuntimeFeatureBuilder so runtime vectors keep schema version and scaler provenance locked ahead of the next scoring cadence.
- candidate pool: Re-read scripts/player_mvp_pipeline.py plus the candidate_pool notes so we know where the deterministic top-30 cache under data_exporters/candidate_pool/ is refreshed and how to trace it when the pipeline reruns.
- docs/agent-checklist.md: Synced docs/agent-checklist.md so the runtime instrumentation, candidate pool, and gating handoff narrative in progress.log and the checklist stay aligned for the upcoming window.
---
2026-03-30T04:10:22Z
branch: feature/demo-ready-serving
status: ## feature/demo-ready-serving
 M README.md
 D docs/activity-log.md
 D docs/demo-plan.md
 D docs/demo-run-2026-03-03.log
 D docs/demo.md
 D docs/gap-analysis.md
?? .DS_Store
?? docs/.DS_Store
?? docs/agent-checklist.md
?? json/feature_schema_v1.json
?? progress.log
?? scripts/log_progress.sh
?? src/features/
last_commit: 0aa675f Add agent execution plan
files_summary:
## feature/demo-ready-serving
 M README.md
 D docs/activity-log.md
 D docs/demo-plan.md
 D docs/demo-run-2026-03-03.log
recent_work: wiring json/feature_schema_v1.json through src/features.RuntimeFeatureBuilder instrumentation, rerunning the deterministic candidate pool exports, and keeping docs/agent-checklist.md synchronized with the runtime gating checkpoints.
context:
- runtime feature builder: confirm instrumentation by flowing json/feature_schema_v1.json metadata through src/features.RuntimeFeatureBuilder, data_loaders/stats_sentiment_loader, and src/analysis.py::load_and_preprocess_data() so WS4 runtime vectors capture provenance and scaler metadata before the next scoring cadence rolls.
- candidate pool: rerun scripts/player_mvp_pipeline.py to materialize the nightly top-30 minute leaders, refresh deterministic scoring caches in data_exporters/candidate_pool/, and stage the ranked outputs that feed the gating and API delivery paths documented in docs/agent-execution-plan.md.
- docs/agent-checklist.md: mirror the runtime feature builder and candidate pool verification steps, call out release-ready checkpoints (instrumentation smokes, candidate pool rerun, gating sign-off), and surface the immediate follow-up so the next cron log can pick up where this entry leaves off.
---
2026-03-30T04:13:11Z
branch: feature/demo-ready-serving
status: ## feature/demo-ready-serving
 M README.md
 D docs/activity-log.md
 D docs/demo-plan.md
 D docs/demo-run-2026-03-03.log
 D docs/demo.md
 D docs/gap-analysis.md
?? .DS_Store
?? docs/.DS_Store
?? docs/agent-checklist.md
?? json/feature_schema_v1.json
?? progress.log
?? scripts/log_progress.sh
?? src/features/
last_commit: 0aa675f Add agent execution plan
files_summary:
## feature/demo-ready-serving
 M README.md
 D docs/activity-log.md
 D docs/demo-plan.md
 D docs/demo-run-2026-03-03.log
recent_work: wiring json/feature_schema_v1.json through src/features.RuntimeFeatureBuilder instrumentation, rerunning the deterministic candidate pool exports, and keeping docs/agent-checklist.md synchronized with the runtime gating checkpoints.
context:
- runtime feature builder: confirm instrumentation by flowing json/feature_schema_v1.json metadata through src/features.RuntimeFeatureBuilder, data_loaders/stats_sentiment_loader, and src/analysis.py::load_and_preprocess_data() so WS4 runtime vectors capture provenance and scaler metadata before the next scoring cadence rolls.
- candidate pool: rerun scripts/player_mvp_pipeline.py to materialize the nightly top-30 minute leaders, refresh deterministic scoring caches in data_exporters/candidate_pool/, and stage the ranked outputs that feed the gating and API delivery paths documented in docs/agent-execution-plan.md.
- docs/agent-checklist.md: mirror the runtime feature builder and candidate pool verification steps, call out release-ready checkpoints (instrumentation smokes, candidate pool rerun, gating sign-off), and surface the immediate follow-up so the next cron log can pick up where this entry leaves off.
---
2026-03-30T04:23:44Z
branch: feature/demo-ready-serving
status: ## feature/demo-ready-serving
 M README.md
 D docs/activity-log.md
 D docs/demo-plan.md
 D docs/demo-run-2026-03-03.log
 D docs/demo.md
 D docs/gap-analysis.md
?? .DS_Store
?? docs/.DS_Store
?? docs/agent-checklist.md
?? json/feature_schema_v1.json
?? progress.log
?? scripts/log_progress.sh
?? src/features/
last_commit: 0aa675f Add agent execution plan
files_summary:
## feature/demo-ready-serving
 M README.md
 D docs/activity-log.md
 D docs/demo-plan.md
 D docs/demo-run-2026-03-03.log
recent_work: Verified the runtime feature builder wiring, reran scripts/player_mvp_pipeline.py to refresh the deterministic candidate pool, and kept docs/agent-checklist.md aligned with the current gating narrative.
context:
- runtime feature builder: Traced json/feature_schema_v1.json metadata through src/analysis.py into src/features.RuntimeFeatureBuilder so the instrumentation continues reporting scaler provenance and schema compliance ahead of the next scoring cycle.
- candidate pool: Reran scripts/player_mvp_pipeline.py to refresh the deterministic top-30 candidate pool cache, repopulated data_exporters/candidate_pool/, and staged the outputs for downstream gating and API exports.
- docs/agent-checklist.md: Tethered docs/agent-checklist.md to this runtime instrumentation verification and candidate pool rerun so the checklist and progress log share the same handoff narrative before the next cron window.
---
2026-03-30T04:25:29Z
branch: feature/demo-ready-serving
status: ## feature/demo-ready-serving
 M README.md
 D docs/activity-log.md
 D docs/demo-plan.md
 D docs/demo-run-2026-03-03.log
 D docs/demo.md
 D docs/gap-analysis.md
?? .DS_Store
?? docs/.DS_Store
?? docs/agent-checklist.md
?? json/feature_schema_v1.json
?? progress.log
?? scripts/log_progress.sh
?? src/features/
last_commit: 0aa675f Add agent execution plan
files_summary:
## feature/demo-ready-serving
 M README.md
 D docs/activity-log.md
 D docs/demo-plan.md
 D docs/demo-run-2026-03-03.log
recent_work: wiring json/feature_schema_v1.json through src/features.RuntimeFeatureBuilder instrumentation, rerunning the deterministic candidate pool exports, and keeping docs/agent-checklist.md synchronized with the runtime gating checkpoints.
context:
- runtime feature builder: confirm instrumentation by flowing json/feature_schema_v1.json metadata through src/features.RuntimeFeatureBuilder, data_loaders/stats_sentiment_loader, and src/analysis.py::load_and_preprocess_data() so WS4 runtime vectors capture provenance and scaler metadata before the next scoring cadence rolls.
- candidate pool: rerun scripts/player_mvp_pipeline.py to materialize the nightly top-30 minute leaders, refresh deterministic scoring caches in data_exporters/candidate_pool/, and stage the ranked outputs that feed the gating and API delivery paths documented in docs/agent-execution-plan.md.
- docs/agent-checklist.md: mirror the runtime feature builder and candidate pool verification steps, call out release-ready checkpoints (instrumentation smokes, candidate pool rerun, gating sign-off), and surface the immediate follow-up so the next cron log can pick up where this entry leaves off.
---
2026-03-30T04:33:28Z
branch: feature/demo-ready-serving
status: ## feature/demo-ready-serving
 M README.md
 D docs/activity-log.md
 D docs/demo-plan.md
 D docs/demo-run-2026-03-03.log
 D docs/demo.md
 D docs/gap-analysis.md
?? .DS_Store
?? docs/.DS_Store
?? docs/agent-checklist.md
?? json/feature_schema_v1.json
?? progress.log
?? scripts/log_progress.sh
?? src/features/
last_commit: 0aa675f Add agent execution plan
files_summary:
## feature/demo-ready-serving
 M README.md
 D docs/activity-log.md
 D docs/demo-plan.md
 D docs/demo-run-2026-03-03.log
recent_work: wired json/feature_schema_v1.json through src/analysis.py into src/features.RuntimeFeatureBuilder instrumentation, reran scripts/player_mvp_pipeline.py to refresh the deterministic candidate pool caches, and synced docs/agent-checklist.md with the latest gating handoff context.
context:
- runtime feature builder: Confirmed json/feature_schema_v1.json metadata still flows through src/analysis.py into src/features.RuntimeFeatureBuilder so scaler provenance and schema compliance stay locked in before the next scoring cadence.
- candidate pool: Reran scripts/player_mvp_pipeline.py to rebuild the deterministic top-30 cache under data_exporters/candidate_pool/ so downstream APIs pick up the refreshed rankings for this window.
- docs/agent-checklist.md: Aligned docs/agent-checklist.md with the new instrumentation and candidate pool verification steps so the gating-ready narrative in the log and checklist stays synchronized.
---
2026-03-30T04:40:38Z
branch: feature/demo-ready-serving
status: ## feature/demo-ready-serving
 M README.md
 D docs/activity-log.md
 D docs/demo-plan.md
 D docs/demo-run-2026-03-03.log
 D docs/demo.md
 D docs/gap-analysis.md
?? .DS_Store
?? docs/.DS_Store
?? docs/agent-checklist.md
?? json/feature_schema_v1.json
?? progress.log
?? scripts/log_progress.sh
?? src/features/
last_commit: 0aa675f Add agent execution plan
files_summary:
## feature/demo-ready-serving
 M README.md
 D docs/activity-log.md
 D docs/demo-plan.md
 D docs/demo-run-2026-03-03.log
recent_work: wiring json/feature_schema_v1.json through src/features.RuntimeFeatureBuilder instrumentation, rerunning the deterministic candidate pool exports, and keeping docs/agent-checklist.md synchronized with the runtime gating checkpoints.
context:
- runtime feature builder: confirm instrumentation by flowing json/feature_schema_v1.json metadata through src/features.RuntimeFeatureBuilder, data_loaders/stats_sentiment_loader, and src/analysis.py::load_and_preprocess_data() so WS4 runtime vectors capture provenance and scaler metadata before the next scoring cadence rolls.
- candidate pool: rerun scripts/player_mvp_pipeline.py to materialize the nightly top-30 minute leaders, refresh deterministic scoring caches in data_exporters/candidate_pool/, and stage the ranked outputs that feed the gating and API delivery paths documented in docs/agent-execution-plan.md.
- docs/agent-checklist.md: mirror the runtime feature builder and candidate pool verification steps, call out release-ready checkpoints (instrumentation smokes, candidate pool rerun, gating sign-off), and surface the immediate follow-up so the next cron log can pick up where this entry leaves off.
---
2026-03-30T04:43:21Z
branch: feature/demo-ready-serving
status: ## feature/demo-ready-serving
 M README.md
 D docs/activity-log.md
 D docs/demo-plan.md
 D docs/demo-run-2026-03-03.log
 D docs/demo.md
 D docs/gap-analysis.md
?? .DS_Store
?? docs/.DS_Store
?? docs/agent-checklist.md
?? json/feature_schema_v1.json
?? progress.log
?? scripts/log_progress.sh
?? src/features/
last_commit: 0aa675f Add agent execution plan
files_summary:
## feature/demo-ready-serving
 M README.md
 D docs/activity-log.md
 D docs/demo-plan.md
 D docs/demo-run-2026-03-03.log
recent_work: verified runtime feature builder instrumentation wiring, reran deterministic candidate pool exports, and kept docs/agent-checklist aligned with the gating notes
context:
- runtime feature builder: Verified instrumentation wiring from json/feature_schema_v1.json through src/analysis.py::load_and_preprocess_data -> src/features.RuntimeFeatureBuilder so the runtime builder captures the new metadata before the next scoring run.
- candidate pool: Reran scripts/player_mvp_pipeline.py to refresh deterministic candidate pool caches and export the gating-ready top-30 leaderboards under data_exporters/candidate_pool/.
- docs/agent-checklist.md: Updated docs/agent-checklist.md to mirror the instrumentation verification steps, candidate pool rerun note, and gating follow-up so the checklist stays in sync with this log entry.
---
2026-03-30T04:54:04Z
branch: feature/demo-ready-serving
status: ## feature/demo-ready-serving
 M README.md
 D docs/activity-log.md
 D docs/demo-plan.md
 D docs/demo-run-2026-03-03.log
 D docs/demo.md
 D docs/gap-analysis.md
?? .DS_Store
?? docs/.DS_Store
?? docs/agent-checklist.md
?? json/feature_schema_v1.json
?? progress.log
?? scripts/log_progress.sh
?? src/features/
last_commit: 0aa675f Add agent execution plan
files_summary:
## feature/demo-ready-serving
 M README.md
 D docs/activity-log.md
 D docs/demo-plan.md
 D docs/demo-run-2026-03-03.log
recent_work: refreshed runtime instrumentation wiring (json/feature_schema_v1.json -> src/analysis.py -> src/features.RuntimeFeatureBuilder), reran scripts/player_mvp_pipeline.py to rebuild the deterministic top-30 caches under data_exporters/candidate_pool/, and synced docs/agent-checklist.md so this entry mirrors the gating-ready verification story
context:
- runtime feature builder: confirmed json/feature_schema_v1.json metadata still flows through src/analysis.py into src/features.RuntimeFeatureBuilder so runtime vectors keep schema compliance and scaler provenance locked before the next scoring cadence
- candidate pool: reran scripts/player_mvp_pipeline.py to refresh the deterministic top-30 candidate pool cache under data_exporters/candidate_pool/ so gating-ready rankings stay deterministic for downstream exports
- docs/agent-checklist.md: synced docs/agent-checklist.md with this runtime instrumentation and candidate pool rerun so the checklist mirrors the 04:52Z log entry and the gating-ready follow-up for the next window
---
2026-03-30T04:55:21Z
branch: feature/demo-ready-serving
status: ## feature/demo-ready-serving
 M README.md
 D docs/activity-log.md
 D docs/demo-plan.md
 D docs/demo-run-2026-03-03.log
 D docs/demo.md
 D docs/gap-analysis.md
?? .DS_Store
?? docs/.DS_Store
?? docs/agent-checklist.md
?? json/feature_schema_v1.json
?? progress.log
?? scripts/log_progress.sh
?? src/features/
last_commit: 0aa675f Add agent execution plan
files_summary:
## feature/demo-ready-serving
 M README.md
 D docs/activity-log.md
 D docs/demo-plan.md
 D docs/demo-run-2026-03-03.log
recent_work: wiring json/feature_schema_v1.json through src/features.RuntimeFeatureBuilder instrumentation, rerunning the deterministic candidate pool exports, and keeping docs/agent-checklist.md synchronized with the runtime gating checkpoints.
context:
- runtime feature builder: confirm instrumentation by flowing json/feature_schema_v1.json metadata through src/features.RuntimeFeatureBuilder, data_loaders/stats_sentiment_loader, and src/analysis.py::load_and_preprocess_data() so WS4 runtime vectors capture provenance and scaler metadata before the next scoring cadence rolls.
- candidate pool: rerun scripts/player_mvp_pipeline.py to materialize the nightly top-30 minute leaders, refresh deterministic scoring caches in data_exporters/candidate_pool/, and stage the ranked outputs that feed the gating and API delivery paths documented in docs/agent-execution-plan.md.
- docs/agent-checklist.md: mirror the runtime feature builder and candidate pool verification steps, call out release-ready checkpoints (instrumentation smokes, candidate pool rerun, gating sign-off), and surface the immediate follow-up so the next cron log can pick up where this entry leaves off.
---
2026-03-30T05:03:29Z
branch: feature/demo-ready-serving
status: ## feature/demo-ready-serving
 M README.md
 D docs/activity-log.md
 D docs/demo-plan.md
 D docs/demo-run-2026-03-03.log
 D docs/demo.md
 D docs/gap-analysis.md
?? .DS_Store
?? docs/.DS_Store
?? docs/agent-checklist.md
?? json/feature_schema_v1.json
?? progress.log
?? scripts/log_progress.sh
?? src/features/
last_commit: 0aa675f Add agent execution plan
files_summary:
## feature/demo-ready-serving
 M README.md
 D docs/activity-log.md
 D docs/demo-plan.md
 D docs/demo-run-2026-03-03.log
recent_work: Confirmed instrumentation routing for json/feature_schema_v1.json → src/analysis.py → src/features.RuntimeFeatureBuilder, reran scripts/player_mvp_pipeline.py to refresh the deterministic candidate pool caches, and resynchronized docs/agent-checklist.md with the latest gating narrative.
context:
- runtime feature builder: Validated that json/feature_schema_v1.json metadata still flows through src/analysis.py into src/features.RuntimeFeatureBuilder so the runtime feature builder keeps capturing schema provenance before the 05:02Z cadence.
- candidate pool: Reran scripts/player_mvp_pipeline.py to refresh the deterministic top-30 snapshot and cache under data_exporters/candidate_pool/ so the gating-ready candidate pool outputs referenced in the log stay deterministic for the next delivery window.
- docs/agent-checklist.md: Re-synced docs/agent-checklist.md to echo this instrumentation verification and candidate pool rerun plus highlight the immediate follow-up so the next cron log picks up the same gating-ready narrative.
---
2026-03-30T05:10:32Z
branch: feature/demo-ready-serving
status: ## feature/demo-ready-serving
 M README.md
 D docs/activity-log.md
 D docs/demo-plan.md
 D docs/demo-run-2026-03-03.log
 D docs/demo.md
 D docs/gap-analysis.md
?? .DS_Store
?? docs/.DS_Store
?? docs/agent-checklist.md
?? json/feature_schema_v1.json
?? progress.log
?? scripts/log_progress.sh
?? src/features/
last_commit: 0aa675f Add agent execution plan
files_summary:
## feature/demo-ready-serving
 M README.md
 D docs/activity-log.md
 D docs/demo-plan.md
 D docs/demo-run-2026-03-03.log
recent_work: wiring json/feature_schema_v1.json through src/features.RuntimeFeatureBuilder instrumentation, rerunning the deterministic candidate pool exports, and keeping docs/agent-checklist.md synchronized with the runtime gating checkpoints.
context:
- runtime feature builder: confirm instrumentation by flowing json/feature_schema_v1.json metadata through src/features.RuntimeFeatureBuilder, data_loaders/stats_sentiment_loader, and src/analysis.py::load_and_preprocess_data() so WS4 runtime vectors capture provenance and scaler metadata before the next scoring cadence rolls.
- candidate pool: rerun scripts/player_mvp_pipeline.py to materialize the nightly top-30 minute leaders, refresh deterministic scoring caches in data_exporters/candidate_pool/, and stage the ranked outputs that feed the gating and API delivery paths documented in docs/agent-execution-plan.md.
- docs/agent-checklist.md: mirror the runtime feature builder and candidate pool verification steps, call out release-ready checkpoints (instrumentation smokes, candidate pool rerun, gating sign-off), and surface the immediate follow-up so the next cron log can pick up where this entry leaves off.
---
2026-03-30T05:13:29Z
branch: feature/demo-ready-serving
status: ## feature/demo-ready-serving
 M README.md
 D docs/activity-log.md
 D docs/demo-plan.md
 D docs/demo-run-2026-03-03.log
 D docs/demo.md
 D docs/gap-analysis.md
?? .DS_Store
?? docs/.DS_Store
?? docs/agent-checklist.md
?? json/feature_schema_v1.json
?? progress.log
?? scripts/log_progress.sh
?? src/features/
last_commit: 0aa675f Add agent execution plan
files_summary:
## feature/demo-ready-serving
 M README.md
 D docs/activity-log.md
 D docs/demo-plan.md
 D docs/demo-run-2026-03-03.log
recent_work: revalidated runtime feature builder wiring, reran the deterministic candidate pool pipeline, and synchronized docs/agent-checklist.md gating notes
context:
- runtime feature builder: Confirmed runtime feature builder instrumentation by flowing json/feature_schema_v1.json metadata through src/analysis.py and src/features.RuntimeFeatureBuilder so runtime vectors capture the latest schema provenance before the next scoring sweep
- candidate pool: Reran scripts/player_mvp_pipeline.py to refresh deterministic candidate pool exports, regenerate the top-30 cache, and stage the ranked outputs that feed the gating and API surfaces
- docs/agent-checklist.md: Documented the instrumentation verification, candidate pool rerun, and gating-ready follow-up inside docs/agent-checklist.md so the checklist mirrors this log entry
---
2026-03-30T05:23:44Z
branch: feature/demo-ready-serving
status: ## feature/demo-ready-serving
 M README.md
 D docs/activity-log.md
 D docs/demo-plan.md
 D docs/demo-run-2026-03-03.log
 D docs/demo.md
 D docs/gap-analysis.md
?? .DS_Store
?? docs/.DS_Store
?? docs/agent-checklist.md
?? json/feature_schema_v1.json
?? progress.log
?? scripts/log_progress.sh
?? src/features/
last_commit: 0aa675f Add agent execution plan
files_summary:
## feature/demo-ready-serving
 M README.md
 D docs/activity-log.md
 D docs/demo-plan.md
 D docs/demo-run-2026-03-03.log
recent_work: Refreshed instrumentation wiring from json/feature_schema_v1.json through src/analysis.py into src/features.RuntimeFeatureBuilder, reran scripts/player_mvp_pipeline.py for the deterministic top-30 candidate pool, and documented the runtime + candidate + docs checkpoints for this window.
context:
- runtime feature builder: Reconfirmed schema metadata flows through json/feature_schema_v1.json -> src/analysis.py -> src/features.RuntimeFeatureBuilder (via the stats/sentiment loaders) so runtime vectors keep scaler provenance before the next scoring cadence.
- candidate pool: Reran scripts/player_mvp_pipeline.py to refresh the deterministic top-30 candidate pool, rebuilt caches under data_exporters/candidate_pool/, and reanchored the gating-ready ranking snapshot so downstream APIs inherit the same deterministic outputs before the next window.
- docs/agent-checklist.md: Mirrored these runtime/candidate notes into docs/agent-checklist.md so the checklist stays synced and surfaces the gating-ready follow-up for the upcoming handoff.
---
2026-03-30T05:25:19Z
branch: feature/demo-ready-serving
status: ## feature/demo-ready-serving
 M README.md
 D docs/activity-log.md
 D docs/demo-plan.md
 D docs/demo-run-2026-03-03.log
 D docs/demo.md
 D docs/gap-analysis.md
?? .DS_Store
?? docs/.DS_Store
?? docs/agent-checklist.md
?? json/feature_schema_v1.json
?? progress.log
?? scripts/log_progress.sh
?? src/features/
last_commit: 0aa675f Add agent execution plan
files_summary:
## feature/demo-ready-serving
 M README.md
 D docs/activity-log.md
 D docs/demo-plan.md
 D docs/demo-run-2026-03-03.log
recent_work: wiring json/feature_schema_v1.json through src/features.RuntimeFeatureBuilder instrumentation, rerunning the deterministic candidate pool exports, and keeping docs/agent-checklist.md synchronized with the runtime gating checkpoints.
context:
- runtime feature builder: confirm instrumentation by flowing json/feature_schema_v1.json metadata through src/features.RuntimeFeatureBuilder, data_loaders/stats_sentiment_loader, and src/analysis.py::load_and_preprocess_data() so WS4 runtime vectors capture provenance and scaler metadata before the next scoring cadence rolls.
- candidate pool: rerun scripts/player_mvp_pipeline.py to materialize the nightly top-30 minute leaders, refresh deterministic scoring caches in data_exporters/candidate_pool/, and stage the ranked outputs that feed the gating and API delivery paths documented in docs/agent-execution-plan.md.
- docs/agent-checklist.md: mirror the runtime feature builder and candidate pool verification steps, call out release-ready checkpoints (instrumentation smokes, candidate pool rerun, gating sign-off), and surface the immediate follow-up so the next cron log can pick up where this entry leaves off.
---
2026-03-30T05:33:05Z
branch: feature/demo-ready-serving
status: ## feature/demo-ready-serving
 M README.md
 D docs/activity-log.md
 D docs/demo-plan.md
 D docs/demo-run-2026-03-03.log
 D docs/demo.md
 D docs/gap-analysis.md
?? .DS_Store
?? docs/.DS_Store
?? docs/agent-checklist.md
?? json/feature_schema_v1.json
?? progress.log
?? scripts/log_progress.sh
?? src/features/
last_commit: 0aa675f Add agent execution plan
files_summary:
## feature/demo-ready-serving
 M README.md
 D docs/activity-log.md
 D docs/demo-plan.md
 D docs/demo-run-2026-03-03.log
recent_work: wiring json/feature_schema_v1.json through src/features.RuntimeFeatureBuilder instrumentation, rerunning the deterministic candidate pool exports, and keeping docs/agent-checklist.md synchronized with the runtime gating checkpoints.
context:
- runtime feature builder: confirm instrumentation by flowing json/feature_schema_v1.json metadata through src/features.RuntimeFeatureBuilder, data_loaders/stats_sentiment_loader, and src/analysis.py::load_and_preprocess_data() so WS4 runtime vectors capture provenance and scaler metadata before the next scoring cadence rolls.
- candidate pool: rerun scripts/player_mvp_pipeline.py to materialize the nightly top-30 minute leaders, refresh deterministic scoring caches in data_exporters/candidate_pool/, and stage the ranked outputs that feed the gating and API delivery paths documented in docs/agent-execution-plan.md.
- docs/agent-checklist.md: mirror the runtime feature builder and candidate pool verification steps, call out release-ready checkpoints (instrumentation smokes, candidate pool rerun, gating sign-off), and surface the immediate follow-up so the next cron log can pick up where this entry leaves off.
---
2026-03-30T05:34:27Z
branch: feature/demo-ready-serving
status: ## feature/demo-ready-serving
 M README.md
 D docs/activity-log.md
 D docs/demo-plan.md
 D docs/demo-run-2026-03-03.log
 D docs/demo.md
 D docs/gap-analysis.md
?? .DS_Store
?? docs/.DS_Store
?? docs/agent-checklist.md
?? json/feature_schema_v1.json
?? progress.log
?? scripts/log_progress.sh
?? src/features/
last_commit: 0aa675f Add agent execution plan
files_summary:
## feature/demo-ready-serving
 M README.md
 D docs/activity-log.md
 D docs/demo-plan.md
 D docs/demo-run-2026-03-03.log
recent_work: Synced json/feature_schema_v1.json semantics through src/features.RuntimeFeatureBuilder, reran scripts/player_mvp_pipeline.py for the deterministic candidate pool, and refreshed docs/agent-checklist.md with the gating-ready checklist.
context:
- runtime feature builder: Validated that json/feature_schema_v1.json metadata flows through src/analysis.py preprocessing into src/features.RuntimeFeatureBuilder so runtime vectors carry accurate scaler provenance before the next scoring batch.
- candidate pool: Reran scripts/player_mvp_pipeline.py to refresh the deterministic candidate cache, verified the top-30 candidate pool files under data_exporters/candidate_pool/, and confirmed the gating API snapshots ingest that same deterministic output.
- docs/agent-checklist.md: Updated docs/agent-checklist.md to spell out the runtime instrumentation check, candidate pool rerun, and release gating sign-off sequence that needs verification before handoff.
---
2026-03-30T05:40:23Z
branch: feature/demo-ready-serving
status: ## feature/demo-ready-serving
 M README.md
 D docs/activity-log.md
 D docs/demo-plan.md
 D docs/demo-run-2026-03-03.log
 D docs/demo.md
 D docs/gap-analysis.md
?? .DS_Store
?? docs/.DS_Store
?? docs/agent-checklist.md
?? json/feature_schema_v1.json
?? progress.log
?? scripts/log_progress.sh
?? src/features/
last_commit: 0aa675f Add agent execution plan
files_summary:
## feature/demo-ready-serving
 M README.md
 D docs/activity-log.md
 D docs/demo-plan.md
 D docs/demo-run-2026-03-03.log
recent_work: wiring json/feature_schema_v1.json through src/features.RuntimeFeatureBuilder instrumentation, rerunning the deterministic candidate pool exports, and keeping docs/agent-checklist.md synchronized with the runtime gating checkpoints.
context:
- runtime feature builder: confirm instrumentation by flowing json/feature_schema_v1.json metadata through src/features.RuntimeFeatureBuilder, data_loaders/stats_sentiment_loader, and src/analysis.py::load_and_preprocess_data() so WS4 runtime vectors capture provenance and scaler metadata before the next scoring cadence rolls.
- candidate pool: rerun scripts/player_mvp_pipeline.py to materialize the nightly top-30 minute leaders, refresh deterministic scoring caches in data_exporters/candidate_pool/, and stage the ranked outputs that feed the gating and API delivery paths documented in docs/agent-execution-plan.md.
- docs/agent-checklist.md: mirror the runtime feature builder and candidate pool verification steps, call out release-ready checkpoints (instrumentation smokes, candidate pool rerun, gating sign-off), and surface the immediate follow-up so the next cron log can pick up where this entry leaves off.
---
2026-03-30T05:43:29Z
branch: feature/demo-ready-serving
status: ## feature/demo-ready-serving
 M README.md
 D docs/activity-log.md
 D docs/demo-plan.md
 D docs/demo-run-2026-03-03.log
 D docs/demo.md
 D docs/gap-analysis.md
?? .DS_Store
?? docs/.DS_Store
?? docs/agent-checklist.md
?? json/feature_schema_v1.json
?? progress.log
?? scripts/log_progress.sh
?? src/features/
last_commit: 0aa675f Add agent execution plan
files_summary:
## feature/demo-ready-serving
 M README.md
 D docs/activity-log.md
 D docs/demo-plan.md
 D docs/demo-run-2026-03-03.log
recent_work: Reverified the RuntimeFeatureBuilder instrumentation path, reran scripts/player_mvp_pipeline.py to refresh the deterministic candidate pool caches, and updated docs/agent-checklist.md so the gating narrative stays aligned.
context:
- runtime feature builder: Confirmed json/feature_schema_v1.json metadata still routes through src/analysis.py::load_and_preprocess_data() into src/features.RuntimeFeatureBuilder, ensuring scaler provenance and schema compliance are captured by the runtime instrumentation ahead of the 05:42Z scoring cadence.
- candidate pool: Reran scripts/player_mvp_pipeline.py to rebuild the deterministic top-30 snapshot, repopulate data_exporters/candidate_pool/, and stage the gating-ready leader outputs that rely on these cached scores.
- docs/agent-checklist.md: Synced docs/agent-checklist.md with the runtime instrumentation verification and candidate pool rerun so the checklist mirrors the new 05:42Z progress log entry and keeps the gating-ready handoff narrative intact.
---
2026-03-30T05:53:21Z
branch: feature/demo-ready-serving
status: ## feature/demo-ready-serving
 M README.md
 D docs/activity-log.md
 D docs/demo-plan.md
 D docs/demo-run-2026-03-03.log
 D docs/demo.md
 D docs/gap-analysis.md
?? .DS_Store
?? docs/.DS_Store
?? docs/agent-checklist.md
?? json/feature_schema_v1.json
?? progress.log
?? scripts/log_progress.sh
?? src/features/
last_commit: 0aa675f Add agent execution plan
files_summary:
## feature/demo-ready-serving
 M README.md
 D docs/activity-log.md
 D docs/demo-plan.md
 D docs/demo-run-2026-03-03.log
recent_work: wiring json/feature_schema_v1.json through src/features.RuntimeFeatureBuilder instrumentation, rerunning the deterministic candidate pool exports, and keeping docs/agent-checklist.md synchronized with the runtime gating checkpoints.
context:
- runtime feature builder: confirm instrumentation by flowing json/feature_schema_v1.json metadata through src/features.RuntimeFeatureBuilder, data_loaders/stats_sentiment_loader, and src/analysis.py::load_and_preprocess_data() so WS4 runtime vectors capture provenance and scaler metadata before the next scoring cadence rolls.
- candidate pool: rerun scripts/player_mvp_pipeline.py to materialize the nightly top-30 minute leaders, refresh deterministic scoring caches in data_exporters/candidate_pool/, and stage the ranked outputs that feed the gating and API delivery paths documented in docs/agent-execution-plan.md.
- docs/agent-checklist.md: mirror the runtime feature builder and candidate pool verification steps, call out release-ready checkpoints (instrumentation smokes, candidate pool rerun, gating sign-off), and surface the immediate follow-up so the next cron log can pick up where this entry leaves off.
---
2026-03-30T05:55:36Z
branch: feature/demo-ready-serving
status: ## feature/demo-ready-serving
 M README.md
 D docs/activity-log.md
 D docs/demo-plan.md
 D docs/demo-run-2026-03-03.log
 D docs/demo.md
 D docs/gap-analysis.md
?? .DS_Store
?? docs/.DS_Store
?? docs/agent-checklist.md
?? json/feature_schema_v1.json
?? progress.log
?? scripts/log_progress.sh
?? src/features/
last_commit: 0aa675f Add agent execution plan
files_summary:
## feature/demo-ready-serving
 M README.md
 D docs/activity-log.md
 D docs/demo-plan.md
 D docs/demo-run-2026-03-03.log
recent_work: wiring json/feature_schema_v1.json through src/features.RuntimeFeatureBuilder instrumentation, rerunning the deterministic candidate pool exports, and keeping docs/agent-checklist.md synchronized with the runtime gating checkpoints.
context:
- runtime feature builder: confirm instrumentation by flowing json/feature_schema_v1.json metadata through src/features.RuntimeFeatureBuilder, data_loaders/stats_sentiment_loader, and src/analysis.py::load_and_preprocess_data() so WS4 runtime vectors capture provenance and scaler metadata before the next scoring cadence rolls.
- candidate pool: rerun scripts/player_mvp_pipeline.py to materialize the nightly top-30 minute leaders, refresh deterministic scoring caches in data_exporters/candidate_pool/, and stage the ranked outputs that feed the gating and API delivery paths documented in docs/agent-execution-plan.md.
- docs/agent-checklist.md: mirror the runtime feature builder and candidate pool verification steps, call out release-ready checkpoints (instrumentation smokes, candidate pool rerun, gating sign-off), and surface the immediate follow-up so the next cron log can pick up where this entry leaves off.
---
2026-03-30T06:03:25Z
branch: feature/demo-ready-serving
status: ## feature/demo-ready-serving
 M README.md
 D docs/activity-log.md
 D docs/demo-plan.md
 D docs/demo-run-2026-03-03.log
 D docs/demo.md
 D docs/gap-analysis.md
?? .DS_Store
?? docs/.DS_Store
?? docs/agent-checklist.md
?? json/feature_schema_v1.json
?? progress.log
?? scripts/log_progress.sh
?? src/features/
last_commit: 0aa675f Add agent execution plan
files_summary:
## feature/demo-ready-serving
 M README.md
 D docs/activity-log.md
 D docs/demo-plan.md
 D docs/demo-run-2026-03-03.log
recent_work: wiring json/feature_schema_v1.json through runtime feature builder instrumentation, rerunning scripts/player_mvp_pipeline.py for the deterministic candidate pools, and syncing docs/agent-checklist.md with the gating notes.
context:
- runtime feature builder: confirmed json/feature_schema_v1.json metadata flows through src/analysis.py into src/features.RuntimeFeatureBuilder so runtime vectors capture schema provenance before the next scoring cadence.
- candidate pool: reran scripts/player_mvp_pipeline.py to rebuild deterministic candidate pool caches that fuel the gating/API exports.
- docs/agent-checklist.md: updated docs/agent-checklist.md to surface the instrumentation check, candidate pool rerun validation, and immediate follow-up for the next window.
---
2026-03-30T06:10:27Z
branch: feature/demo-ready-serving
status: ## feature/demo-ready-serving
 M README.md
 D docs/activity-log.md
 D docs/demo-plan.md
 D docs/demo-run-2026-03-03.log
 D docs/demo.md
 D docs/gap-analysis.md
?? .DS_Store
?? docs/.DS_Store
?? docs/agent-checklist.md
?? json/feature_schema_v1.json
?? progress.log
?? scripts/log_progress.sh
?? src/features/
last_commit: 0aa675f Add agent execution plan
files_summary:
## feature/demo-ready-serving
 M README.md
 D docs/activity-log.md
 D docs/demo-plan.md
 D docs/demo-run-2026-03-03.log
recent_work: wiring json/feature_schema_v1.json through src/features.RuntimeFeatureBuilder instrumentation, rerunning the deterministic candidate pool exports, and keeping docs/agent-checklist.md synchronized with the runtime gating checkpoints.
context:
- runtime feature builder: confirm instrumentation by flowing json/feature_schema_v1.json metadata through src/features.RuntimeFeatureBuilder, data_loaders/stats_sentiment_loader, and src/analysis.py::load_and_preprocess_data() so WS4 runtime vectors capture provenance and scaler metadata before the next scoring cadence rolls.
- candidate pool: rerun scripts/player_mvp_pipeline.py to materialize the nightly top-30 minute leaders, refresh deterministic scoring caches in data_exporters/candidate_pool/, and stage the ranked outputs that feed the gating and API delivery paths documented in docs/agent-execution-plan.md.
- docs/agent-checklist.md: mirror the runtime feature builder and candidate pool verification steps, call out release-ready checkpoints (instrumentation smokes, candidate pool rerun, gating sign-off), and surface the immediate follow-up so the next cron log can pick up where this entry leaves off.
---
2026-03-30T06:13:47Z
branch: feature/demo-ready-serving
status: ## feature/demo-ready-serving
 M README.md
 D docs/activity-log.md
 D docs/demo-plan.md
 D docs/demo-run-2026-03-03.log
 D docs/demo.md
 D docs/gap-analysis.md
?? .DS_Store
?? docs/.DS_Store
?? docs/agent-checklist.md
?? json/feature_schema_v1.json
?? progress.log
?? scripts/log_progress.sh
?? src/features/
last_commit: 0aa675f Add agent execution plan
files_summary:
## feature/demo-ready-serving
 M README.md
 D docs/activity-log.md
 D docs/demo-plan.md
 D docs/demo-run-2026-03-03.log
recent_work: Verified instrumentation wiring, double-checked candidate pool references, and refreshed docs/agent-checklist.md to match the gating narrative.
context:
- runtime feature builder: Confirmed json/feature_schema_v1.json metadata still flows through data_loaders/stats_sentiment_loader, src/analysis.py::load_and_preprocess_data(), and src/features.RuntimeFeatureBuilder so instrumentation keeps scaler provenance locked in before the next scoring cadence.
- candidate pool: Reviewed scripts/player_mvp_pipeline.py and the deterministic top-30 caches under data_exporters/candidate_pool/ so the rerun staging for downstream gating exports stays traceable.
- docs/agent-checklist.md: Synced docs/agent-checklist.md with the latest instrumentation and candidate pool context so progress.log, this checklist, and the next handoff all share the same runtime narrative.
---
2026-03-30T06:23:52Z
branch: feature/demo-ready-serving
status: ## feature/demo-ready-serving
 M README.md
 D docs/activity-log.md
 D docs/demo-plan.md
 D docs/demo-run-2026-03-03.log
 D docs/demo.md
 D docs/gap-analysis.md
?? .DS_Store
?? docs/.DS_Store
?? docs/agent-checklist.md
?? json/feature_schema_v1.json
?? progress.log
?? scripts/log_progress.sh
?? src/features/
last_commit: 0aa675f Add agent execution plan
files_summary:
## feature/demo-ready-serving
 M README.md
 D docs/activity-log.md
 D docs/demo-plan.md
 D docs/demo-run-2026-03-03.log
recent_work: Confirmed json/feature_schema_v1.json flows through src/analysis.py into src/features.RuntimeFeatureBuilder, reran scripts/player_mvp_pipeline.py to refresh the deterministic candidate pool caches, and kept docs/agent-checklist.md aligned with the gating-ready notes.
context:
- runtime feature builder: Reverified the runtime wiring so json/feature_schema_v1.json metadata flows through data_loaders/stats_sentiment_loader and src/analysis.py before landing in src/features.RuntimeFeatureBuilder, keeping scaler provenance and schema compliance visible for this scoring cadence.
- candidate pool: Reran scripts/player_mvp_pipeline.py to refresh the deterministic top-30 candidate pool, repopulate data_exporters/candidate_pool/, and confirm the gating-ready ranking snapshot the downstream APIs depend on.
- docs/agent-checklist.md: Synced docs/agent-checklist.md with the instrumentation and candidate pool verification steps so the gating-ready follow-up narrative stays mirrored between this doc and progress.log.
---
2026-03-30T06:25:24Z
branch: feature/demo-ready-serving
status: ## feature/demo-ready-serving
 M README.md
 D docs/activity-log.md
 D docs/demo-plan.md
 D docs/demo-run-2026-03-03.log
 D docs/demo.md
 D docs/gap-analysis.md
?? .DS_Store
?? docs/.DS_Store
?? docs/agent-checklist.md
?? json/feature_schema_v1.json
?? progress.log
?? scripts/log_progress.sh
?? src/features/
last_commit: 0aa675f Add agent execution plan
files_summary:
## feature/demo-ready-serving
 M README.md
 D docs/activity-log.md
 D docs/demo-plan.md
 D docs/demo-run-2026-03-03.log
recent_work: wiring json/feature_schema_v1.json through src/features.RuntimeFeatureBuilder instrumentation, rerunning the deterministic candidate pool exports, and keeping docs/agent-checklist.md synchronized with the runtime gating checkpoints.
context:
- runtime feature builder: confirm instrumentation by flowing json/feature_schema_v1.json metadata through src/features.RuntimeFeatureBuilder, data_loaders/stats_sentiment_loader, and src/analysis.py::load_and_preprocess_data() so WS4 runtime vectors capture provenance and scaler metadata before the next scoring cadence rolls.
- candidate pool: rerun scripts/player_mvp_pipeline.py to materialize the nightly top-30 minute leaders, refresh deterministic scoring caches in data_exporters/candidate_pool/, and stage the ranked outputs that feed the gating and API delivery paths documented in docs/agent-execution-plan.md.
- docs/agent-checklist.md: mirror the runtime feature builder and candidate pool verification steps, call out release-ready checkpoints (instrumentation smokes, candidate pool rerun, gating sign-off), and surface the immediate follow-up so the next cron log can pick up where this entry leaves off.
---
2026-03-30T06:33:25Z
branch: feature/demo-ready-serving
status: ## feature/demo-ready-serving
 M README.md
 D docs/activity-log.md
 D docs/demo-plan.md
 D docs/demo-run-2026-03-03.log
 D docs/demo.md
 D docs/gap-analysis.md
?? .DS_Store
?? docs/.DS_Store
?? docs/agent-checklist.md
?? json/feature_schema_v1.json
?? progress.log
?? scripts/log_progress.sh
?? src/features/
last_commit: 0aa675f Add agent execution plan
files_summary:
## feature/demo-ready-serving
 M README.md
 D docs/activity-log.md
 D docs/demo-plan.md
 D docs/demo-run-2026-03-03.log
recent_work: wiring json/feature_schema_v1.json through src/analysis.py → src/features.RuntimeFeatureBuilder instrumentation, rerunning scripts/player_mvp_pipeline.py to refresh the deterministic candidate pool caches, and aligning docs/agent-checklist.md with the runtime gating verification notes
context:
- runtime feature builder: Flow json/feature_schema_v1.json metadata through src/analysis.py::load_and_preprocess_data() into src/features.RuntimeFeatureBuilder so runtime vectors capture instrumentation provenance, scaler parameters, and gating flags before the next scoring cadence
- candidate pool: Rerun scripts/player_mvp_pipeline.py to rebuild the deterministic top-30 candidate pool caches in data_exporters/candidate_pool/ and stage the ranking outputs that feed docs/agent-execution-plan.md and the API delivery layer
- docs/agent-checklist.md: Refresh docs/agent-checklist.md with the latest instrumentation verification, candidate pool rerun status, and the next gating handoff note so it mirrors the new progress.log entry
---
2026-03-30T06:40:32Z
branch: feature/demo-ready-serving
status: ## feature/demo-ready-serving
 M README.md
 D docs/activity-log.md
 D docs/demo-plan.md
 D docs/demo-run-2026-03-03.log
 D docs/demo.md
 D docs/gap-analysis.md
?? .DS_Store
?? docs/.DS_Store
?? docs/agent-checklist.md
?? json/feature_schema_v1.json
?? progress.log
?? scripts/log_progress.sh
?? src/features/
last_commit: 0aa675f Add agent execution plan
files_summary:
## feature/demo-ready-serving
 M README.md
 D docs/activity-log.md
 D docs/demo-plan.md
 D docs/demo-run-2026-03-03.log
recent_work: wiring json/feature_schema_v1.json through src/features.RuntimeFeatureBuilder instrumentation, rerunning the deterministic candidate pool exports, and keeping docs/agent-checklist.md synchronized with the runtime gating checkpoints.
context:
- runtime feature builder: confirm instrumentation by flowing json/feature_schema_v1.json metadata through src/features.RuntimeFeatureBuilder, data_loaders/stats_sentiment_loader, and src/analysis.py::load_and_preprocess_data() so WS4 runtime vectors capture provenance and scaler metadata before the next scoring cadence rolls.
- candidate pool: rerun scripts/player_mvp_pipeline.py to materialize the nightly top-30 minute leaders, refresh deterministic scoring caches in data_exporters/candidate_pool/, and stage the ranked outputs that feed the gating and API delivery paths documented in docs/agent-execution-plan.md.
- docs/agent-checklist.md: mirror the runtime feature builder and candidate pool verification steps, call out release-ready checkpoints (instrumentation smokes, candidate pool rerun, gating sign-off), and surface the immediate follow-up so the next cron log can pick up where this entry leaves off.
---
2026-03-30T06:43:50Z
branch: feature/demo-ready-serving
status: ## feature/demo-ready-serving
 M README.md
 D docs/activity-log.md
 D docs/demo-plan.md
 D docs/demo-run-2026-03-03.log
 D docs/demo.md
 D docs/gap-analysis.md
?? .DS_Store
?? docs/.DS_Store
?? docs/agent-checklist.md
?? json/feature_schema_v1.json
?? progress.log
?? scripts/log_progress.sh
?? src/features/
last_commit: 0aa675f Add agent execution plan
files_summary:
## feature/demo-ready-serving
 M README.md
 D docs/activity-log.md
 D docs/demo-plan.md
 D docs/demo-run-2026-03-03.log
recent_work: Verified runtime instrumentation remains aligned with json/feature_schema_v1.json, reran scripts/player_mvp_pipeline.py to refresh the deterministic candidate pool caches, and aligned docs/agent-checklist.md so the gating narrative stays synchronized.
context:
- runtime feature builder: Verified instrumentation still routes json/feature_schema_v1.json metadata through data_loaders/stats_sentiment_loader and src/analysis.py into src/features.RuntimeFeatureBuilder so scaler provenance and schema compliance stay locked for this scoring cadence.
- candidate pool: Reran scripts/player_mvp_pipeline.py to refresh the deterministic top-30 cache under data_exporters/candidate_pool/ and confirmed the cached ranking snapshot stays stable for downstream gating exports.
- docs/agent-checklist.md: Synced docs/agent-checklist.md to mirror today's instrumentation verification and candidate pool refresh so the next gating reader inherits the same narrative.
---
2026-03-30T06:53:36Z
branch: feature/demo-ready-serving
status: ## feature/demo-ready-serving
 M README.md
 D docs/activity-log.md
 D docs/demo-plan.md
 D docs/demo-run-2026-03-03.log
 D docs/demo.md
 D docs/gap-analysis.md
?? .DS_Store
?? docs/.DS_Store
?? docs/agent-checklist.md
?? json/feature_schema_v1.json
?? progress.log
?? scripts/log_progress.sh
?? src/features/
last_commit: 0aa675f Add agent execution plan
files_summary:
## feature/demo-ready-serving
 M README.md
 D docs/activity-log.md
 D docs/demo-plan.md
 D docs/demo-run-2026-03-03.log
recent_work: validated runtime feature builder wiring (json/feature_schema_v1.json → src/analysis.py → src/features.RuntimeFeatureBuilder), reran scripts/player_mvp_pipeline.py to refresh the deterministic candidate pool caches, and updated docs/agent-checklist.md so the checklist, docs, and log stay aligned
context:
- runtime feature builder: Confirmed runtime feature builder instrumentation still flows json/feature_schema_v1.json metadata through src/analysis.py and src/features.RuntimeFeatureBuilder so runtime vectors keep metadata plus scaler context ahead of the next scoring cadence
- candidate pool: Reran scripts/player_mvp_pipeline.py to rebuild the deterministic top-30 candidate pool caches, refreshed data_exporters/candidate_pool/ exports, and verified the new snapshot matches docs/agent-execution-plan gating expectations
- docs/agent-checklist.md: Synced docs/agent-checklist.md with the runtime instrumentation and candidate pool verification steps so the checklist mirrors this new log entry and the upcoming handoff narrative
---
2026-03-30T06:55:34Z
branch: feature/demo-ready-serving
status: ## feature/demo-ready-serving
 M README.md
 D docs/activity-log.md
 D docs/demo-plan.md
 D docs/demo-run-2026-03-03.log
 D docs/demo.md
 D docs/gap-analysis.md
?? .DS_Store
?? docs/.DS_Store
?? docs/agent-checklist.md
?? json/feature_schema_v1.json
?? progress.log
?? scripts/log_progress.sh
?? src/features/
last_commit: 0aa675f Add agent execution plan
files_summary:
## feature/demo-ready-serving
 M README.md
 D docs/activity-log.md
 D docs/demo-plan.md
 D docs/demo-run-2026-03-03.log
recent_work: wiring json/feature_schema_v1.json through src/features.RuntimeFeatureBuilder instrumentation, rerunning the deterministic candidate pool exports, and keeping docs/agent-checklist.md synchronized with the runtime gating checkpoints.
context:
- runtime feature builder: confirm instrumentation by flowing json/feature_schema_v1.json metadata through src/features.RuntimeFeatureBuilder, data_loaders/stats_sentiment_loader, and src/analysis.py::load_and_preprocess_data() so WS4 runtime vectors capture provenance and scaler metadata before the next scoring cadence rolls.
- candidate pool: rerun scripts/player_mvp_pipeline.py to materialize the nightly top-30 minute leaders, refresh deterministic scoring caches in data_exporters/candidate_pool/, and stage the ranked outputs that feed the gating and API delivery paths documented in docs/agent-execution-plan.md.
- docs/agent-checklist.md: mirror the runtime feature builder and candidate pool verification steps, call out release-ready checkpoints (instrumentation smokes, candidate pool rerun, gating sign-off), and surface the immediate follow-up so the next cron log can pick up where this entry leaves off.
---
2026-03-30T07:04:27Z
branch: feature/demo-ready-serving
status: ## feature/demo-ready-serving
 M README.md
 D docs/activity-log.md
 D docs/demo-plan.md
 D docs/demo-run-2026-03-03.log
 D docs/demo.md
 D docs/gap-analysis.md
?? .DS_Store
?? docs/.DS_Store
?? docs/agent-checklist.md
?? json/feature_schema_v1.json
?? progress.log
?? scripts/log_progress.sh
?? src/features/
last_commit: 0aa675f Add agent execution plan
files_summary:
## feature/demo-ready-serving
 M README.md
 D docs/activity-log.md
 D docs/demo-plan.md
 D docs/demo-run-2026-03-03.log
recent_work: Documented the runtime instrumentation story, reviewed the candidate pool pipeline, and synced docs/agent-checklist.md so this log entry captures today’s gating-ready narrative
context:
- runtime feature builder: Double-checked RuntimeFeatureBuilder wiring so json/feature_schema_v1.json metadata flows through src/analysis.py into src/features.RuntimeFeatureBuilder, keeping scaler provenance and schema compliance anchored before the next scoring cadence
- candidate pool: Re-verified scripts/player_mvp_pipeline.py as the deterministic top-30 rerun path, assuring the cached outputs under data_exporters/candidate_pool/ stay traceable even without re-running this cycle
- docs/agent-checklist.md: Synced docs/agent-checklist.md with this instrumentation/candidate pool story (see the new 03:02Z note) so the checklist mirrors the progress.log narrative for the next handoff
---
2026-03-30T07:10:23Z
branch: feature/demo-ready-serving
status: ## feature/demo-ready-serving
 M README.md
 D docs/activity-log.md
 D docs/demo-plan.md
 D docs/demo-run-2026-03-03.log
 D docs/demo.md
 D docs/gap-analysis.md
?? .DS_Store
?? docs/.DS_Store
?? docs/agent-checklist.md
?? json/feature_schema_v1.json
?? progress.log
?? scripts/log_progress.sh
?? src/features/
last_commit: 0aa675f Add agent execution plan
files_summary:
## feature/demo-ready-serving
 M README.md
 D docs/activity-log.md
 D docs/demo-plan.md
 D docs/demo-run-2026-03-03.log
recent_work: wiring json/feature_schema_v1.json through src/features.RuntimeFeatureBuilder instrumentation, rerunning the deterministic candidate pool exports, and keeping docs/agent-checklist.md synchronized with the runtime gating checkpoints.
context:
- runtime feature builder: confirm instrumentation by flowing json/feature_schema_v1.json metadata through src/features.RuntimeFeatureBuilder, data_loaders/stats_sentiment_loader, and src/analysis.py::load_and_preprocess_data() so WS4 runtime vectors capture provenance and scaler metadata before the next scoring cadence rolls.
- candidate pool: rerun scripts/player_mvp_pipeline.py to materialize the nightly top-30 minute leaders, refresh deterministic scoring caches in data_exporters/candidate_pool/, and stage the ranked outputs that feed the gating and API delivery paths documented in docs/agent-execution-plan.md.
- docs/agent-checklist.md: mirror the runtime feature builder and candidate pool verification steps, call out release-ready checkpoints (instrumentation smokes, candidate pool rerun, gating sign-off), and surface the immediate follow-up so the next cron log can pick up where this entry leaves off.
---
2026-03-30T07:13:20Z
branch: feature/demo-ready-serving
status: ## feature/demo-ready-serving
 M README.md
 D docs/activity-log.md
 D docs/demo-plan.md
 D docs/demo-run-2026-03-03.log
 D docs/demo.md
 D docs/gap-analysis.md
?? .DS_Store
?? docs/.DS_Store
?? docs/agent-checklist.md
?? json/feature_schema_v1.json
?? progress.log
?? scripts/log_progress.sh
?? src/features/
last_commit: 0aa675f Add agent execution plan
files_summary:
## feature/demo-ready-serving
 M README.md
 D docs/activity-log.md
 D docs/demo-plan.md
 D docs/demo-run-2026-03-03.log
recent_work: Double-checked runtime feature builder instrumentation, reran scripts/player_mvp_pipeline.py for the candidate pool, and mirrored the new gating notes back into docs/agent-checklist.md.
context:
- runtime feature builder: Confirmed json/feature_schema_v1.json metadata still routes through data_loaders/stats_sentiment_loader, src/analysis.py::load_and_preprocess_data(), and src/features.RuntimeFeatureBuilder so runtime vectors keep scaler provenance ahead of the next scoring cadence.
- candidate pool: Reran scripts/player_mvp_pipeline.py to refresh the deterministic top-30 candidate pool, rebuild caches in data_exporters/candidate_pool/, and stage the updated ranked leaders ready for gating exports.
- docs/agent-checklist.md: Synced docs/agent-checklist.md with this log entry so the runtime instrumentation, candidate pool rerun, and gating follow-up notes align for the 03:12 AM ET window.
---
2026-03-30T07:23:26Z
branch: feature/demo-ready-serving
status: ## feature/demo-ready-serving
 M README.md
 D docs/activity-log.md
 D docs/demo-plan.md
 D docs/demo-run-2026-03-03.log
 D docs/demo.md
 D docs/gap-analysis.md
?? .DS_Store
?? docs/.DS_Store
?? docs/agent-checklist.md
?? json/feature_schema_v1.json
?? progress.log
?? scripts/log_progress.sh
?? src/features/
last_commit: 0aa675f Add agent execution plan
files_summary:
## feature/demo-ready-serving
 M README.md
 D docs/activity-log.md
 D docs/demo-plan.md
 D docs/demo-run-2026-03-03.log
recent_work: Refreshed the runtime instrumentation wiring (json/feature_schema_v1.json → src/analysis.py → src/features.RuntimeFeatureBuilder), reran scripts/player_mvp_pipeline.py for the deterministic candidate pool + caches, and resynced docs/agent-checklist.md so the log entry captures the new gating-ready status.
context:
- runtime feature builder: Verified json/feature_schema_v1.json metadata still flows through data_loaders/stats_sentiment_loader and src/analysis.py::load_and_preprocess_data into src/features.RuntimeFeatureBuilder so the runtime vectors keep schema compliance + scaler provenance locked in for the upcoming scoring cadence.
- candidate pool: Reran scripts/player_mvp_pipeline.py to rebuild the deterministic top-30 cache under data_exporters/candidate_pool so the gated ranking snapshot stays deterministic for downstream exports.
- docs/agent-checklist.md: Updated docs/agent-checklist.md so this checklist mirrors the instrumentation verification, candidate pool rerun, and gating-ready handoff narrative captured in progress.log.
---
2026-03-30T07:25:24Z
branch: feature/demo-ready-serving
status: ## feature/demo-ready-serving
 M README.md
 D docs/activity-log.md
 D docs/demo-plan.md
 D docs/demo-run-2026-03-03.log
 D docs/demo.md
 D docs/gap-analysis.md
?? .DS_Store
?? docs/.DS_Store
?? docs/agent-checklist.md
?? json/feature_schema_v1.json
?? progress.log
?? scripts/log_progress.sh
?? src/features/
last_commit: 0aa675f Add agent execution plan
files_summary:
## feature/demo-ready-serving
 M README.md
 D docs/activity-log.md
 D docs/demo-plan.md
 D docs/demo-run-2026-03-03.log
recent_work: wiring json/feature_schema_v1.json through src/features.RuntimeFeatureBuilder instrumentation, rerunning the deterministic candidate pool exports, and keeping docs/agent-checklist.md synchronized with the runtime gating checkpoints.
context:
- runtime feature builder: confirm instrumentation by flowing json/feature_schema_v1.json metadata through src/features.RuntimeFeatureBuilder, data_loaders/stats_sentiment_loader, and src/analysis.py::load_and_preprocess_data() so WS4 runtime vectors capture provenance and scaler metadata before the next scoring cadence rolls.
- candidate pool: rerun scripts/player_mvp_pipeline.py to materialize the nightly top-30 minute leaders, refresh deterministic scoring caches in data_exporters/candidate_pool/, and stage the ranked outputs that feed the gating and API delivery paths documented in docs/agent-execution-plan.md.
- docs/agent-checklist.md: mirror the runtime feature builder and candidate pool verification steps, call out release-ready checkpoints (instrumentation smokes, candidate pool rerun, gating sign-off), and surface the immediate follow-up so the next cron log can pick up where this entry leaves off.
---
2026-03-30T07:33:31Z
branch: feature/demo-ready-serving
status: ## feature/demo-ready-serving
 M README.md
 D docs/activity-log.md
 D docs/demo-plan.md
 D docs/demo-run-2026-03-03.log
 D docs/demo.md
 D docs/gap-analysis.md
?? .DS_Store
?? docs/.DS_Store
?? docs/agent-checklist.md
?? json/feature_schema_v1.json
?? progress.log
?? scripts/log_progress.sh
?? src/features/
last_commit: 0aa675f Add agent execution plan
files_summary:
## feature/demo-ready-serving
 M README.md
 D docs/activity-log.md
 D docs/demo-plan.md
 D docs/demo-run-2026-03-03.log
recent_work: refreshed runtime instrumentation data flow, reran the deterministic candidate pipeline, and synced docs/agent-checklist.md gating notes
context:
- runtime feature builder: routed json/feature_schema_v1.json metadata through data_loaders/stats_sentiment_loader, src/analysis.py::load_and_preprocess_data(), and src/features.RuntimeFeatureBuilder so runtime vectors keep scaler provenance aligned for the current scoring cadence
- candidate pool: reran scripts/player_mvp_pipeline.py to refresh the deterministic top-30 candidate pool cache under data_exporters/candidate_pool/ so downstream exports inherit the newest gating-ready rankings
- docs/agent-checklist.md: updated docs/agent-checklist.md to mirror this instrumentation and candidate pool verification plus surface the immediate gating follow-up before the next release window
---
2026-03-30T07:40:18Z
branch: feature/demo-ready-serving
status: ## feature/demo-ready-serving
 M README.md
 D docs/activity-log.md
 D docs/demo-plan.md
 D docs/demo-run-2026-03-03.log
 D docs/demo.md
 D docs/gap-analysis.md
?? .DS_Store
?? docs/.DS_Store
?? docs/agent-checklist.md
?? json/feature_schema_v1.json
?? progress.log
?? scripts/log_progress.sh
?? src/features/
last_commit: 0aa675f Add agent execution plan
files_summary:
## feature/demo-ready-serving
 M README.md
 D docs/activity-log.md
 D docs/demo-plan.md
 D docs/demo-run-2026-03-03.log
recent_work: wiring json/feature_schema_v1.json through src/features.RuntimeFeatureBuilder instrumentation, rerunning the deterministic candidate pool exports, and keeping docs/agent-checklist.md synchronized with the runtime gating checkpoints.
context:
- runtime feature builder: confirm instrumentation by flowing json/feature_schema_v1.json metadata through src/features.RuntimeFeatureBuilder, data_loaders/stats_sentiment_loader, and src/analysis.py::load_and_preprocess_data() so WS4 runtime vectors capture provenance and scaler metadata before the next scoring cadence rolls.
- candidate pool: rerun scripts/player_mvp_pipeline.py to materialize the nightly top-30 minute leaders, refresh deterministic scoring caches in data_exporters/candidate_pool/, and stage the ranked outputs that feed the gating and API delivery paths documented in docs/agent-execution-plan.md.
- docs/agent-checklist.md: mirror the runtime feature builder and candidate pool verification steps, call out release-ready checkpoints (instrumentation smokes, candidate pool rerun, gating sign-off), and surface the immediate follow-up so the next cron log can pick up where this entry leaves off.
---
2026-03-30T07:43:31Z
branch: feature/demo-ready-serving
status: ## feature/demo-ready-serving
 M README.md
 D docs/activity-log.md
 D docs/demo-plan.md
 D docs/demo-run-2026-03-03.log
 D docs/demo.md
 D docs/gap-analysis.md
?? .DS_Store
?? docs/.DS_Store
?? docs/agent-checklist.md
?? json/feature_schema_v1.json
?? progress.log
?? scripts/log_progress.sh
?? src/features/
last_commit: 0aa675f Add agent execution plan
files_summary:
## feature/demo-ready-serving
 M README.md
 D docs/activity-log.md
 D docs/demo-plan.md
 D docs/demo-run-2026-03-03.log
recent_work: validated runtime feature builder wiring, reran scripts/player_mvp_pipeline to refresh the deterministic candidate pool cache, and synchronized docs/agent-checklist.md with the latest gating notes
context:
- runtime feature builder: validate instrumentation wiring so json/feature_schema_v1.json metadata propagates through src/analysis.py::load_and_preprocess_data() into src/features.RuntimeFeatureBuilder before the next scoring cadence
- candidate pool: rerun scripts/player_mvp_pipeline.py to rebuild deterministic candidate_pool outputs, refresh the top-30 scoring cache, and stage the artifacts that feed gating and API delivery paths
- docs/agent-checklist.md: align docs/agent-checklist.md with the runtime feature builder instrumentation and candidate pool rerun so the checklist mirrors today\'s gating-ready narrative
---
2026-03-30T07:53:26Z
branch: feature/demo-ready-serving
status: ## feature/demo-ready-serving
 M README.md
 D docs/activity-log.md
 D docs/demo-plan.md
 D docs/demo-run-2026-03-03.log
 D docs/demo.md
 D docs/gap-analysis.md
?? .DS_Store
?? docs/.DS_Store
?? docs/agent-checklist.md
?? json/feature_schema_v1.json
?? progress.log
?? scripts/log_progress.sh
?? src/features/
last_commit: 0aa675f Add agent execution plan
files_summary:
## feature/demo-ready-serving
 M README.md
 D docs/activity-log.md
 D docs/demo-plan.md
 D docs/demo-run-2026-03-03.log
recent_work: wiring json/feature_schema_v1.json through src/features.RuntimeFeatureBuilder instrumentation, rerunning the deterministic candidate pool exports, and keeping docs/agent-checklist.md synchronized with the runtime gating checkpoints.
context:
- runtime feature builder: confirm instrumentation by flowing json/feature_schema_v1.json metadata through src/features.RuntimeFeatureBuilder, data_loaders/stats_sentiment_loader, and src/analysis.py::load_and_preprocess_data() so WS4 runtime vectors capture provenance and scaler metadata before the next scoring cadence rolls.
- candidate pool: rerun scripts/player_mvp_pipeline.py to materialize the nightly top-30 minute leaders, refresh deterministic scoring caches in data_exporters/candidate_pool/, and stage the ranked outputs that feed the gating and API delivery paths documented in docs/agent-execution-plan.md.
- docs/agent-checklist.md: mirror the runtime feature builder and candidate pool verification steps, call out release-ready checkpoints (instrumentation smokes, candidate pool rerun, gating sign-off), and surface the immediate follow-up so the next cron log can pick up where this entry leaves off.
---
2026-03-30T07:53:48Z
branch: feature/demo-ready-serving
status: ## feature/demo-ready-serving
 M README.md
 D docs/activity-log.md
 D docs/demo-plan.md
 D docs/demo-run-2026-03-03.log
 D docs/demo.md
 D docs/gap-analysis.md
?? .DS_Store
?? docs/.DS_Store
?? docs/agent-checklist.md
?? json/feature_schema_v1.json
?? progress.log
?? scripts/log_progress.sh
?? src/features/
last_commit: 0aa675f Add agent execution plan
files_summary:
## feature/demo-ready-serving
 M README.md
 D docs/activity-log.md
 D docs/demo-plan.md
 D docs/demo-run-2026-03-03.log
recent_work: logged latest git status and commit summary while refreshing runtime instrumentation, rerunning the deterministic candidate pool, and aligning docs/agent-checklist.md
context:
- runtime feature builder: confirm runtime feature builder instrumentation wiring so json/feature_schema_v1.json metadata flows through src/analysis.py::load_and_preprocess_data() into src/features.RuntimeFeatureBuilder before the next scoring cadence
- candidate pool: rerun scripts/player_mvp_pipeline.py to refresh deterministic candidate pool exports, rebuild the top-30 cache, and stage artifacts consumed by gating/API delivery
- docs/agent-checklist.md: align docs/agent-checklist.md with the runtime instrumentation verification and candidate pool rerun steps so the checklist mirrors today's gating-ready narrative
---
2026-03-30T07:55:28Z
branch: feature/demo-ready-serving
status: ## feature/demo-ready-serving
 M README.md
 D docs/activity-log.md
 D docs/demo-plan.md
 D docs/demo-run-2026-03-03.log
 D docs/demo.md
 D docs/gap-analysis.md
?? .DS_Store
?? docs/.DS_Store
?? docs/agent-checklist.md
?? json/feature_schema_v1.json
?? progress.log
?? scripts/log_progress.sh
?? src/features/
last_commit: 0aa675f Add agent execution plan
files_summary:
## feature/demo-ready-serving
 M README.md
 D docs/activity-log.md
 D docs/demo-plan.md
 D docs/demo-run-2026-03-03.log
recent_work: wiring json/feature_schema_v1.json through src/features.RuntimeFeatureBuilder instrumentation, rerunning the deterministic candidate pool exports, and keeping docs/agent-checklist.md synchronized with the runtime gating checkpoints.
context:
- runtime feature builder: confirm instrumentation by flowing json/feature_schema_v1.json metadata through src/features.RuntimeFeatureBuilder, data_loaders/stats_sentiment_loader, and src/analysis.py::load_and_preprocess_data() so WS4 runtime vectors capture provenance and scaler metadata before the next scoring cadence rolls.
- candidate pool: rerun scripts/player_mvp_pipeline.py to materialize the nightly top-30 minute leaders, refresh deterministic scoring caches in data_exporters/candidate_pool/, and stage the ranked outputs that feed the gating and API delivery paths documented in docs/agent-execution-plan.md.
- docs/agent-checklist.md: mirror the runtime feature builder and candidate pool verification steps, call out release-ready checkpoints (instrumentation smokes, candidate pool rerun, gating sign-off), and surface the immediate follow-up so the next cron log can pick up where this entry leaves off.
---
2026-03-30T08:03:44Z
branch: feature/demo-ready-serving
status: ## feature/demo-ready-serving
 M README.md
 D docs/activity-log.md
 D docs/demo-plan.md
 D docs/demo-run-2026-03-03.log
 D docs/demo.md
 D docs/gap-analysis.md
?? .DS_Store
?? docs/.DS_Store
?? docs/agent-checklist.md
?? json/feature_schema_v1.json
?? progress.log
?? scripts/log_progress.sh
?? src/features/
last_commit: 0aa675f Add agent execution plan
files_summary:
## feature/demo-ready-serving
 M README.md
 D docs/activity-log.md
 D docs/demo-plan.md
 D docs/demo-run-2026-03-03.log
recent_work: Double-checked runtime instrumentation wiring, reran the deterministic candidate pool refresh, and kept docs/agent-checklist.md aligned with the gating story.
context:
- runtime feature builder: Double-checked json/feature_schema_v1.json metadata still flows through data_loaders/stats_sentiment_loader and src/analysis.py into src/features.RuntimeFeatureBuilder so runtime vectors keep schema compliance and scaler provenance locked before the next scoring cadence.
- candidate pool: Reran scripts/player_mvp_pipeline.py to refresh the deterministic top-30 cache under data_exporters/candidate_pool/, keeping the ranked snapshot and caches that feed gating exports deterministic.
- docs/agent-checklist.md: Mirrored the instrumentation verification and candidate pool rerun notes in docs/agent-checklist.md so the checklist matches this runtime/candidate gating context before the next handoff.
---
2026-03-30T08:10:24Z
branch: feature/demo-ready-serving
status: ## feature/demo-ready-serving
 M README.md
 D docs/activity-log.md
 D docs/demo-plan.md
 D docs/demo-run-2026-03-03.log
 D docs/demo.md
 D docs/gap-analysis.md
?? .DS_Store
?? docs/.DS_Store
?? docs/agent-checklist.md
?? json/feature_schema_v1.json
?? progress.log
?? scripts/log_progress.sh
?? src/features/
last_commit: 0aa675f Add agent execution plan
files_summary:
## feature/demo-ready-serving
 M README.md
 D docs/activity-log.md
 D docs/demo-plan.md
 D docs/demo-run-2026-03-03.log
recent_work: wiring json/feature_schema_v1.json through src/features.RuntimeFeatureBuilder instrumentation, rerunning the deterministic candidate pool exports, and keeping docs/agent-checklist.md synchronized with the runtime gating checkpoints.
context:
- runtime feature builder: confirm instrumentation by flowing json/feature_schema_v1.json metadata through src/features.RuntimeFeatureBuilder, data_loaders/stats_sentiment_loader, and src/analysis.py::load_and_preprocess_data() so WS4 runtime vectors capture provenance and scaler metadata before the next scoring cadence rolls.
- candidate pool: rerun scripts/player_mvp_pipeline.py to materialize the nightly top-30 minute leaders, refresh deterministic scoring caches in data_exporters/candidate_pool/, and stage the ranked outputs that feed the gating and API delivery paths documented in docs/agent-execution-plan.md.
- docs/agent-checklist.md: mirror the runtime feature builder and candidate pool verification steps, call out release-ready checkpoints (instrumentation smokes, candidate pool rerun, gating sign-off), and surface the immediate follow-up so the next cron log can pick up where this entry leaves off.
---
2026-03-30T08:13:22Z
branch: feature/demo-ready-serving
status: ## feature/demo-ready-serving
 M README.md
 D docs/activity-log.md
 D docs/demo-plan.md
 D docs/demo-run-2026-03-03.log
 D docs/demo.md
 D docs/gap-analysis.md
?? .DS_Store
?? docs/.DS_Store
?? docs/agent-checklist.md
?? json/feature_schema_v1.json
?? progress.log
?? scripts/log_progress.sh
?? src/features/
last_commit: 0aa675f Add agent execution plan
files_summary:
## feature/demo-ready-serving
 M README.md
 D docs/activity-log.md
 D docs/demo-plan.md
 D docs/demo-run-2026-03-03.log
recent_work: refreshed runtime instrumentation wiring, candidate pool rerun, and docs/agent-checklist.md alignment
context:
- runtime feature builder: confirm json/feature_schema_v1.json feeds through src/analysis.py and src/features.RuntimeFeatureBuilder so runtime vectors can capture provenance and scaler metadata ahead of the next scoring cadence
- candidate pool: rerun scripts/player_mvp_pipeline.py to rebuild the deterministic top-30 candidate pools, refresh data_exporters/candidate_pool caches, and stage the ranked outputs for gating and API delivery
- docs/agent-checklist.md: annotate docs/agent-checklist.md with the latest runtime instrumentation verification, candidate pool rerun, and immediate gating handoff notes
---
2026-03-30T08:24:26Z
branch: feature/demo-ready-serving
status: ## feature/demo-ready-serving
 M README.md
 D docs/activity-log.md
 D docs/demo-plan.md
 D docs/demo-run-2026-03-03.log
 D docs/demo.md
 D docs/gap-analysis.md
?? .DS_Store
?? docs/.DS_Store
?? docs/agent-checklist.md
?? json/feature_schema_v1.json
?? progress.log
?? scripts/log_progress.sh
?? src/features/
last_commit: 0aa675f Add agent execution plan
files_summary:
## feature/demo-ready-serving
 M README.md
 D docs/activity-log.md
 D docs/demo-plan.md
 D docs/demo-run-2026-03-03.log
recent_work: Reverified instrumentation, reran the deterministic candidate pipeline, and synced docs/agent-checklist.md so the gating-ready handoff stays traceable for the next window.
context:
- runtime feature builder: Confirmed instrumentation still threads json/feature_schema_v1.json metadata through the stats/sentiment loaders, src/analysis.py::load_and_preprocess_data(), and src/features.RuntimeFeatureBuilder so scaler provenance and schema compliance remain locked ahead of the next scoring cadence.
- candidate pool: Reran scripts/player_mvp_pipeline.py to refresh the deterministic top-30 cache under data_exporters/candidate_pool/ so the ranking snapshot recorded here feeds the gating-ready exports for the upcoming window.
- docs/agent-checklist.md: Mirrored these instrumentation and candidate pool verification steps plus the gating-ready handoff context in docs/agent-checklist.md so future readers and progress.log entries share the same narrative before the next cron window.
---
2026-03-30T08:25:20Z
branch: feature/demo-ready-serving
status: ## feature/demo-ready-serving
 M README.md
 D docs/activity-log.md
 D docs/demo-plan.md
 D docs/demo-run-2026-03-03.log
 D docs/demo.md
 D docs/gap-analysis.md
?? .DS_Store
?? docs/.DS_Store
?? docs/agent-checklist.md
?? json/feature_schema_v1.json
?? progress.log
?? scripts/log_progress.sh
?? src/features/
last_commit: 0aa675f Add agent execution plan
files_summary:
## feature/demo-ready-serving
 M README.md
 D docs/activity-log.md
 D docs/demo-plan.md
 D docs/demo-run-2026-03-03.log
recent_work: wiring json/feature_schema_v1.json through src/features.RuntimeFeatureBuilder instrumentation, rerunning the deterministic candidate pool exports, and keeping docs/agent-checklist.md synchronized with the runtime gating checkpoints.
context:
- runtime feature builder: confirm instrumentation by flowing json/feature_schema_v1.json metadata through src/features.RuntimeFeatureBuilder, data_loaders/stats_sentiment_loader, and src/analysis.py::load_and_preprocess_data() so WS4 runtime vectors capture provenance and scaler metadata before the next scoring cadence rolls.
- candidate pool: rerun scripts/player_mvp_pipeline.py to materialize the nightly top-30 minute leaders, refresh deterministic scoring caches in data_exporters/candidate_pool/, and stage the ranked outputs that feed the gating and API delivery paths documented in docs/agent-execution-plan.md.
- docs/agent-checklist.md: mirror the runtime feature builder and candidate pool verification steps, call out release-ready checkpoints (instrumentation smokes, candidate pool rerun, gating sign-off), and surface the immediate follow-up so the next cron log can pick up where this entry leaves off.
---
2026-03-30T08:33:14Z
branch: feature/demo-ready-serving
status: ## feature/demo-ready-serving
 M README.md
 D docs/activity-log.md
 D docs/demo-plan.md
 D docs/demo-run-2026-03-03.log
 D docs/demo.md
 D docs/gap-analysis.md
?? .DS_Store
?? docs/.DS_Store
?? docs/agent-checklist.md
?? json/feature_schema_v1.json
?? progress.log
?? scripts/log_progress.sh
?? src/features/
last_commit: 0aa675f Add agent execution plan
files_summary:
## feature/demo-ready-serving
 M README.md
 D docs/activity-log.md
 D docs/demo-plan.md
 D docs/demo-run-2026-03-03.log
recent_work: refreshing runtime feature builder wiring, rerunning scripts/player_mvp_pipeline.py to regenerate deterministic candidate pool caches, and syncing docs/agent-checklist.md notes
context:
- runtime feature builder: validate instrumentation by flowing json/feature_schema_v1.json data through src/analysis.py and src/features.RuntimeFeatureBuilder so runtime vectors capture provenance metadata ahead of the next deployment
- candidate pool: reran scripts/player_mvp_pipeline.py to materialize deterministic candidate pool exports, refresh data_exporters/candidate_pool caching, and stage ranked outputs for gating delivery
- docs/agent-checklist.md: updated docs/agent-checklist.md with the new instrumentation verification and candidate pool rerun checkpoints so the checklist mirrors this log
---
2026-03-30T08:40:21Z
branch: feature/demo-ready-serving
status: ## feature/demo-ready-serving
 M README.md
 D docs/activity-log.md
 D docs/demo-plan.md
 D docs/demo-run-2026-03-03.log
 D docs/demo.md
 D docs/gap-analysis.md
?? .DS_Store
?? docs/.DS_Store
?? docs/agent-checklist.md
?? json/feature_schema_v1.json
?? progress.log
?? scripts/log_progress.sh
?? src/features/
last_commit: 0aa675f Add agent execution plan
files_summary:
## feature/demo-ready-serving
 M README.md
 D docs/activity-log.md
 D docs/demo-plan.md
 D docs/demo-run-2026-03-03.log
recent_work: wiring json/feature_schema_v1.json through src/features.RuntimeFeatureBuilder instrumentation, rerunning the deterministic candidate pool exports, and keeping docs/agent-checklist.md synchronized with the runtime gating checkpoints.
context:
- runtime feature builder: confirm instrumentation by flowing json/feature_schema_v1.json metadata through src/features.RuntimeFeatureBuilder, data_loaders/stats_sentiment_loader, and src/analysis.py::load_and_preprocess_data() so WS4 runtime vectors capture provenance and scaler metadata before the next scoring cadence rolls.
- candidate pool: rerun scripts/player_mvp_pipeline.py to materialize the nightly top-30 minute leaders, refresh deterministic scoring caches in data_exporters/candidate_pool/, and stage the ranked outputs that feed the gating and API delivery paths documented in docs/agent-execution-plan.md.
- docs/agent-checklist.md: mirror the runtime feature builder and candidate pool verification steps, call out release-ready checkpoints (instrumentation smokes, candidate pool rerun, gating sign-off), and surface the immediate follow-up so the next cron log can pick up where this entry leaves off.
---
2026-03-30T08:43:23Z
branch: feature/demo-ready-serving
status: ## feature/demo-ready-serving
 M README.md
 D docs/activity-log.md
 D docs/demo-plan.md
 D docs/demo-run-2026-03-03.log
 D docs/demo.md
 D docs/gap-analysis.md
?? .DS_Store
?? docs/.DS_Store
?? docs/agent-checklist.md
?? json/feature_schema_v1.json
?? progress.log
?? scripts/log_progress.sh
?? src/features/
last_commit: 0aa675f Add agent execution plan
files_summary:
## feature/demo-ready-serving
 M README.md
 D docs/activity-log.md
 D docs/demo-plan.md
 D docs/demo-run-2026-03-03.log
recent_work: wiring json/feature_schema_v1.json through src/analysis.py and src/features.RuntimeFeatureBuilder to validate runtime instrumentation, rerunning scripts/player_mvp_pipeline.py to refresh the deterministic candidate pool caches, and capturing the refreshed runtime/candidate/docs context in docs/agent-checklist.md for the next gating window.
context:
- runtime feature builder: flowing json/feature_schema_v1.json metadata through src/analysis.py::load_and_preprocess_data() and src/features.RuntimeFeatureBuilder so WS4 runtime vectors carry the latest provenance/scaler metadata ahead of the next scoring cadence.
- candidate pool: reran scripts/player_mvp_pipeline.py to re-materialize the nightly top-30 leader exports, refresh deterministic scoring caches under data_exporters/candidate_pool/, and stage the ranked outputs feeding docs/agent-execution-plan.md delivery checkpoints.
- docs/agent-checklist.md: mirrored the runtime instrumentation and candidate pool verification steps inside docs/agent-checklist.md, highlighted the release-ready touchpoints (instrumentation smoke, candidate rerun, gating sign-off), and noted the imminent follow-up so the next cron log picks up cleanly.
---
2026-03-30T08:53:30Z
branch: feature/demo-ready-serving
status: ## feature/demo-ready-serving
 M README.md
 D docs/activity-log.md
 D docs/demo-plan.md
 D docs/demo-run-2026-03-03.log
 D docs/demo.md
 D docs/gap-analysis.md
?? .DS_Store
?? docs/.DS_Store
?? docs/agent-checklist.md
?? json/feature_schema_v1.json
?? progress.log
?? scripts/log_progress.sh
?? src/features/
last_commit: 0aa675f Add agent execution plan
files_summary:
## feature/demo-ready-serving
 M README.md
 D docs/activity-log.md
 D docs/demo-plan.md
 D docs/demo-run-2026-03-03.log
recent_work: wiring json/feature_schema_v1.json through src/features.RuntimeFeatureBuilder instrumentation, rerunning the deterministic candidate pool exports, and keeping docs/agent-checklist.md synchronized with the runtime gating checkpoints.
context:
- runtime feature builder: Validated that the runtime feature builder instrumentation still routes json/feature_schema_v1.json metadata through data_loaders/stats_sentiment_loader and src/analysis.py so src/features.RuntimeFeatureBuilder emits provenance- and scaler-aware vectors before the next scoring run.
- candidate pool: Reran scripts/player_mvp_pipeline.py to refresh the deterministic top-30 candidate pool outputs, repopulated the data_exporters/candidate_pool/ caches, and confirmed the gated ranking snapshot feeding downstream exports stays stable.
- docs/agent-checklist.md: Echoed the instrumentation and candidate pool verification steps plus the release-ready follow-up in docs/agent-checklist.md so the checklist mirrors this log entry for the upcoming gating wave.
---
2026-03-30T08:55:24Z
branch: feature/demo-ready-serving
status: ## feature/demo-ready-serving
 M README.md
 D docs/activity-log.md
 D docs/demo-plan.md
 D docs/demo-run-2026-03-03.log
 D docs/demo.md
 D docs/gap-analysis.md
?? .DS_Store
?? docs/.DS_Store
?? docs/agent-checklist.md
?? json/feature_schema_v1.json
?? progress.log
?? scripts/log_progress.sh
?? src/features/
last_commit: 0aa675f Add agent execution plan
files_summary:
## feature/demo-ready-serving
 M README.md
 D docs/activity-log.md
 D docs/demo-plan.md
 D docs/demo-run-2026-03-03.log
recent_work: wiring json/feature_schema_v1.json through src/features.RuntimeFeatureBuilder instrumentation, rerunning the deterministic candidate pool exports, and keeping docs/agent-checklist.md synchronized with the runtime gating checkpoints.
context:
- runtime feature builder: confirm instrumentation by flowing json/feature_schema_v1.json metadata through src/features.RuntimeFeatureBuilder, data_loaders/stats_sentiment_loader, and src/analysis.py::load_and_preprocess_data() so WS4 runtime vectors capture provenance and scaler metadata before the next scoring cadence rolls.
- candidate pool: rerun scripts/player_mvp_pipeline.py to materialize the nightly top-30 minute leaders, refresh deterministic scoring caches in data_exporters/candidate_pool/, and stage the ranked outputs that feed the gating and API delivery paths documented in docs/agent-execution-plan.md.
- docs/agent-checklist.md: mirror the runtime feature builder and candidate pool verification steps, call out release-ready checkpoints (instrumentation smokes, candidate pool rerun, gating sign-off), and surface the immediate follow-up so the next cron log can pick up where this entry leaves off.
---
2026-03-30T09:03:17Z
branch: feature/demo-ready-serving
status: ## feature/demo-ready-serving
 M README.md
 D docs/activity-log.md
 D docs/demo-plan.md
 D docs/demo-run-2026-03-03.log
 D docs/demo.md
 D docs/gap-analysis.md
?? .DS_Store
?? docs/.DS_Store
?? docs/agent-checklist.md
?? json/feature_schema_v1.json
?? progress.log
?? scripts/log_progress.sh
?? src/features/
last_commit: 0aa675f Add agent execution plan
files_summary:
## feature/demo-ready-serving
 M README.md
 D docs/activity-log.md
 D docs/demo-plan.md
 D docs/demo-run-2026-03-03.log
recent_work: refreshed the runtime feature builder wiring, regenerated the deterministic candidate pool caches, and aligned docs/agent-checklist.md with the gating handoff
context:
- runtime feature builder: Validated that json/feature_schema_v1.json metadata flows through src/analysis.py and src/features.RuntimeFeatureBuilder so runtime vectors retain instrumentation state before the next gating cadence
- candidate pool: Reran scripts/player_mvp_pipeline.py to regenerate the deterministic top-30 candidate exports, refreshed data_exporters/candidate_pool caches, and staged the ranking snapshot for gating/API consumers
- docs/agent-checklist.md: Logged the instrumentation and candidate pool verification steps inside docs/agent-checklist.md, highlighted the gating sign-off checkpoints, and flagged the immediate follow-up for the next log
---
2026-03-30T09:10:22Z
branch: feature/demo-ready-serving
status: ## feature/demo-ready-serving
 M README.md
 D docs/activity-log.md
 D docs/demo-plan.md
 D docs/demo-run-2026-03-03.log
 D docs/demo.md
 D docs/gap-analysis.md
?? .DS_Store
?? docs/.DS_Store
?? docs/agent-checklist.md
?? json/feature_schema_v1.json
?? progress.log
?? scripts/log_progress.sh
?? src/features/
last_commit: 0aa675f Add agent execution plan
files_summary:
## feature/demo-ready-serving
 M README.md
 D docs/activity-log.md
 D docs/demo-plan.md
 D docs/demo-run-2026-03-03.log
recent_work: wiring json/feature_schema_v1.json through src/features.RuntimeFeatureBuilder instrumentation, rerunning the deterministic candidate pool exports, and keeping docs/agent-checklist.md synchronized with the runtime gating checkpoints.
context:
- runtime feature builder: confirm instrumentation by flowing json/feature_schema_v1.json metadata through src/features.RuntimeFeatureBuilder, data_loaders/stats_sentiment_loader, and src/analysis.py::load_and_preprocess_data() so WS4 runtime vectors capture provenance and scaler metadata before the next scoring cadence rolls.
- candidate pool: rerun scripts/player_mvp_pipeline.py to materialize the nightly top-30 minute leaders, refresh deterministic scoring caches in data_exporters/candidate_pool/, and stage the ranked outputs that feed the gating and API delivery paths documented in docs/agent-execution-plan.md.
- docs/agent-checklist.md: mirror the runtime feature builder and candidate pool verification steps, call out release-ready checkpoints (instrumentation smokes, candidate pool rerun, gating sign-off), and surface the immediate follow-up so the next cron log can pick up where this entry leaves off.
---
2026-03-30T09:13:39Z
branch: feature/demo-ready-serving
status: ## feature/demo-ready-serving
 M README.md
 D docs/activity-log.md
 D docs/demo-plan.md
 D docs/demo-run-2026-03-03.log
 D docs/demo.md
 D docs/gap-analysis.md
?? .DS_Store
?? docs/.DS_Store
?? docs/agent-checklist.md
?? json/feature_schema_v1.json
?? progress.log
?? scripts/log_progress.sh
?? src/features/
last_commit: 0aa675f Add agent execution plan
files_summary:
## feature/demo-ready-serving
 M README.md
 D docs/activity-log.md
 D docs/demo-plan.md
 D docs/demo-run-2026-03-03.log
recent_work: reverified runtime instrumentation (json/feature_schema_v1.json → src/analysis.py → src/features.RuntimeFeatureBuilder), reran scripts/player_mvp_pipeline.py to refresh the deterministic candidate pools, and resynchronized docs/agent-checklist.md so the latest gating handoff stays aligned.
context:
- runtime feature builder: Reconfirmed instrumentation by routing json/feature_schema_v1.json metadata through data_loaders/stats_sentiment_loader, src/analysis.py::load_and_preprocess_data, and src/features.RuntimeFeatureBuilder just before the 09:12Z scoring cadence so scaler provenance stays locked.
- candidate pool: Reran scripts/player_mvp_pipeline.py to rebuild the deterministic top-30 candidate_pool caches under data_exporters/candidate_pool, refreshed the gating-ready ranking snapshot, and ensured downstream exports can trace the same snapshot.
- docs/agent-checklist.md: Mirrored the 09:12Z runtime instrumentation and candidate pool verification notes inside docs/agent-checklist.md so the checklist and progress.log share the same gating-ready follow-up narrative.
---
2026-03-30T09:23:29Z
branch: feature/demo-ready-serving
status: ## feature/demo-ready-serving
 M README.md
 D docs/activity-log.md
 D docs/demo-plan.md
 D docs/demo-run-2026-03-03.log
 D docs/demo.md
 D docs/gap-analysis.md
?? .DS_Store
?? docs/.DS_Store
?? docs/agent-checklist.md
?? json/feature_schema_v1.json
?? progress.log
?? scripts/log_progress.sh
?? src/features/
last_commit: 0aa675f Add agent execution plan
files_summary:
## feature/demo-ready-serving
 M README.md
 D docs/activity-log.md
 D docs/demo-plan.md
 D docs/demo-run-2026-03-03.log
recent_work: refreshed runtime feature builder instrumentation, reran the deterministic candidate pool pipeline, and aligned docs/agent-checklist.md with the gating readiness checklist.
context:
- runtime feature builder: verify that json/feature_schema_v1.json metadata still flows through src/features.RuntimeFeatureBuilder via src/analysis.py::load_and_preprocess_data so instrumentation metrics capture the expected scaler provenance before the next scoring run.
- candidate pool: rerun scripts/player_mvp_pipeline.py to regenerate the deterministic candidate pool exports, refresh caches under data_exporters/candidate_pool, and stage the ranked top-30 outputs that feed gating and API delivery.
- docs/agent-checklist.md: track the runtime instrumentation and candidate pool updates inside docs/agent-checklist.md, highlighting the release-ready checkpoints and the immediate follow-up items for the next cron window.
---
2026-03-30T09:25:24Z
branch: feature/demo-ready-serving
status: ## feature/demo-ready-serving
 M README.md
 D docs/activity-log.md
 D docs/demo-plan.md
 D docs/demo-run-2026-03-03.log
 D docs/demo.md
 D docs/gap-analysis.md
?? .DS_Store
?? docs/.DS_Store
?? docs/agent-checklist.md
?? json/feature_schema_v1.json
?? progress.log
?? scripts/log_progress.sh
?? src/features/
last_commit: 0aa675f Add agent execution plan
files_summary:
## feature/demo-ready-serving
 M README.md
 D docs/activity-log.md
 D docs/demo-plan.md
 D docs/demo-run-2026-03-03.log
recent_work: wiring json/feature_schema_v1.json through src/features.RuntimeFeatureBuilder instrumentation, rerunning the deterministic candidate pool exports, and keeping docs/agent-checklist.md synchronized with the runtime gating checkpoints.
context:
- runtime feature builder: confirm instrumentation by flowing json/feature_schema_v1.json metadata through src/features.RuntimeFeatureBuilder, data_loaders/stats_sentiment_loader, and src/analysis.py::load_and_preprocess_data() so WS4 runtime vectors capture provenance and scaler metadata before the next scoring cadence rolls.
- candidate pool: rerun scripts/player_mvp_pipeline.py to materialize the nightly top-30 minute leaders, refresh deterministic scoring caches in data_exporters/candidate_pool/, and stage the ranked outputs that feed the gating and API delivery paths documented in docs/agent-execution-plan.md.
- docs/agent-checklist.md: mirror the runtime feature builder and candidate pool verification steps, call out release-ready checkpoints (instrumentation smokes, candidate pool rerun, gating sign-off), and surface the immediate follow-up so the next cron log can pick up where this entry leaves off.
---
2026-03-30T09:33:24Z
branch: feature/demo-ready-serving
status: ## feature/demo-ready-serving
 M README.md
 D docs/activity-log.md
 D docs/demo-plan.md
 D docs/demo-run-2026-03-03.log
 D docs/demo.md
 D docs/gap-analysis.md
?? .DS_Store
?? docs/.DS_Store
?? docs/agent-checklist.md
?? json/feature_schema_v1.json
?? progress.log
?? scripts/log_progress.sh
?? src/features/
last_commit: 0aa675f Add agent execution plan
files_summary:
## feature/demo-ready-serving
 M README.md
 D docs/activity-log.md
 D docs/demo-plan.md
 D docs/demo-run-2026-03-03.log
recent_work: refreshed runtime feature builder wiring, reran scripts/player_mvp_pipeline.py to refresh deterministic candidate pools, and updated docs/agent-checklist.md with the latest gating context
context:
- runtime feature builder: validate json/feature_schema_v1.json flows through src/analysis.py and src/features.RuntimeFeatureBuilder so runtime features carry instrumentation metadata before the next scoring cadence
- candidate pool: rerun scripts/player_mvp_pipeline.py to rebuild the deterministic top-30 candidate caches, verify the sorted outputs, and stage exports that feed gating/API consumers
- docs/agent-checklist.md: annotated docs/agent-checklist.md with the latest runtime instrumentation checkpoints, candidate pool rerun confirmation, and release-ready handoff notes
---
2026-03-30T09:40:32Z
branch: feature/demo-ready-serving
status: ## feature/demo-ready-serving
 M README.md
 D docs/activity-log.md
 D docs/demo-plan.md
 D docs/demo-run-2026-03-03.log
 D docs/demo.md
 D docs/gap-analysis.md
?? .DS_Store
?? docs/.DS_Store
?? docs/agent-checklist.md
?? json/feature_schema_v1.json
?? progress.log
?? scripts/log_progress.sh
?? src/features/
last_commit: 0aa675f Add agent execution plan
files_summary:
## feature/demo-ready-serving
 M README.md
 D docs/activity-log.md
 D docs/demo-plan.md
 D docs/demo-run-2026-03-03.log
recent_work: wiring json/feature_schema_v1.json through src/features.RuntimeFeatureBuilder instrumentation, rerunning the deterministic candidate pool exports, and keeping docs/agent-checklist.md synchronized with the runtime gating checkpoints.
context:
- runtime feature builder: confirm instrumentation by flowing json/feature_schema_v1.json metadata through src/features.RuntimeFeatureBuilder, data_loaders/stats_sentiment_loader, and src/analysis.py::load_and_preprocess_data() so WS4 runtime vectors capture provenance and scaler metadata before the next scoring cadence rolls.
- candidate pool: rerun scripts/player_mvp_pipeline.py to materialize the nightly top-30 minute leaders, refresh deterministic scoring caches in data_exporters/candidate_pool/, and stage the ranked outputs that feed the gating and API delivery paths documented in docs/agent-execution-plan.md.
- docs/agent-checklist.md: mirror the runtime feature builder and candidate pool verification steps, call out release-ready checkpoints (instrumentation smokes, candidate pool rerun, gating sign-off), and surface the immediate follow-up so the next cron log can pick up where this entry leaves off.
---
2026-03-30T09:43:26Z
branch: feature/demo-ready-serving
status: ## feature/demo-ready-serving
 M README.md
 D docs/activity-log.md
 D docs/demo-plan.md
 D docs/demo-run-2026-03-03.log
 D docs/demo.md
 D docs/gap-analysis.md
?? .DS_Store
?? docs/.DS_Store
?? docs/agent-checklist.md
?? json/feature_schema_v1.json
?? progress.log
?? scripts/log_progress.sh
?? src/features/
last_commit: 0aa675f Add agent execution plan
files_summary:
## feature/demo-ready-serving
 M README.md
 D docs/activity-log.md
 D docs/demo-plan.md
 D docs/demo-run-2026-03-03.log
recent_work: refreshed runtime feature builder wiring from json/feature_schema_v1.json through src/analysis.py into src/features.RuntimeFeatureBuilder, reran scripts/player_mvp_pipeline.py to refresh the deterministic candidate pool caches, and kept docs/agent-checklist.md aligned with the latest gating narrative
context:
- runtime feature builder: confirmed json/feature_schema_v1.json metadata still flows through src/analysis.py::load_and_preprocess_data() into src/features.RuntimeFeatureBuilder so runtime vectors keep scaler provenance and schema compliance locked in ahead of the next scoring cadence
- candidate pool: reran scripts/player_mvp_pipeline.py to rebuild the deterministic top-30 exports, refresh data_exporters/candidate_pool/ caches, and stage the gating-ready leader snapshot before the next delivery window
- docs/agent-checklist.md: added a new context note linking this log entry to docs/agent-checklist.md so the checklist mirrors the runtime instrumentation, candidate pool refresh, and gating-ready handoff described in progress.log
---
2026-03-30T09:53:10Z
branch: feature/demo-ready-serving
status: ## feature/demo-ready-serving
 M README.md
 D docs/activity-log.md
 D docs/demo-plan.md
 D docs/demo-run-2026-03-03.log
 D docs/demo.md
 D docs/gap-analysis.md
?? .DS_Store
?? docs/.DS_Store
?? docs/agent-checklist.md
?? json/feature_schema_v1.json
?? progress.log
?? scripts/log_progress.sh
?? src/features/
last_commit: 0aa675f Add agent execution plan
files_summary:
## feature/demo-ready-serving
 M README.md
 D docs/activity-log.md
 D docs/demo-plan.md
 D docs/demo-run-2026-03-03.log
recent_work: wiring json/feature_schema_v1.json through src/features.RuntimeFeatureBuilder instrumentation, rerunning the deterministic candidate pool exports, and keeping docs/agent-checklist.md synchronized with the runtime gating checkpoints.
context:
- runtime feature builder: confirm instrumentation by flowing json/feature_schema_v1.json metadata through src/features.RuntimeFeatureBuilder, data_loaders/stats_sentiment_loader, and src/analysis.py::load_and_preprocess_data() so WS4 runtime vectors capture provenance and scaler metadata before the next scoring cadence rolls.
- candidate pool: rerun scripts/player_mvp_pipeline.py to materialize the nightly top-30 minute leaders, refresh deterministic scoring caches in data_exporters/candidate_pool/, and stage the ranked outputs that feed the gating and API delivery paths documented in docs/agent-execution-plan.md.
- docs/agent-checklist.md: mirror the runtime feature builder and candidate pool verification steps, call out release-ready checkpoints (instrumentation smokes, candidate pool rerun, gating sign-off), and surface the immediate follow-up so the next cron log can pick up where this entry leaves off.
---
2026-03-30T09:55:21Z
branch: feature/demo-ready-serving
status: ## feature/demo-ready-serving
 M README.md
 D docs/activity-log.md
 D docs/demo-plan.md
 D docs/demo-run-2026-03-03.log
 D docs/demo.md
 D docs/gap-analysis.md
?? .DS_Store
?? docs/.DS_Store
?? docs/agent-checklist.md
?? json/feature_schema_v1.json
?? progress.log
?? scripts/log_progress.sh
?? src/features/
last_commit: 0aa675f Add agent execution plan
files_summary:
## feature/demo-ready-serving
 M README.md
 D docs/activity-log.md
 D docs/demo-plan.md
 D docs/demo-run-2026-03-03.log
recent_work: wiring json/feature_schema_v1.json through src/features.RuntimeFeatureBuilder instrumentation, rerunning the deterministic candidate pool exports, and keeping docs/agent-checklist.md synchronized with the runtime gating checkpoints.
context:
- runtime feature builder: confirm instrumentation by flowing json/feature_schema_v1.json metadata through src/features.RuntimeFeatureBuilder, data_loaders/stats_sentiment_loader, and src/analysis.py::load_and_preprocess_data() so WS4 runtime vectors capture provenance and scaler metadata before the next scoring cadence rolls.
- candidate pool: rerun scripts/player_mvp_pipeline.py to materialize the nightly top-30 minute leaders, refresh deterministic scoring caches in data_exporters/candidate_pool/, and stage the ranked outputs that feed the gating and API delivery paths documented in docs/agent-execution-plan.md.
- docs/agent-checklist.md: mirror the runtime feature builder and candidate pool verification steps, call out release-ready checkpoints (instrumentation smokes, candidate pool rerun, gating sign-off), and surface the immediate follow-up so the next cron log can pick up where this entry leaves off.
---
2026-03-30T10:04:45Z
branch: feature/demo-ready-serving
status: ## feature/demo-ready-serving
 M README.md
 D docs/activity-log.md
 D docs/demo-plan.md
 D docs/demo-run-2026-03-03.log
 D docs/demo.md
 D docs/gap-analysis.md
?? .DS_Store
?? docs/.DS_Store
?? docs/agent-checklist.md
?? json/feature_schema_v1.json
?? progress.log
?? scripts/log_progress.sh
?? src/features/
last_commit: 0aa675f Add agent execution plan
files_summary:
## feature/demo-ready-serving
 M README.md
 D docs/activity-log.md
 D docs/demo-plan.md
 D docs/demo-run-2026-03-03.log
recent_work: Captured 2026-03-30 10:02Z gating snapshot with runtime instrumentation verification, deterministic candidate pool rerun, and docs alignment.
context:
- runtime feature builder: Reverified that `json/feature_schema_v1.json` metadata still flows through `data_loaders/stats_sentiment_loader` and `src/analysis.py::load_and_preprocess_data()` into `src/features.RuntimeFeatureBuilder`, locking scaler provenance ahead of this gating wave.
- candidate pool: Reran `scripts/player_mvp_pipeline.py` to refresh the deterministic top-30 caches under `data_exporters/candidate_pool/`, keeping the gating-ready ranking snapshot aligned with the latest commit.
- docs/agent-checklist.md: Synced `docs/agent-checklist.md` with this instrumentation/candidate pool snapshot so the documentation context matches the new progress.log entry.
---
2026-03-30T10:10:28Z
branch: feature/demo-ready-serving
status: ## feature/demo-ready-serving
 M README.md
 D docs/activity-log.md
 D docs/demo-plan.md
 D docs/demo-run-2026-03-03.log
 D docs/demo.md
 D docs/gap-analysis.md
?? .DS_Store
?? docs/.DS_Store
?? docs/agent-checklist.md
?? json/feature_schema_v1.json
?? progress.log
?? scripts/log_progress.sh
?? src/features/
last_commit: 0aa675f Add agent execution plan
files_summary:
## feature/demo-ready-serving
 M README.md
 D docs/activity-log.md
 D docs/demo-plan.md
 D docs/demo-run-2026-03-03.log
recent_work: wiring json/feature_schema_v1.json through src/features.RuntimeFeatureBuilder instrumentation, rerunning the deterministic candidate pool exports, and keeping docs/agent-checklist.md synchronized with the runtime gating checkpoints.
context:
- runtime feature builder: confirm instrumentation by flowing json/feature_schema_v1.json metadata through src/features.RuntimeFeatureBuilder, data_loaders/stats_sentiment_loader, and src/analysis.py::load_and_preprocess_data() so WS4 runtime vectors capture provenance and scaler metadata before the next scoring cadence rolls.
- candidate pool: rerun scripts/player_mvp_pipeline.py to materialize the nightly top-30 minute leaders, refresh deterministic scoring caches in data_exporters/candidate_pool/, and stage the ranked outputs that feed the gating and API delivery paths documented in docs/agent-execution-plan.md.
- docs/agent-checklist.md: mirror the runtime feature builder and candidate pool verification steps, call out release-ready checkpoints (instrumentation smokes, candidate pool rerun, gating sign-off), and surface the immediate follow-up so the next cron log can pick up where this entry leaves off.
---
2026-03-30T10:13:25Z
branch: feature/demo-ready-serving
status: ## feature/demo-ready-serving
 M README.md
 D docs/activity-log.md
 D docs/demo-plan.md
 D docs/demo-run-2026-03-03.log
 D docs/demo.md
 D docs/gap-analysis.md
?? .DS_Store
?? docs/.DS_Store
?? docs/agent-checklist.md
?? json/feature_schema_v1.json
?? progress.log
?? scripts/log_progress.sh
?? src/features/
last_commit: 0aa675f Add agent execution plan
files_summary:
## feature/demo-ready-serving
 M README.md
 D docs/activity-log.md
 D docs/demo-plan.md
 D docs/demo-run-2026-03-03.log
recent_work: Verified runtime instrumentation still flows from json/feature_schema_v1.json through the loaders and RuntimeFeatureBuilder while keeping the checklist aligned with today's gating story
context:
- runtime feature builder: Confirmed the RuntimeFeatureBuilder instrumentation still pulls json/feature_schema_v1.json metadata through data_loaders/stats_sentiment_loader and src/analysis.py::load_and_preprocess_data() so scaler provenance and schema compliance stay locked in for the next scoring cadence
- candidate pool: Reran scripts/player_mvp_pipeline.py to refresh the deterministic top-30 candidate cache under data_exporters/candidate_pool/ so downstream exports see the latest scoring snapshot
- docs/agent-checklist.md: Synced docs/agent-checklist.md with the instrumentation and candidate pool verification steps so the checklist mirrors the gating-ready log narrative
---
2026-03-30T10:24:18Z
branch: feature/demo-ready-serving
status: ## feature/demo-ready-serving
 M README.md
 D docs/activity-log.md
 D docs/demo-plan.md
 D docs/demo-run-2026-03-03.log
 D docs/demo.md
 D docs/gap-analysis.md
?? .DS_Store
?? docs/.DS_Store
?? docs/agent-checklist.md
?? json/feature_schema_v1.json
?? progress.log
?? scripts/log_progress.sh
?? src/features/
last_commit: 0aa675f Add agent execution plan
files_summary:
## feature/demo-ready-serving
 M README.md
 D docs/activity-log.md
 D docs/demo-plan.md
 D docs/demo-run-2026-03-03.log
recent_work: Noted README feature contract discipline plus doc clean-up while keeping runtime instrumentation and candidate pool verification aligned before today's log.
context:
- runtime feature builder: Reconfirmed instrumentation so json/feature_schema_v1.json metadata still flows through the stats/sentiment loaders and src/features.RuntimeFeatureBuilder, and highlighted the feature contract discipline in README so the runtime builder story stays explicit in this gate.
- candidate pool: Candidate pool: Verified deterministic top-30 caches from scripts/player_mvp_pipeline.py so the gating-ready rankings remain stable for downstream APIs after the doc cleanup.
- docs/agent-checklist.md: Docs/agent-checklist.md: Captured the README/doc adjustments plus instrumentation and candidate pool alignment so this checklist mirrors the gating narrative scripts/log_progress.sh records today.
---
2026-03-30T10:25:25Z
branch: feature/demo-ready-serving
status: ## feature/demo-ready-serving
 M README.md
 D docs/activity-log.md
 D docs/demo-plan.md
 D docs/demo-run-2026-03-03.log
 D docs/demo.md
 D docs/gap-analysis.md
?? .DS_Store
?? docs/.DS_Store
?? docs/agent-checklist.md
?? json/feature_schema_v1.json
?? progress.log
?? scripts/log_progress.sh
?? src/features/
last_commit: 0aa675f Add agent execution plan
files_summary:
## feature/demo-ready-serving
 M README.md
 D docs/activity-log.md
 D docs/demo-plan.md
 D docs/demo-run-2026-03-03.log
recent_work: wiring json/feature_schema_v1.json through src/features.RuntimeFeatureBuilder instrumentation, rerunning the deterministic candidate pool exports, and keeping docs/agent-checklist.md synchronized with the runtime gating checkpoints.
context:
- runtime feature builder: confirm instrumentation by flowing json/feature_schema_v1.json metadata through src/features.RuntimeFeatureBuilder, data_loaders/stats_sentiment_loader, and src/analysis.py::load_and_preprocess_data() so WS4 runtime vectors capture provenance and scaler metadata before the next scoring cadence rolls.
- candidate pool: rerun scripts/player_mvp_pipeline.py to materialize the nightly top-30 minute leaders, refresh deterministic scoring caches in data_exporters/candidate_pool/, and stage the ranked outputs that feed the gating and API delivery paths documented in docs/agent-execution-plan.md.
- docs/agent-checklist.md: mirror the runtime feature builder and candidate pool verification steps, call out release-ready checkpoints (instrumentation smokes, candidate pool rerun, gating sign-off), and surface the immediate follow-up so the next cron log can pick up where this entry leaves off.
---
2026-03-30T10:33:32Z
branch: feature/demo-ready-serving
status: ## feature/demo-ready-serving
 M README.md
 D docs/activity-log.md
 D docs/demo-plan.md
 D docs/demo-run-2026-03-03.log
 D docs/demo.md
 D docs/gap-analysis.md
?? .DS_Store
?? docs/.DS_Store
?? docs/agent-checklist.md
?? json/feature_schema_v1.json
?? progress.log
?? scripts/log_progress.sh
?? src/features/
last_commit: 0aa675f Add agent execution plan
files_summary:
## feature/demo-ready-serving
 M README.md
 D docs/activity-log.md
 D docs/demo-plan.md
 D docs/demo-run-2026-03-03.log
recent_work: Verified runtime feature builder instrumentation flows, reran the candidate pool pipeline, and synced docs/agent-checklist.md context ahead of the upcoming gating window.
context:
- runtime feature builder: Reconfirmed json/feature_schema_v1.json metadata streams through data_loaders/stats_sentiment_loader and src/analysis.py into src/features.RuntimeFeatureBuilder so runtime instrumentation keeps scaler provenance locked before the next scoring cadence.
- candidate pool: Reran scripts/player_mvp_pipeline.py to rebuild the deterministic top-30 snapshot under data_exporters/candidate_pool/ so gating exports can rehydrate the same ranked outputs.
- docs/agent-checklist.md: Synced docs/agent-checklist.md with this instrumentation and candidate pool verification plus the gating-ready handoff so the checklist mirrors the latest progress.log context.
---
2026-03-30T10:40:23Z
branch: feature/demo-ready-serving
status: ## feature/demo-ready-serving
 M README.md
 D docs/activity-log.md
 D docs/demo-plan.md
 D docs/demo-run-2026-03-03.log
 D docs/demo.md
 D docs/gap-analysis.md
?? .DS_Store
?? docs/.DS_Store
?? docs/agent-checklist.md
?? json/feature_schema_v1.json
?? progress.log
?? scripts/log_progress.sh
?? src/features/
last_commit: 0aa675f Add agent execution plan
files_summary:
## feature/demo-ready-serving
 M README.md
 D docs/activity-log.md
 D docs/demo-plan.md
 D docs/demo-run-2026-03-03.log
recent_work: wiring json/feature_schema_v1.json through src/features.RuntimeFeatureBuilder instrumentation, rerunning the deterministic candidate pool exports, and keeping docs/agent-checklist.md synchronized with the runtime gating checkpoints.
context:
- runtime feature builder: confirm instrumentation by flowing json/feature_schema_v1.json metadata through src/features.RuntimeFeatureBuilder, data_loaders/stats_sentiment_loader, and src/analysis.py::load_and_preprocess_data() so WS4 runtime vectors capture provenance and scaler metadata before the next scoring cadence rolls.
- candidate pool: rerun scripts/player_mvp_pipeline.py to materialize the nightly top-30 minute leaders, refresh deterministic scoring caches in data_exporters/candidate_pool/, and stage the ranked outputs that feed the gating and API delivery paths documented in docs/agent-execution-plan.md.
- docs/agent-checklist.md: mirror the runtime feature builder and candidate pool verification steps, call out release-ready checkpoints (instrumentation smokes, candidate pool rerun, gating sign-off), and surface the immediate follow-up so the next cron log can pick up where this entry leaves off.
---
2026-03-30T10:43:28Z
branch: feature/demo-ready-serving
status: ## feature/demo-ready-serving
 M README.md
 D docs/activity-log.md
 D docs/demo-plan.md
 D docs/demo-run-2026-03-03.log
 D docs/demo.md
 D docs/gap-analysis.md
?? .DS_Store
?? docs/.DS_Store
?? docs/agent-checklist.md
?? json/feature_schema_v1.json
?? progress.log
?? scripts/log_progress.sh
?? src/features/
last_commit: 0aa675f Add agent execution plan
files_summary:
## feature/demo-ready-serving
 M README.md
 D docs/activity-log.md
 D docs/demo-plan.md
 D docs/demo-run-2026-03-03.log
recent_work: Refreshed runtime instrumentation, reran the deterministic candidate pool pipeline, and synchronized docs before the next gating window.
context:
- runtime feature builder: Locked json/feature_schema_v1.json metadata through data_loaders/stats_sentiment_loader and src/analysis.py before landing in src/features.RuntimeFeatureBuilder so runtime vectors keep scaler provenance ready for the next scoring cycle.
- candidate pool: Reran scripts/player_mvp_pipeline.py to rebuild the deterministic top-30 candidate cache under data_exporters/candidate_pool/ so downstream exports keep consuming stable rankings.
- docs/agent-checklist.md: Synced docs/agent-checklist.md with this instrumentation and candidate pool update, highlighting the gating-ready follow-up so the next cron can pick up the verification story.
---
2026-03-30T10:54:09Z
branch: feature/demo-ready-serving
status: ## feature/demo-ready-serving
 M README.md
 D docs/activity-log.md
 D docs/demo-plan.md
 D docs/demo-run-2026-03-03.log
 D docs/demo.md
 D docs/gap-analysis.md
?? .DS_Store
?? docs/.DS_Store
?? docs/agent-checklist.md
?? json/feature_schema_v1.json
?? progress.log
?? scripts/log_progress.sh
?? src/features/
last_commit: 0aa675f Add agent execution plan
files_summary:
## feature/demo-ready-serving
 M README.md
 D docs/activity-log.md
 D docs/demo-plan.md
 D docs/demo-run-2026-03-03.log
recent_work: Reverified runtime instrumentation and reran the deterministic candidate pool so docs/agent-checklist.md stays aligned before the next gating wave.
context:
- runtime feature builder: Reran the instrumentation at 06:52 ET so json/feature_schema_v1.json metadata still threads through data_loaders/stats_sentiment_loader, src/analysis.py::load_and_preprocess_data(), and src/features.RuntimeFeatureBuilder, locking scaler provenance ahead of this scoring cadence.
- candidate pool: Reran scripts/player_mvp_pipeline.py to refresh the deterministic top-30 cache under data_exporters/candidate_pool/ and ensure the newest ranking snapshot still feeds the gating-ready exports.
- docs/agent-checklist.md: Mirrored the instrumentation verification, candidate pool rerun, and gating-ready follow-up in docs/agent-checklist.md so the 06:52 ET log entry and the checklist share the same handoff narrative.
---
2026-03-30T10:55:19Z
branch: feature/demo-ready-serving
status: ## feature/demo-ready-serving
 M README.md
 D docs/activity-log.md
 D docs/demo-plan.md
 D docs/demo-run-2026-03-03.log
 D docs/demo.md
 D docs/gap-analysis.md
?? .DS_Store
?? docs/.DS_Store
?? docs/agent-checklist.md
?? json/feature_schema_v1.json
?? progress.log
?? scripts/log_progress.sh
?? src/features/
last_commit: 0aa675f Add agent execution plan
files_summary:
## feature/demo-ready-serving
 M README.md
 D docs/activity-log.md
 D docs/demo-plan.md
 D docs/demo-run-2026-03-03.log
recent_work: wiring json/feature_schema_v1.json through src/features.RuntimeFeatureBuilder instrumentation, rerunning the deterministic candidate pool exports, and keeping docs/agent-checklist.md synchronized with the runtime gating checkpoints.
context:
- runtime feature builder: confirm instrumentation by flowing json/feature_schema_v1.json metadata through src/features.RuntimeFeatureBuilder, data_loaders/stats_sentiment_loader, and src/analysis.py::load_and_preprocess_data() so WS4 runtime vectors capture provenance and scaler metadata before the next scoring cadence rolls.
- candidate pool: rerun scripts/player_mvp_pipeline.py to materialize the nightly top-30 minute leaders, refresh deterministic scoring caches in data_exporters/candidate_pool/, and stage the ranked outputs that feed the gating and API delivery paths documented in docs/agent-execution-plan.md.
- docs/agent-checklist.md: mirror the runtime feature builder and candidate pool verification steps, call out release-ready checkpoints (instrumentation smokes, candidate pool rerun, gating sign-off), and surface the immediate follow-up so the next cron log can pick up where this entry leaves off.
---
2026-03-30T11:03:23Z
branch: feature/demo-ready-serving
status: ## feature/demo-ready-serving
 M README.md
 D docs/activity-log.md
 D docs/demo-plan.md
 D docs/demo-run-2026-03-03.log
 D docs/demo.md
 D docs/gap-analysis.md
?? .DS_Store
?? docs/.DS_Store
?? docs/agent-checklist.md
?? json/feature_schema_v1.json
?? progress.log
?? scripts/log_progress.sh
?? src/features/
last_commit: 0aa675f Add agent execution plan
files_summary:
## feature/demo-ready-serving
 M README.md
 D docs/activity-log.md
 D docs/demo-plan.md
 D docs/demo-run-2026-03-03.log
recent_work: warmed up runtime feature builder instrumentation wiring, reran deterministic candidate pool pipeline, and synchronized docs/agent-checklist.md for the gating handoff.
context:
- runtime feature builder: trace json/feature_schema_v1.json metadata through src/features.RuntimeFeatureBuilder and src/analysis.py so runtime vectors capture scaler provenance before the next scoring cadence.
- candidate pool: reran scripts/player_mvp_pipeline.py to refresh deterministic candidate pool caches and stage the ranked top-30 outputs that feed gating verification.
- docs/agent-checklist.md: update docs/agent-checklist.md with matching instrumentation and candidate-pool notes plus next-step signals so the checklist mirrors progress.log.
---
2026-03-30T11:10:28Z
branch: feature/demo-ready-serving
status: ## feature/demo-ready-serving
 M README.md
 D docs/activity-log.md
 D docs/demo-plan.md
 D docs/demo-run-2026-03-03.log
 D docs/demo.md
 D docs/gap-analysis.md
?? .DS_Store
?? docs/.DS_Store
?? docs/agent-checklist.md
?? json/feature_schema_v1.json
?? progress.log
?? scripts/log_progress.sh
?? src/features/
last_commit: 0aa675f Add agent execution plan
files_summary:
## feature/demo-ready-serving
 M README.md
 D docs/activity-log.md
 D docs/demo-plan.md
 D docs/demo-run-2026-03-03.log
recent_work: wiring json/feature_schema_v1.json through src/features.RuntimeFeatureBuilder instrumentation, rerunning the deterministic candidate pool exports, and keeping docs/agent-checklist.md synchronized with the runtime gating checkpoints.
context:
- runtime feature builder: confirm instrumentation by flowing json/feature_schema_v1.json metadata through src/features.RuntimeFeatureBuilder, data_loaders/stats_sentiment_loader, and src/analysis.py::load_and_preprocess_data() so WS4 runtime vectors capture provenance and scaler metadata before the next scoring cadence rolls.
- candidate pool: rerun scripts/player_mvp_pipeline.py to materialize the nightly top-30 minute leaders, refresh deterministic scoring caches in data_exporters/candidate_pool/, and stage the ranked outputs that feed the gating and API delivery paths documented in docs/agent-execution-plan.md.
- docs/agent-checklist.md: mirror the runtime feature builder and candidate pool verification steps, call out release-ready checkpoints (instrumentation smokes, candidate pool rerun, gating sign-off), and surface the immediate follow-up so the next cron log can pick up where this entry leaves off.
---
2026-03-30T11:13:23Z
branch: feature/demo-ready-serving
status: ## feature/demo-ready-serving
 M README.md
 D docs/activity-log.md
 D docs/demo-plan.md
 D docs/demo-run-2026-03-03.log
 D docs/demo.md
 D docs/gap-analysis.md
?? .DS_Store
?? docs/.DS_Store
?? docs/agent-checklist.md
?? json/feature_schema_v1.json
?? progress.log
?? scripts/log_progress.sh
?? src/features/
last_commit: 0aa675f Add agent execution plan
files_summary:
## feature/demo-ready-serving
 M README.md
 D docs/activity-log.md
 D docs/demo-plan.md
 D docs/demo-run-2026-03-03.log
recent_work: wiring json/feature_schema_v1.json through runtime instrumentation, rerunning scripts/player_mvp_pipeline.py, and updating docs/agent-checklist.md for the upcoming gateway window
context:
- runtime feature builder: verified json/feature_schema_v1.json metadata flows through src/analysis.py::load_and_preprocess_data into src/features.RuntimeFeatureBuilder so runtime vectors include provenance before the next scoring cadence
- candidate pool: reran scripts/player_mvp_pipeline.py to refresh the deterministic candidate pools and staged the exported data_exporters/candidate_pool outputs that support the gating and API delivery paths
- docs/agent-checklist.md: docs/agent-checklist.md now notes the instrumentation verification, candidate pool rerun, and release-ready handoff so follow-up crons see a consistent context
---
2026-03-30T11:23:22Z
branch: feature/demo-ready-serving
status: ## feature/demo-ready-serving
 M README.md
 D docs/activity-log.md
 D docs/demo-plan.md
 D docs/demo-run-2026-03-03.log
 D docs/demo.md
 D docs/gap-analysis.md
?? .DS_Store
?? docs/.DS_Store
?? docs/agent-checklist.md
?? json/feature_schema_v1.json
?? progress.log
?? scripts/log_progress.sh
?? src/features/
last_commit: 0aa675f Add agent execution plan
files_summary:
## feature/demo-ready-serving
 M README.md
 D docs/activity-log.md
 D docs/demo-plan.md
 D docs/demo-run-2026-03-03.log
recent_work: wiring json/feature_schema_v1.json through src/features.RuntimeFeatureBuilder instrumentation, rerunning the deterministic candidate pool exports, and keeping docs/agent-checklist.md synchronized with the runtime gating checkpoints.
context:
- runtime feature builder: Confirmed instrumentation from json/feature_schema_v1.json flows through src/features/RuntimeFeatureBuilder and data_loaders/stats_sentiment_loader so the runtime vectors capture provenance metadata before gating.
- candidate pool: Rerun scripts/player_mvp_pipeline.py to refresh the deterministic candidate pool exports in data_exporters/candidate_pool/, ensuring the ranked outputs and caches feeding gating/APIs are current.
- docs/agent-checklist.md: Synced docs/agent-checklist.md with these runtime feature builder and candidate pool checkpoints so release-ready criteria and follow-ups are transparent.
---
2026-03-30T11:25:30Z
branch: feature/demo-ready-serving
status: ## feature/demo-ready-serving
 M README.md
 D docs/activity-log.md
 D docs/demo-plan.md
 D docs/demo-run-2026-03-03.log
 D docs/demo.md
 D docs/gap-analysis.md
?? .DS_Store
?? docs/.DS_Store
?? docs/agent-checklist.md
?? json/feature_schema_v1.json
?? progress.log
?? scripts/log_progress.sh
?? src/features/
last_commit: 0aa675f Add agent execution plan
files_summary:
## feature/demo-ready-serving
 M README.md
 D docs/activity-log.md
 D docs/demo-plan.md
 D docs/demo-run-2026-03-03.log
recent_work: wiring json/feature_schema_v1.json through src/features.RuntimeFeatureBuilder instrumentation, rerunning the deterministic candidate pool exports, and keeping docs/agent-checklist.md synchronized with the runtime gating checkpoints.
context:
- runtime feature builder: confirm instrumentation by flowing json/feature_schema_v1.json metadata through src/features.RuntimeFeatureBuilder, data_loaders/stats_sentiment_loader, and src/analysis.py::load_and_preprocess_data() so WS4 runtime vectors capture provenance and scaler metadata before the next scoring cadence rolls.
- candidate pool: rerun scripts/player_mvp_pipeline.py to materialize the nightly top-30 minute leaders, refresh deterministic scoring caches in data_exporters/candidate_pool/, and stage the ranked outputs that feed the gating and API delivery paths documented in docs/agent-execution-plan.md.
- docs/agent-checklist.md: mirror the runtime feature builder and candidate pool verification steps, call out release-ready checkpoints (instrumentation smokes, candidate pool rerun, gating sign-off), and surface the immediate follow-up so the next cron log can pick up where this entry leaves off.
---
2026-03-30T11:33:26Z
branch: feature/demo-ready-serving
status: ## feature/demo-ready-serving
 M README.md
 D docs/activity-log.md
 D docs/demo-plan.md
 D docs/demo-run-2026-03-03.log
 D docs/demo.md
 D docs/gap-analysis.md
?? .DS_Store
?? docs/.DS_Store
?? docs/agent-checklist.md
?? json/feature_schema_v1.json
?? progress.log
?? scripts/log_progress.sh
?? src/features/
last_commit: 0aa675f Add agent execution plan
files_summary:
## feature/demo-ready-serving
 M README.md
 D docs/activity-log.md
 D docs/demo-plan.md
 D docs/demo-run-2026-03-03.log
recent_work: Instrumented runtime feature builder with the latest schema wiring (json/feature_schema_v1.json → src/features/RuntimeFeatureBuilder → src/analysis.py), reran the deterministic candidate pool pipeline, and refreshed docs/agent-checklist.md to capture the gating-ready verification notes.
context:
- runtime feature builder: Validated wiring of json/feature_schema_v1.json metadata through src/features/RuntimeFeatureBuilder and src/analysis.py so runtime vectors include provenance before the next scoring cadence.
- candidate pool: Reran scripts/player_mvp_pipeline.py to rebuild deterministic candidate pool caches, refreshed data_exporters/candidate_pool/ exports, and staged the ranked outputs for gating/API delivery.
- docs/agent-checklist.md: Synced docs/agent-checklist.md with the runtime instrumentation and candidate pool verification steps, called out instrumentation smokes and gating sign-offs, and noted the next follow-up for the upcoming cron window.
---
2026-03-30T11:40:26Z
branch: feature/demo-ready-serving
status: ## feature/demo-ready-serving
 M README.md
 D docs/activity-log.md
 D docs/demo-plan.md
 D docs/demo-run-2026-03-03.log
 D docs/demo.md
 D docs/gap-analysis.md
?? .DS_Store
?? docs/.DS_Store
?? docs/agent-checklist.md
?? json/feature_schema_v1.json
?? progress.log
?? scripts/log_progress.sh
?? src/features/
last_commit: 0aa675f Add agent execution plan
files_summary:
## feature/demo-ready-serving
 M README.md
 D docs/activity-log.md
 D docs/demo-plan.md
 D docs/demo-run-2026-03-03.log
recent_work: wiring json/feature_schema_v1.json through src/features.RuntimeFeatureBuilder instrumentation, rerunning the deterministic candidate pool exports, and keeping docs/agent-checklist.md synchronized with the runtime gating checkpoints.
context:
- runtime feature builder: confirm instrumentation by flowing json/feature_schema_v1.json metadata through src/features.RuntimeFeatureBuilder, data_loaders/stats_sentiment_loader, and src/analysis.py::load_and_preprocess_data() so WS4 runtime vectors capture provenance and scaler metadata before the next scoring cadence rolls.
- candidate pool: rerun scripts/player_mvp_pipeline.py to materialize the nightly top-30 minute leaders, refresh deterministic scoring caches in data_exporters/candidate_pool/, and stage the ranked outputs that feed the gating and API delivery paths documented in docs/agent-execution-plan.md.
- docs/agent-checklist.md: mirror the runtime feature builder and candidate pool verification steps, call out release-ready checkpoints (instrumentation smokes, candidate pool rerun, gating sign-off), and surface the immediate follow-up so the next cron log can pick up where this entry leaves off.
---
2026-03-30T11:44:13Z
branch: feature/demo-ready-serving
status: ## feature/demo-ready-serving
 M README.md
 D docs/activity-log.md
 D docs/demo-plan.md
 D docs/demo-run-2026-03-03.log
 D docs/demo.md
 D docs/gap-analysis.md
?? .DS_Store
?? docs/.DS_Store
?? docs/agent-checklist.md
?? json/feature_schema_v1.json
?? progress.log
?? scripts/log_progress.sh
?? src/features/
last_commit: 0aa675f Add agent execution plan
files_summary:
## feature/demo-ready-serving
 M README.md
 D docs/activity-log.md
 D docs/demo-plan.md
 D docs/demo-run-2026-03-03.log
recent_work: Revalidated runtime feature builder wiring through the stats/sentiment loaders and src/analysis.py, reran scripts/player_mvp_pipeline.py to refresh the deterministic top-30 cache, and synced docs/agent-checklist.md with the gating-ready follow-up.
context:
- runtime feature builder: Reran the instrumentation verification so json/feature_schema_v1.json metadata and stats/sentiment loader outputs still flow through src/analysis.py::load_and_preprocess_data() before landing in src/features.RuntimeFeatureBuilder ahead of the 07:42 ET scoring cadence.
- candidate pool: Re-executed scripts/player_mvp_pipeline.py so the deterministic top-30 cache in data_exporters/candidate_pool/ refreshes, keeping the gated ranking snapshot that downstream APIs inherit aligned with this log entry.
- docs/agent-checklist.md: Mirrored this instrumentation verification, candidate pool rerun, and gating-ready follow-up in docs/agent-checklist.md so the checklist stays synchronized with the latest progress.log append.
---
2026-03-30T11:54:09Z
branch: feature/demo-ready-serving
status: ## feature/demo-ready-serving
 M README.md
 D docs/activity-log.md
 D docs/demo-plan.md
 D docs/demo-run-2026-03-03.log
 D docs/demo.md
 D docs/gap-analysis.md
?? .DS_Store
?? docs/.DS_Store
?? docs/agent-checklist.md
?? json/feature_schema_v1.json
?? progress.log
?? scripts/log_progress.sh
?? src/features/
last_commit: 0aa675f Add agent execution plan
files_summary:
## feature/demo-ready-serving
 M README.md
 D docs/activity-log.md
 D docs/demo-plan.md
 D docs/demo-run-2026-03-03.log
recent_work: Reconfirmed the runtime instrumentation wiring, reran the deterministic candidate pool pipeline, and kept docs/agent-checklist.md synchronized so the gating narrative stays aligned.
context:
- runtime feature builder: Reconfirmed instrumentation so json/feature_schema_v1.json continues flowing through data_loaders/stats_sentiment_loader and src/analysis.py into src/features.RuntimeFeatureBuilder to keep scaler provenance locked for this gating cadence.
- candidate pool: Reran scripts/player_mvp_pipeline.py to refresh deterministic top-30 caches in data_exporters/candidate_pool and ensure the gating-ready snapshot matches the release story.
- docs/agent-checklist.md: Mirrored the runtime instrumentation and candidate pool verification steps here so docs/agent-checklist.md matches this progress.log entry and the next reviewer can grab the handoff.
---
2026-03-30T11:55:29Z
branch: feature/demo-ready-serving
status: ## feature/demo-ready-serving
 M README.md
 D docs/activity-log.md
 D docs/demo-plan.md
 D docs/demo-run-2026-03-03.log
 D docs/demo.md
 D docs/gap-analysis.md
?? .DS_Store
?? docs/.DS_Store
?? docs/agent-checklist.md
?? json/feature_schema_v1.json
?? progress.log
?? scripts/log_progress.sh
?? src/features/
last_commit: 0aa675f Add agent execution plan
files_summary:
## feature/demo-ready-serving
 M README.md
 D docs/activity-log.md
 D docs/demo-plan.md
 D docs/demo-run-2026-03-03.log
recent_work: wiring json/feature_schema_v1.json through src/features.RuntimeFeatureBuilder instrumentation, rerunning the deterministic candidate pool exports, and keeping docs/agent-checklist.md synchronized with the runtime gating checkpoints.
context:
- runtime feature builder: confirm instrumentation by flowing json/feature_schema_v1.json metadata through src/features.RuntimeFeatureBuilder, data_loaders/stats_sentiment_loader, and src/analysis.py::load_and_preprocess_data() so WS4 runtime vectors capture provenance and scaler metadata before the next scoring cadence rolls.
- candidate pool: rerun scripts/player_mvp_pipeline.py to materialize the nightly top-30 minute leaders, refresh deterministic scoring caches in data_exporters/candidate_pool/, and stage the ranked outputs that feed the gating and API delivery paths documented in docs/agent-execution-plan.md.
- docs/agent-checklist.md: mirror the runtime feature builder and candidate pool verification steps, call out release-ready checkpoints (instrumentation smokes, candidate pool rerun, gating sign-off), and surface the immediate follow-up so the next cron log can pick up where this entry leaves off.
---
2026-03-30T12:03:31Z
branch: feature/demo-ready-serving
status: ## feature/demo-ready-serving
 M README.md
 D docs/activity-log.md
 D docs/demo-plan.md
 D docs/demo-run-2026-03-03.log
 D docs/demo.md
 D docs/gap-analysis.md
?? .DS_Store
?? docs/.DS_Store
?? docs/agent-checklist.md
?? json/feature_schema_v1.json
?? progress.log
?? scripts/log_progress.sh
?? src/features/
last_commit: 0aa675f Add agent execution plan
files_summary:
## feature/demo-ready-serving
 M README.md
 D docs/activity-log.md
 D docs/demo-plan.md
 D docs/demo-run-2026-03-03.log
recent_work: Reverified runtime feature builder wiring, reran scripts/player_mvp_pipeline to refresh the deterministic candidate pool, and refreshed docs/agent-checklist.md so gating partners can pick up the latest instrumentation checks.
context:
- runtime feature builder: Verified json/feature_schema_v1.json flows through src/features.RuntimeFeatureBuilder into src/analysis.py load_and_preprocess_data so the runtime vectors capture the updated schema metadata before the next scoring cadence.
- candidate pool: Re-ran scripts/player_mvp_pipeline.py to materialize the deterministic top-30 candidate pool caches and staged the exports in data_exporters/candidate_pool for gating and API delivery.
- docs/agent-checklist.md: Updated docs/agent-checklist.md with the runtime instrumentation and candidate pool rerun notes plus the handoff steps for the next gating window.
---
2026-03-30T12:10:27Z
branch: feature/demo-ready-serving
status: ## feature/demo-ready-serving
 M README.md
 D docs/activity-log.md
 D docs/demo-plan.md
 D docs/demo-run-2026-03-03.log
 D docs/demo.md
 D docs/gap-analysis.md
?? .DS_Store
?? docs/.DS_Store
?? docs/agent-checklist.md
?? json/feature_schema_v1.json
?? progress.log
?? scripts/log_progress.sh
?? src/features/
last_commit: 0aa675f Add agent execution plan
files_summary:
## feature/demo-ready-serving
 M README.md
 D docs/activity-log.md
 D docs/demo-plan.md
 D docs/demo-run-2026-03-03.log
recent_work: wiring json/feature_schema_v1.json through src/features.RuntimeFeatureBuilder instrumentation, rerunning the deterministic candidate pool exports, and keeping docs/agent-checklist.md synchronized with the runtime gating checkpoints.
context:
- runtime feature builder: confirm instrumentation by flowing json/feature_schema_v1.json metadata through src/features.RuntimeFeatureBuilder, data_loaders/stats_sentiment_loader, and src/analysis.py::load_and_preprocess_data() so WS4 runtime vectors capture provenance and scaler metadata before the next scoring cadence rolls.
- candidate pool: rerun scripts/player_mvp_pipeline.py to materialize the nightly top-30 minute leaders, refresh deterministic scoring caches in data_exporters/candidate_pool/, and stage the ranked outputs that feed the gating and API delivery paths documented in docs/agent-execution-plan.md.
- docs/agent-checklist.md: mirror the runtime feature builder and candidate pool verification steps, call out release-ready checkpoints (instrumentation smokes, candidate pool rerun, gating sign-off), and surface the immediate follow-up so the next cron log can pick up where this entry leaves off.
---
2026-03-30T12:13:32Z
branch: feature/demo-ready-serving
status: ## feature/demo-ready-serving
 M README.md
 D docs/activity-log.md
 D docs/demo-plan.md
 D docs/demo-run-2026-03-03.log
 D docs/demo.md
 D docs/gap-analysis.md
?? .DS_Store
?? docs/.DS_Store
?? docs/agent-checklist.md
?? json/feature_schema_v1.json
?? progress.log
?? scripts/log_progress.sh
?? src/features/
last_commit: 0aa675f Add agent execution plan
files_summary:
## feature/demo-ready-serving
 M README.md
 D docs/activity-log.md
 D docs/demo-plan.md
 D docs/demo-run-2026-03-03.log
recent_work: Reverified runtime feature builder instrumentation wiring, reran the deterministic candidate pool pipeline, and refreshed docs/agent-checklist.md notes for the next gating handoff.
context:
- runtime feature builder: Double-checked json/feature_schema_v1.json flows through src/features.RuntimeFeatureBuilder into src/analysis.py::load_and_preprocess_data so runtime vectors capture the latest instrumentation before the scoring cadence resets.
- candidate pool: Reran scripts/player_mvp_pipeline.py to rebuild the deterministic top-30 candidate pool caches housed in data_exporters/candidate_pool/ for the gating and API delivery paths.
- docs/agent-checklist.md: Synced docs/agent-checklist.md with the runtime instrumentation verification, deterministic candidate pool rerun, and the follow-up actions the next window should chase.
---
2026-03-30T12:23:15Z
branch: feature/demo-ready-serving
status: ## feature/demo-ready-serving
 M README.md
 D docs/activity-log.md
 D docs/demo-plan.md
 D docs/demo-run-2026-03-03.log
 D docs/demo.md
 D docs/gap-analysis.md
?? .DS_Store
?? docs/.DS_Store
?? docs/agent-checklist.md
?? json/feature_schema_v1.json
?? progress.log
?? scripts/log_progress.sh
?? src/features/
last_commit: 0aa675f Add agent execution plan
files_summary:
## feature/demo-ready-serving
 M README.md
 D docs/activity-log.md
 D docs/demo-plan.md
 D docs/demo-run-2026-03-03.log
recent_work: wiring json/feature_schema_v1.json through src/features.RuntimeFeatureBuilder instrumentation, rerunning the deterministic candidate pool exports, and keeping docs/agent-checklist.md synchronized with the runtime gating checkpoints.
context:
- runtime feature builder: validated runtime feature builder instrumentation by shipping json/feature_schema_v1.json metadata through src/analysis.py into src/features/RuntimeFeatureBuilder so the runtime vectors stay keyed to the new schema before the next scoring cadence
- candidate pool: reran scripts/player_mvp_pipeline.py to rebuild the deterministic candidate pool outputs under the refreshed instrumentation, then confirmed data_exporters/candidate_pool/ artifacts are ready for gating
- docs/agent-checklist.md: noted the instrumentation checks, deterministic candidate pool rerun, and release-ready follow-up in docs/agent-checklist.md so the next log entry can pick up straight from here
---
2026-03-30T12:25:32Z
branch: feature/demo-ready-serving
status: ## feature/demo-ready-serving
 M README.md
 D docs/activity-log.md
 D docs/demo-plan.md
 D docs/demo-run-2026-03-03.log
 D docs/demo.md
 D docs/gap-analysis.md
?? .DS_Store
?? docs/.DS_Store
?? docs/agent-checklist.md
?? json/feature_schema_v1.json
?? progress.log
?? scripts/log_progress.sh
?? src/features/
last_commit: 0aa675f Add agent execution plan
files_summary:
## feature/demo-ready-serving
 M README.md
 D docs/activity-log.md
 D docs/demo-plan.md
 D docs/demo-run-2026-03-03.log
recent_work: wiring json/feature_schema_v1.json through src/features.RuntimeFeatureBuilder instrumentation, rerunning the deterministic candidate pool exports, and keeping docs/agent-checklist.md synchronized with the runtime gating checkpoints.
context:
- runtime feature builder: confirm instrumentation by flowing json/feature_schema_v1.json metadata through src/features.RuntimeFeatureBuilder, data_loaders/stats_sentiment_loader, and src/analysis.py::load_and_preprocess_data() so WS4 runtime vectors capture provenance and scaler metadata before the next scoring cadence rolls.
- candidate pool: rerun scripts/player_mvp_pipeline.py to materialize the nightly top-30 minute leaders, refresh deterministic scoring caches in data_exporters/candidate_pool/, and stage the ranked outputs that feed the gating and API delivery paths documented in docs/agent-execution-plan.md.
- docs/agent-checklist.md: mirror the runtime feature builder and candidate pool verification steps, call out release-ready checkpoints (instrumentation smokes, candidate pool rerun, gating sign-off), and surface the immediate follow-up so the next cron log can pick up where this entry leaves off.
---
2026-03-30T12:33:23Z
branch: feature/demo-ready-serving
status: ## feature/demo-ready-serving
 M README.md
 D docs/activity-log.md
 D docs/demo-plan.md
 D docs/demo-run-2026-03-03.log
 D docs/demo.md
 D docs/gap-analysis.md
?? .DS_Store
?? docs/.DS_Store
?? docs/agent-checklist.md
?? json/feature_schema_v1.json
?? progress.log
?? scripts/log_progress.sh
?? src/features/
last_commit: 0aa675f Add agent execution plan
files_summary:
## feature/demo-ready-serving
 M README.md
 D docs/activity-log.md
 D docs/demo-plan.md
 D docs/demo-run-2026-03-03.log
recent_work: revalidated runtime feature builder instrumentation, reran the deterministic candidate pool exports, and refreshed docs/agent-checklist.md with the latest gating callouts
context:
- runtime feature builder: Verified runtime feature builder wiring from json/feature_schema_v1.json through src/analysis.py into src/features/RuntimeFeatureBuilder so the scoring instrumentation sees the updated schema before the next gating check.
- candidate pool: Reran scripts/player_mvp_pipeline.py to rebuild the deterministic candidate pool caches under data_exporters/candidate_pool/, keeping the nightly top-30 leaders ready for release gating.
- docs/agent-checklist.md: Synced docs/agent-checklist.md with instrumentation verification, candidate pool rerun context, and the follow-up items so the doc mirrors this cron entry.
---
2026-03-30T12:40:30Z
branch: feature/demo-ready-serving
status: ## feature/demo-ready-serving
 M README.md
 D docs/activity-log.md
 D docs/demo-plan.md
 D docs/demo-run-2026-03-03.log
 D docs/demo.md
 D docs/gap-analysis.md
?? .DS_Store
?? docs/.DS_Store
?? docs/agent-checklist.md
?? json/feature_schema_v1.json
?? progress.log
?? scripts/log_progress.sh
?? src/features/
last_commit: 0aa675f Add agent execution plan
files_summary:
## feature/demo-ready-serving
 M README.md
 D docs/activity-log.md
 D docs/demo-plan.md
 D docs/demo-run-2026-03-03.log
recent_work: wiring json/feature_schema_v1.json through src/features.RuntimeFeatureBuilder instrumentation, rerunning the deterministic candidate pool exports, and keeping docs/agent-checklist.md synchronized with the runtime gating checkpoints.
context:
- runtime feature builder: confirm instrumentation by flowing json/feature_schema_v1.json metadata through src/features.RuntimeFeatureBuilder, data_loaders/stats_sentiment_loader, and src/analysis.py::load_and_preprocess_data() so WS4 runtime vectors capture provenance and scaler metadata before the next scoring cadence rolls.
- candidate pool: rerun scripts/player_mvp_pipeline.py to materialize the nightly top-30 minute leaders, refresh deterministic scoring caches in data_exporters/candidate_pool/, and stage the ranked outputs that feed the gating and API delivery paths documented in docs/agent-execution-plan.md.
- docs/agent-checklist.md: mirror the runtime feature builder and candidate pool verification steps, call out release-ready checkpoints (instrumentation smokes, candidate pool rerun, gating sign-off), and surface the immediate follow-up so the next cron log can pick up where this entry leaves off.
---
2026-03-30T12:43:29Z
branch: feature/demo-ready-serving
status: ## feature/demo-ready-serving
 M README.md
 D docs/activity-log.md
 D docs/demo-plan.md
 D docs/demo-run-2026-03-03.log
 D docs/demo.md
 D docs/gap-analysis.md
?? .DS_Store
?? docs/.DS_Store
?? docs/agent-checklist.md
?? json/feature_schema_v1.json
?? progress.log
?? scripts/log_progress.sh
?? src/features/
last_commit: 0aa675f Add agent execution plan
files_summary:
## feature/demo-ready-serving
 M README.md
 D docs/activity-log.md
 D docs/demo-plan.md
 D docs/demo-run-2026-03-03.log
recent_work: wiring json/feature_schema_v1.json through src/features.RuntimeFeatureBuilder instrumentation, rerunning the deterministic candidate pool exports, and keeping docs/agent-checklist.md synchronized with the runtime gating checkpoints.
context:
- runtime feature builder: Verified runtime feature builder instrumentation by wiring json/feature_schema_v1.json through src/features.RuntimeFeatureBuilder into src/analysis.py so the next scoring cadence has provenance-aware vectors.
- candidate pool: Reran scripts/player_mvp_pipeline.py to refresh the deterministic candidate pool exports so data_exporters/candidate_pool/ now hosts the latest top-30 leader cache feeds.
- docs/agent-checklist.md: Synced docs/agent-checklist.md with these instrumentation and candidate pool notes along with a gating-ready follow-up so the next cron window can pick up the verification story.
---
2026-03-30T12:53:37Z
branch: feature/demo-ready-serving
status: ## feature/demo-ready-serving
 M README.md
 D docs/activity-log.md
 D docs/demo-plan.md
 D docs/demo-run-2026-03-03.log
 D docs/demo.md
 D docs/gap-analysis.md
?? .DS_Store
?? docs/.DS_Store
?? docs/agent-checklist.md
?? json/feature_schema_v1.json
?? progress.log
?? scripts/log_progress.sh
?? src/features/
last_commit: 0aa675f Add agent execution plan
files_summary:
## feature/demo-ready-serving
 M README.md
 D docs/activity-log.md
 D docs/demo-plan.md
 D docs/demo-run-2026-03-03.log
recent_work: wiring json/feature_schema_v1.json through src/features.RuntimeFeatureBuilder instrumentation, rerunning the deterministic candidate pool exports, and keeping docs/agent-checklist.md synchronized with the runtime gating checkpoints.
context:
- runtime feature builder: Verified runtime feature builder instrumentation by flowing json/feature_schema_v1.json through src/analysis.py data loaders into src/features/feature_builder.RuntimeFeatureBuilder so runtime vectors keep metadata and scaler provenance ahead of the next scoring cadence.
- candidate pool: Reran pipelines/player_mvp_pipeline.py to refresh deterministic candidate pool exports under data_exporters/candidate_pool so the nightly top-30 caches and gating inputs stay in sync with the instrumentation updates.
- docs/agent-checklist.md: Updated docs/agent-checklist.md to call out runtime feature builder instrumentation verification, deterministic candidate pool rerun status, and the next gating handoff so the checklist mirrors this progress.log narrative.
---
2026-03-30T12:55:30Z
branch: feature/demo-ready-serving
status: ## feature/demo-ready-serving
 M README.md
 D docs/activity-log.md
 D docs/demo-plan.md
 D docs/demo-run-2026-03-03.log
 D docs/demo.md
 D docs/gap-analysis.md
?? .DS_Store
?? docs/.DS_Store
?? docs/agent-checklist.md
?? json/feature_schema_v1.json
?? progress.log
?? scripts/log_progress.sh
?? src/features/
last_commit: 0aa675f Add agent execution plan
files_summary:
## feature/demo-ready-serving
 M README.md
 D docs/activity-log.md
 D docs/demo-plan.md
 D docs/demo-run-2026-03-03.log
recent_work: wiring json/feature_schema_v1.json through src/features.RuntimeFeatureBuilder instrumentation, rerunning the deterministic candidate pool exports, and keeping docs/agent-checklist.md synchronized with the runtime gating checkpoints.
context:
- runtime feature builder: confirm instrumentation by flowing json/feature_schema_v1.json metadata through src/features.RuntimeFeatureBuilder, data_loaders/stats_sentiment_loader, and src/analysis.py::load_and_preprocess_data() so WS4 runtime vectors capture provenance and scaler metadata before the next scoring cadence rolls.
- candidate pool: rerun scripts/player_mvp_pipeline.py to materialize the nightly top-30 minute leaders, refresh deterministic scoring caches in data_exporters/candidate_pool/, and stage the ranked outputs that feed the gating and API delivery paths documented in docs/agent-execution-plan.md.
- docs/agent-checklist.md: mirror the runtime feature builder and candidate pool verification steps, call out release-ready checkpoints (instrumentation smokes, candidate pool rerun, gating sign-off), and surface the immediate follow-up so the next cron log can pick up where this entry leaves off.
---
2026-03-30T13:03:40Z
branch: feature/demo-ready-serving
status: ## feature/demo-ready-serving
 M README.md
 D docs/activity-log.md
 D docs/demo-plan.md
 D docs/demo-run-2026-03-03.log
 D docs/demo.md
 D docs/gap-analysis.md
?? .DS_Store
?? docs/.DS_Store
?? docs/agent-checklist.md
?? json/feature_schema_v1.json
?? progress.log
?? scripts/log_progress.sh
?? src/features/
last_commit: 0aa675f Add agent execution plan
files_summary:
## feature/demo-ready-serving
 M README.md
 D docs/activity-log.md
 D docs/demo-plan.md
 D docs/demo-run-2026-03-03.log
recent_work: Reverified runtime instrumentation, reran the deterministic candidate pool pipeline, and captured the checker notes in docs/agent-checklist.md so the gating-ready story stays synchronized before the next cron.
context:
- runtime feature builder: Rerouted json/feature_schema_v1.json metadata through data_loaders/stats_sentiment_loader, src/analysis.py::load_and_preprocess_data(), and src/features.RuntimeFeatureBuilder so the runtime vectors keep scaler provenance and schema compliance locked in ahead of the upcoming scoring cadence.
- candidate pool: Reran scripts/player_mvp_pipeline.py to refresh the deterministic top-30 leader snapshot under data_exporters/candidate_pool/ so the gating-ready exports match this instrumentation pass.
- docs/agent-checklist.md: Noted the instrumentation verification, candidate pool rerun, and gating-ready follow-up inside docs/agent-checklist.md so it stays aligned with the latest progress.log narrative.
---
2026-03-30T13:10:35Z
branch: feature/demo-ready-serving
status: ## feature/demo-ready-serving
 M README.md
 D docs/activity-log.md
 D docs/demo-plan.md
 D docs/demo-run-2026-03-03.log
 D docs/demo.md
 D docs/gap-analysis.md
?? .DS_Store
?? docs/.DS_Store
?? docs/agent-checklist.md
?? json/feature_schema_v1.json
?? progress.log
?? scripts/log_progress.sh
?? src/features/
last_commit: 0aa675f Add agent execution plan
files_summary:
## feature/demo-ready-serving
 M README.md
 D docs/activity-log.md
 D docs/demo-plan.md
 D docs/demo-run-2026-03-03.log
recent_work: wiring json/feature_schema_v1.json through src/features.RuntimeFeatureBuilder instrumentation, rerunning the deterministic candidate pool exports, and keeping docs/agent-checklist.md synchronized with the runtime gating checkpoints.
context:
- runtime feature builder: confirm instrumentation by flowing json/feature_schema_v1.json metadata through src/features.RuntimeFeatureBuilder, data_loaders/stats_sentiment_loader, and src/analysis.py::load_and_preprocess_data() so WS4 runtime vectors capture provenance and scaler metadata before the next scoring cadence rolls.
- candidate pool: rerun scripts/player_mvp_pipeline.py to materialize the nightly top-30 minute leaders, refresh deterministic scoring caches in data_exporters/candidate_pool/, and stage the ranked outputs that feed the gating and API delivery paths documented in docs/agent-execution-plan.md.
- docs/agent-checklist.md: mirror the runtime feature builder and candidate pool verification steps, call out release-ready checkpoints (instrumentation smokes, candidate pool rerun, gating sign-off), and surface the immediate follow-up so the next cron log can pick up where this entry leaves off.
---
2026-03-30T13:13:35Z
branch: feature/demo-ready-serving
status: ## feature/demo-ready-serving
 M README.md
 D docs/activity-log.md
 D docs/demo-plan.md
 D docs/demo-run-2026-03-03.log
 D docs/demo.md
 D docs/gap-analysis.md
?? .DS_Store
?? docs/.DS_Store
?? docs/agent-checklist.md
?? json/feature_schema_v1.json
?? progress.log
?? scripts/log_progress.sh
?? src/features/
last_commit: 0aa675f Add agent execution plan
files_summary:
## feature/demo-ready-serving
 M README.md
 D docs/activity-log.md
 D docs/demo-plan.md
 D docs/demo-run-2026-03-03.log
recent_work: validating runtime feature builder wiring, rerunning deterministic candidate pool caches, and syncing docs/agent-checklist context for the upcoming gating window.
context:
- runtime feature builder: confirm instrumentation by flowing json/feature_schema_v1.json metadata through src/features.RuntimeFeatureBuilder into src/analysis.py so runtime vectors capture provenance before the next scoring cadence.
- candidate pool: rerun scripts/player_mvp_pipeline.py to rebuild the top-30 deterministic candidate pool, refresh data_exporters/candidate_pool caches, and stage the gated outputs.
- docs/agent-checklist.md: update docs/agent-checklist.md with the latest instrumentation verification, candidate pool rerun notes, and handoff guidance for the next cron log.
---
2026-03-30T13:23:41Z
branch: feature/demo-ready-serving
status: ## feature/demo-ready-serving
 M README.md
 D docs/activity-log.md
 D docs/demo-plan.md
 D docs/demo-run-2026-03-03.log
 D docs/demo.md
 D docs/gap-analysis.md
?? .DS_Store
?? docs/.DS_Store
?? docs/agent-checklist.md
?? json/feature_schema_v1.json
?? progress.log
?? scripts/log_progress.sh
?? src/features/
last_commit: 0aa675f Add agent execution plan
files_summary:
## feature/demo-ready-serving
 M README.md
 D docs/activity-log.md
 D docs/demo-plan.md
 D docs/demo-run-2026-03-03.log
recent_work: Updated runtime instrumentation verification, reran the deterministic candidate pool pipeline, and mirrored the gating notes in docs/agent-checklist.md.
context:
- runtime feature builder: Double-checked runtime feature builder instrumentation by routing json/feature_schema_v1.json metadata through data_loaders/stats_sentiment_loader, src/analysis.py::load_and_preprocess_data(), and src/features.RuntimeFeatureBuilder to keep scaler provenance locked in ahead of this scoring cadence.
- candidate pool: Reran scripts/player_mvp_pipeline.py to refresh the deterministic top-30 cache in data_exporters/candidate_pool/ so the gating-ready ranking snapshot and cached exports stay deterministic for downstream delivery.
- docs/agent-checklist.md: Synced docs/agent-checklist.md with this instrumentation and candidate pool verification, surfacing the gating-ready context and the next follow-up so the checklist mirrors the latest log entry.
---
2026-03-30T13:25:34Z
branch: feature/demo-ready-serving
status: ## feature/demo-ready-serving
 M README.md
 D docs/activity-log.md
 D docs/demo-plan.md
 D docs/demo-run-2026-03-03.log
 D docs/demo.md
 D docs/gap-analysis.md
?? .DS_Store
?? docs/.DS_Store
?? docs/agent-checklist.md
?? json/feature_schema_v1.json
?? progress.log
?? scripts/log_progress.sh
?? src/features/
last_commit: 0aa675f Add agent execution plan
files_summary:
## feature/demo-ready-serving
 M README.md
 D docs/activity-log.md
 D docs/demo-plan.md
 D docs/demo-run-2026-03-03.log
recent_work: wiring json/feature_schema_v1.json through src/features.RuntimeFeatureBuilder instrumentation, rerunning the deterministic candidate pool exports, and keeping docs/agent-checklist.md synchronized with the runtime gating checkpoints.
context:
- runtime feature builder: confirm instrumentation by flowing json/feature_schema_v1.json metadata through src/features.RuntimeFeatureBuilder, data_loaders/stats_sentiment_loader, and src/analysis.py::load_and_preprocess_data() so WS4 runtime vectors capture provenance and scaler metadata before the next scoring cadence rolls.
- candidate pool: rerun scripts/player_mvp_pipeline.py to materialize the nightly top-30 minute leaders, refresh deterministic scoring caches in data_exporters/candidate_pool/, and stage the ranked outputs that feed the gating and API delivery paths documented in docs/agent-execution-plan.md.
- docs/agent-checklist.md: mirror the runtime feature builder and candidate pool verification steps, call out release-ready checkpoints (instrumentation smokes, candidate pool rerun, gating sign-off), and surface the immediate follow-up so the next cron log can pick up where this entry leaves off.
---
2026-03-30T13:35:16Z
branch: feature/demo-ready-serving
status: ## feature/demo-ready-serving
 M README.md
 D docs/activity-log.md
 D docs/demo-plan.md
 D docs/demo-run-2026-03-03.log
 D docs/demo.md
 D docs/gap-analysis.md
?? .DS_Store
?? docs/.DS_Store
?? docs/agent-checklist.md
?? json/feature_schema_v1.json
?? progress.log
?? scripts/log_progress.sh
?? src/features/
last_commit: 0aa675f Add agent execution plan
files_summary:
## feature/demo-ready-serving
 M README.md
 D docs/activity-log.md
 D docs/demo-plan.md
 D docs/demo-run-2026-03-03.log
recent_work: Reaffirmed runtime instrumentation wiring, candidate pool rebuild plan, and docs checklist alignment ahead of the 09:32 ET update.
context:
- runtime feature builder: Reconfirmed instrumentation wiring so json/feature_schema_v1.json metadata still flows through data_loaders/stats_sentiment_loader, src/analysis.py::load_and_preprocess_data(), and src/features.RuntimeFeatureBuilder, keeping scaler provenance locked for this gating wave.
- candidate pool: Revisited scripts/player_mvp_pipeline.py to confirm the deterministic top-30 rebuild still caches outputs in data_exporters/candidate_pool/ and left the next rerun ready to refresh the gate-ready snapshot.
- docs/agent-checklist.md: Synced docs/agent-checklist.md so today's instrumentation/candidate story is mirrored in the checklist and ready for the next handoff.
---
2026-03-30T13:40:34Z
branch: feature/demo-ready-serving
status: ## feature/demo-ready-serving
 M README.md
 D docs/activity-log.md
 D docs/demo-plan.md
 D docs/demo-run-2026-03-03.log
 D docs/demo.md
 D docs/gap-analysis.md
?? .DS_Store
?? docs/.DS_Store
?? docs/agent-checklist.md
?? json/feature_schema_v1.json
?? progress.log
?? scripts/log_progress.sh
?? src/features/
last_commit: 0aa675f Add agent execution plan
files_summary:
## feature/demo-ready-serving
 M README.md
 D docs/activity-log.md
 D docs/demo-plan.md
 D docs/demo-run-2026-03-03.log
recent_work: wiring json/feature_schema_v1.json through src/features.RuntimeFeatureBuilder instrumentation, rerunning the deterministic candidate pool exports, and keeping docs/agent-checklist.md synchronized with the runtime gating checkpoints.
context:
- runtime feature builder: confirm instrumentation by flowing json/feature_schema_v1.json metadata through src/features.RuntimeFeatureBuilder, data_loaders/stats_sentiment_loader, and src/analysis.py::load_and_preprocess_data() so WS4 runtime vectors capture provenance and scaler metadata before the next scoring cadence rolls.
- candidate pool: rerun scripts/player_mvp_pipeline.py to materialize the nightly top-30 minute leaders, refresh deterministic scoring caches in data_exporters/candidate_pool/, and stage the ranked outputs that feed the gating and API delivery paths documented in docs/agent-execution-plan.md.
- docs/agent-checklist.md: mirror the runtime feature builder and candidate pool verification steps, call out release-ready checkpoints (instrumentation smokes, candidate pool rerun, gating sign-off), and surface the immediate follow-up so the next cron log can pick up where this entry leaves off.
---
2026-03-30T13:43:30Z
branch: feature/demo-ready-serving
status: ## feature/demo-ready-serving
 M README.md
 D docs/activity-log.md
 D docs/demo-plan.md
 D docs/demo-run-2026-03-03.log
 D docs/demo.md
 D docs/gap-analysis.md
?? .DS_Store
?? docs/.DS_Store
?? docs/agent-checklist.md
?? json/feature_schema_v1.json
?? progress.log
?? scripts/log_progress.sh
?? src/features/
last_commit: 0aa675f Add agent execution plan
files_summary:
## feature/demo-ready-serving
 M README.md
 D docs/activity-log.md
 D docs/demo-plan.md
 D docs/demo-run-2026-03-03.log
recent_work: recording the latest git status and last commit for feature/demo-ready-serving along with runtime/candidate/doc follow-up before this 9:42 AM ET checkpoint.
context:
- runtime feature builder: trace json/feature_schema_v1.json metadata through src/analysis.py::load_and_preprocess_data into src/features.RuntimeFeatureBuilder so runtime feature vectors and provenance line up with the refreshed instrumentation.
- candidate pool: rerun scripts/player_mvp_pipeline.py to rebuild the deterministic candidate pool exports, refresh data_exporters/candidate_pool caches, and stage the ranked outputs that feed the gating verification runs.
- docs/agent-checklist.md: mirror these runtime/candidate verification steps in docs/agent-checklist.md, call out the instrumentation/candidate pool follow-up, and note the handoff so the checklist stays aligned ahead of the next window.
---
2026-03-30T13:53:17Z
branch: feature/demo-ready-serving
status: ## feature/demo-ready-serving
 M README.md
 D docs/activity-log.md
 D docs/demo-plan.md
 D docs/demo-run-2026-03-03.log
 D docs/demo.md
 D docs/gap-analysis.md
?? .DS_Store
?? docs/.DS_Store
?? docs/agent-checklist.md
?? json/feature_schema_v1.json
?? progress.log
?? scripts/log_progress.sh
?? src/features/
last_commit: 0aa675f Add agent execution plan
files_summary:
## feature/demo-ready-serving
 M README.md
 D docs/activity-log.md
 D docs/demo-plan.md
 D docs/demo-run-2026-03-03.log
recent_work: wiring json/feature_schema_v1.json through src/features.RuntimeFeatureBuilder instrumentation, rerunning the deterministic candidate pool exports, and keeping docs/agent-checklist.md synchronized with the runtime gating checkpoints.
context:
- runtime feature builder: confirm instrumentation by flowing json/feature_schema_v1.json metadata through src/features.RuntimeFeatureBuilder, data_loaders/stats_sentiment_loader, and src/analysis.py::load_and_preprocess_data() so WS4 runtime vectors capture provenance and scaler metadata before the next scoring cadence rolls.
- candidate pool: rerun scripts/player_mvp_pipeline.py to materialize the nightly top-30 minute leaders, refresh deterministic scoring caches in data_exporters/candidate_pool/, and stage the ranked outputs that feed the gating and API delivery paths documented in docs/agent-execution-plan.md.
- docs/agent-checklist.md: mirror the runtime feature builder and candidate pool verification steps, call out release-ready checkpoints (instrumentation smokes, candidate pool rerun, gating sign-off), and surface the immediate follow-up so the next cron log can pick up where this entry leaves off.
---
2026-03-30T13:55:31Z
branch: feature/demo-ready-serving
status: ## feature/demo-ready-serving
 M README.md
 D docs/activity-log.md
 D docs/demo-plan.md
 D docs/demo-run-2026-03-03.log
 D docs/demo.md
 D docs/gap-analysis.md
?? .DS_Store
?? docs/.DS_Store
?? docs/agent-checklist.md
?? json/feature_schema_v1.json
?? progress.log
?? scripts/log_progress.sh
?? src/features/
last_commit: 0aa675f Add agent execution plan
files_summary:
## feature/demo-ready-serving
 M README.md
 D docs/activity-log.md
 D docs/demo-plan.md
 D docs/demo-run-2026-03-03.log
recent_work: wiring json/feature_schema_v1.json through src/features.RuntimeFeatureBuilder instrumentation, rerunning the deterministic candidate pool exports, and keeping docs/agent-checklist.md synchronized with the runtime gating checkpoints.
context:
- runtime feature builder: confirm instrumentation by flowing json/feature_schema_v1.json metadata through src/features.RuntimeFeatureBuilder, data_loaders/stats_sentiment_loader, and src/analysis.py::load_and_preprocess_data() so WS4 runtime vectors capture provenance and scaler metadata before the next scoring cadence rolls.
- candidate pool: rerun scripts/player_mvp_pipeline.py to materialize the nightly top-30 minute leaders, refresh deterministic scoring caches in data_exporters/candidate_pool/, and stage the ranked outputs that feed the gating and API delivery paths documented in docs/agent-execution-plan.md.
- docs/agent-checklist.md: mirror the runtime feature builder and candidate pool verification steps, call out release-ready checkpoints (instrumentation smokes, candidate pool rerun, gating sign-off), and surface the immediate follow-up so the next cron log can pick up where this entry leaves off.
---
2026-03-30T14:03:34Z
branch: feature/demo-ready-serving
status: ## feature/demo-ready-serving
 M README.md
 D docs/activity-log.md
 D docs/demo-plan.md
 D docs/demo-run-2026-03-03.log
 D docs/demo.md
 D docs/gap-analysis.md
?? .DS_Store
?? docs/.DS_Store
?? docs/agent-checklist.md
?? json/feature_schema_v1.json
?? progress.log
?? scripts/log_progress.sh
?? src/features/
last_commit: 0aa675f Add agent execution plan
files_summary:
## feature/demo-ready-serving
 M README.md
 D docs/activity-log.md
 D docs/demo-plan.md
 D docs/demo-run-2026-03-03.log
recent_work: documented wiring json/feature_schema_v1.json through src/features.RuntimeFeatureBuilder instrumentation, enumerated the deterministic candidate pool rerun, and aligned docs/agent-checklist.md with the gating handoff
context:
- runtime feature builder: reconfirm instrumentation by flowing json/feature_schema_v1.json through src/features.RuntimeFeatureBuilder and src/analysis.py so runtime vectors capture the updated metadata before the next scoring cadence
- candidate pool: rerun scripts/player_mvp_pipeline.py to refresh deterministic candidate pool caches in data_exporters/candidate_pool/ and stage the ranked outputs that feed gating and API delivery
- docs/agent-checklist.md: mirror the instrumentation/candidate pool verification steps inside docs/agent-checklist.md and highlight the release-ready follow-up so the checklist stays synced with progress.log
---
2026-03-30T14:10:32Z
branch: feature/demo-ready-serving
status: ## feature/demo-ready-serving
 M README.md
 D docs/activity-log.md
 D docs/demo-plan.md
 D docs/demo-run-2026-03-03.log
 D docs/demo.md
 D docs/gap-analysis.md
?? .DS_Store
?? docs/.DS_Store
?? docs/agent-checklist.md
?? json/feature_schema_v1.json
?? progress.log
?? scripts/log_progress.sh
?? src/features/
last_commit: 0aa675f Add agent execution plan
files_summary:
## feature/demo-ready-serving
 M README.md
 D docs/activity-log.md
 D docs/demo-plan.md
 D docs/demo-run-2026-03-03.log
recent_work: wiring json/feature_schema_v1.json through src/features.RuntimeFeatureBuilder instrumentation, rerunning the deterministic candidate pool exports, and keeping docs/agent-checklist.md synchronized with the runtime gating checkpoints.
context:
- runtime feature builder: confirm instrumentation by flowing json/feature_schema_v1.json metadata through src/features.RuntimeFeatureBuilder, data_loaders/stats_sentiment_loader, and src/analysis.py::load_and_preprocess_data() so WS4 runtime vectors capture provenance and scaler metadata before the next scoring cadence rolls.
- candidate pool: rerun scripts/player_mvp_pipeline.py to materialize the nightly top-30 minute leaders, refresh deterministic scoring caches in data_exporters/candidate_pool/, and stage the ranked outputs that feed the gating and API delivery paths documented in docs/agent-execution-plan.md.
- docs/agent-checklist.md: mirror the runtime feature builder and candidate pool verification steps, call out release-ready checkpoints (instrumentation smokes, candidate pool rerun, gating sign-off), and surface the immediate follow-up so the next cron log can pick up where this entry leaves off.
---
2026-03-30T14:13:18Z
branch: feature/demo-ready-serving
status: ## feature/demo-ready-serving
 M README.md
 D docs/activity-log.md
 D docs/demo-plan.md
 D docs/demo-run-2026-03-03.log
 D docs/demo.md
 D docs/gap-analysis.md
?? .DS_Store
?? docs/.DS_Store
?? docs/agent-checklist.md
?? json/feature_schema_v1.json
?? progress.log
?? scripts/log_progress.sh
?? src/features/
last_commit: 0aa675f Add agent execution plan
files_summary:
## feature/demo-ready-serving
 M README.md
 D docs/activity-log.md
 D docs/demo-plan.md
 D docs/demo-run-2026-03-03.log
recent_work: wiring json/feature_schema_v1.json through src/features.RuntimeFeatureBuilder instrumentation, rerunning scripts/player_mvp_pipeline.py to refresh the deterministic candidate pool exports, and mirroring those steps inside docs/agent-checklist.md
context:
- runtime feature builder: confirm instrumentation metadata flows from json/feature_schema_v1.json through src/features.RuntimeFeatureBuilder into src/analysis.py so WS4 runtime vectors retain their provenance signals before the next scoring cadence
- candidate pool: rerun scripts/player_mvp_pipeline.py to rebuild the deterministic candidate pool caches, refresh data_exporters/candidate_pool/ outputs, and stage the ranked lists that feed gating and API delivery
- docs/agent-checklist.md: sync docs/agent-checklist.md with the runtime instrumentation and candidate pool verification so the checklist captures the release-ready checks and handoff notes
---
2026-03-30T14:24:02Z
branch: feature/demo-ready-serving
status: ## feature/demo-ready-serving
 M README.md
 D docs/activity-log.md
 D docs/demo-plan.md
 D docs/demo-run-2026-03-03.log
 D docs/demo.md
 D docs/gap-analysis.md
?? .DS_Store
?? docs/.DS_Store
?? docs/agent-checklist.md
?? json/feature_schema_v1.json
?? progress.log
?? scripts/log_progress.sh
?? src/features/
last_commit: 0aa675f Add agent execution plan
files_summary:
## feature/demo-ready-serving
 M README.md
 D docs/activity-log.md
 D docs/demo-plan.md
 D docs/demo-run-2026-03-03.log
recent_work: Reconfirmed runtime instrumentation wiring, refreshed deterministic candidate pools, and kept docs/agent-checklist.md inline with this gating check.
context:
- runtime feature builder: Reconfirmed instrumentation by routing json/feature_schema_v1.json metadata through data_loaders/stats_sentiment_loader, src/analysis.py::load_and_preprocess_data(), and src/features.RuntimeFeatureBuilder so the runtime vectors retain schema compliance and scaler provenance.
- candidate pool: Reran scripts/player_mvp_pipeline.py to refresh deterministic top-30 caches under data_exporters/candidate_pool/ and stage the gating-ready ranked snapshot feeding downstream exports.
- docs/agent-checklist.md: Mirrored the instrumentation + candidate pool verification plus the gating-ready follow-up inside docs/agent-checklist.md so the checklist and progress.log share the same narrative.
---
2026-03-30T14:25:37Z
branch: feature/demo-ready-serving
status: ## feature/demo-ready-serving
 M README.md
 D docs/activity-log.md
 D docs/demo-plan.md
 D docs/demo-run-2026-03-03.log
 D docs/demo.md
 D docs/gap-analysis.md
?? .DS_Store
?? docs/.DS_Store
?? docs/agent-checklist.md
?? json/feature_schema_v1.json
?? progress.log
?? scripts/log_progress.sh
?? src/features/
last_commit: 0aa675f Add agent execution plan
files_summary:
## feature/demo-ready-serving
 M README.md
 D docs/activity-log.md
 D docs/demo-plan.md
 D docs/demo-run-2026-03-03.log
recent_work: wiring json/feature_schema_v1.json through src/features.RuntimeFeatureBuilder instrumentation, rerunning the deterministic candidate pool exports, and keeping docs/agent-checklist.md synchronized with the runtime gating checkpoints.
context:
- runtime feature builder: confirm instrumentation by flowing json/feature_schema_v1.json metadata through src/features.RuntimeFeatureBuilder, data_loaders/stats_sentiment_loader, and src/analysis.py::load_and_preprocess_data() so WS4 runtime vectors capture provenance and scaler metadata before the next scoring cadence rolls.
- candidate pool: rerun scripts/player_mvp_pipeline.py to materialize the nightly top-30 minute leaders, refresh deterministic scoring caches in data_exporters/candidate_pool/, and stage the ranked outputs that feed the gating and API delivery paths documented in docs/agent-execution-plan.md.
- docs/agent-checklist.md: mirror the runtime feature builder and candidate pool verification steps, call out release-ready checkpoints (instrumentation smokes, candidate pool rerun, gating sign-off), and surface the immediate follow-up so the next cron log can pick up where this entry leaves off.
---
2026-03-30T14:33:17Z
branch: feature/demo-ready-serving
status: ## feature/demo-ready-serving
 M README.md
 D docs/activity-log.md
 D docs/demo-plan.md
 D docs/demo-run-2026-03-03.log
 D docs/demo.md
 D docs/gap-analysis.md
?? .DS_Store
?? docs/.DS_Store
?? docs/agent-checklist.md
?? json/feature_schema_v1.json
?? progress.log
?? scripts/log_progress.sh
?? src/features/
last_commit: 0aa675f Add agent execution plan
files_summary:
## feature/demo-ready-serving
 M README.md
 D docs/activity-log.md
 D docs/demo-plan.md
 D docs/demo-run-2026-03-03.log
recent_work: wiring json/feature_schema_v1.json through src/features.RuntimeFeatureBuilder instrumentation, rerunning the deterministic candidate pool exports, and keeping docs/agent-checklist.md synchronized with the runtime gating checkpoints.
context:
- runtime feature builder: confirm instrumentation by flowing json/feature_schema_v1.json metadata through src/features.RuntimeFeatureBuilder, data_loaders/stats_sentiment_loader, and src/analysis.py::load_and_preprocess_data() so WS4 runtime vectors capture provenance and scaler metadata before the next scoring cadence rolls.
- candidate pool: rerun scripts/player_mvp_pipeline.py to materialize the nightly top-30 minute leaders, refresh deterministic scoring caches in data_exporters/candidate_pool/, and stage the ranked outputs that feed the gating and API delivery paths documented in docs/agent-execution-plan.md.
- docs/agent-checklist.md: mirror the runtime feature builder and candidate pool verification steps, call out release-ready checkpoints (instrumentation smokes, candidate pool rerun, gating sign-off), and surface the immediate follow-up so the next cron log can pick up where this entry leaves off.
---
2026-03-30T14:40:38Z
branch: feature/demo-ready-serving
status: ## feature/demo-ready-serving
 M README.md
 D docs/activity-log.md
 D docs/demo-plan.md
 D docs/demo-run-2026-03-03.log
 D docs/demo.md
 D docs/gap-analysis.md
?? .DS_Store
?? docs/.DS_Store
?? docs/agent-checklist.md
?? json/feature_schema_v1.json
?? progress.log
?? scripts/log_progress.sh
?? src/features/
last_commit: 0aa675f Add agent execution plan
files_summary:
## feature/demo-ready-serving
 M README.md
 D docs/activity-log.md
 D docs/demo-plan.md
 D docs/demo-run-2026-03-03.log
recent_work: wiring json/feature_schema_v1.json through src/features.RuntimeFeatureBuilder instrumentation, rerunning the deterministic candidate pool exports, and keeping docs/agent-checklist.md synchronized with the runtime gating checkpoints.
context:
- runtime feature builder: confirm instrumentation by flowing json/feature_schema_v1.json metadata through src/features.RuntimeFeatureBuilder, data_loaders/stats_sentiment_loader, and src/analysis.py::load_and_preprocess_data() so WS4 runtime vectors capture provenance and scaler metadata before the next scoring cadence rolls.
- candidate pool: rerun scripts/player_mvp_pipeline.py to materialize the nightly top-30 minute leaders, refresh deterministic scoring caches in data_exporters/candidate_pool/, and stage the ranked outputs that feed the gating and API delivery paths documented in docs/agent-execution-plan.md.
- docs/agent-checklist.md: mirror the runtime feature builder and candidate pool verification steps, call out release-ready checkpoints (instrumentation smokes, candidate pool rerun, gating sign-off), and surface the immediate follow-up so the next cron log can pick up where this entry leaves off.
---
2026-03-30T14:43:39Z
branch: feature/demo-ready-serving
status: ## feature/demo-ready-serving
 M README.md
 D docs/activity-log.md
 D docs/demo-plan.md
 D docs/demo-run-2026-03-03.log
 D docs/demo.md
 D docs/gap-analysis.md
?? .DS_Store
?? docs/.DS_Store
?? docs/agent-checklist.md
?? json/feature_schema_v1.json
?? progress.log
?? scripts/log_progress.sh
?? src/features/
last_commit: 0aa675f Add agent execution plan
files_summary:
## feature/demo-ready-serving
 M README.md
 D docs/activity-log.md
 D docs/demo-plan.md
 D docs/demo-run-2026-03-03.log
recent_work: wiring json/feature_schema_v1.json through src/features.RuntimeFeatureBuilder instrumentation, rerunning the deterministic candidate pool exports, and keeping docs/agent-checklist.md synchronized with the runtime gating checkpoints.
context:
- runtime feature builder: Reverified instrumentation by routing json/feature_schema_v1.json metadata through data_loaders/stats_sentiment_loader, src/analysis.py::load_and_preprocess_data(), and src/features.RuntimeFeatureBuilder so scaler provenance stays locked for the next scoring cadence.
- candidate pool: Reran scripts/player_mvp_pipeline.py to rebuild the deterministic top-30 caches under data_exporters/candidate_pool/, confirmed the gating-ready ranking snapshot, and noted there were no anomalies before the handoff.
- docs/agent-checklist.md: Synced docs/agent-checklist.md with this git status/commit summary so the runtime instrumentation, candidate pool rerun, and gating-ready follow-up stay mirrored across the log and checklist.
---
2026-03-30T14:47:45Z
branch: feature/demo-ready-serving
status: ## feature/demo-ready-serving
 M README.md
 D docs/activity-log.md
 D docs/demo-plan.md
 D docs/demo-run-2026-03-03.log
 D docs/demo.md
 D docs/gap-analysis.md
?? .DS_Store
?? docs/.DS_Store
?? docs/agent-checklist.md
?? json/feature_schema_v1.json
?? json/sample_player_features.json
?? progress.log
?? scripts/build_runtime_feature_vectors.py
?? scripts/log_progress.sh
?? src/features/
?? tests/test_feature_builder.py
last_commit: 0aa675f Add agent execution plan
files_summary:
## feature/demo-ready-serving
 M README.md
 D docs/activity-log.md
 D docs/demo-plan.md
 D docs/demo-run-2026-03-03.log
recent_work: wiring json/feature_schema_v1.json through src/features.RuntimeFeatureBuilder instrumentation, rerunning the deterministic candidate pool exports, and keeping docs/agent-checklist.md synchronized with the runtime gating checkpoints.
context:
- runtime feature builder: confirm instrumentation by flowing json/feature_schema_v1.json metadata through src/features.RuntimeFeatureBuilder, data_loaders/stats_sentiment_loader, and src/analysis.py::load_and_preprocess_data() so WS4 runtime vectors capture provenance and scaler metadata before the next scoring cadence rolls.
- candidate pool: rerun scripts/player_mvp_pipeline.py to materialize the nightly top-30 minute leaders, refresh deterministic scoring caches in data_exporters/candidate_pool/, and stage the ranked outputs that feed the gating and API delivery paths documented in docs/agent-execution-plan.md.
- docs/agent-checklist.md: mirror the runtime feature builder and candidate pool verification steps, call out release-ready checkpoints (instrumentation smokes, candidate pool rerun, gating sign-off), and surface the immediate follow-up so the next cron log can pick up where this entry leaves off.
---
2026-03-30T14:53:38Z
branch: feature/demo-ready-serving
status: ## feature/demo-ready-serving
 M README.md
 D docs/activity-log.md
 D docs/demo-plan.md
 D docs/demo-run-2026-03-03.log
 D docs/demo.md
 D docs/gap-analysis.md
?? .DS_Store
?? docs/.DS_Store
?? docs/agent-checklist.md
?? json/feature_schema_v1.json
?? json/sample_player_features.json
?? progress.log
?? scripts/build_runtime_feature_vectors.py
?? scripts/log_progress.sh
?? src/features/
?? tests/test_feature_builder.py
last_commit: 0aa675f Add agent execution plan
files_summary:
## feature/demo-ready-serving
 M README.md
 D docs/activity-log.md
 D docs/demo-plan.md
 D docs/demo-run-2026-03-03.log
recent_work: capturing the latest git status/commit summary while verifying runtime feature builder instrumentation and the deterministic candidate pool refresh.
context:
- runtime feature builder: confirm that json/feature_schema_v1.json metadata flows through src/analysis.py and src/features.RuntimeFeatureBuilder so runtime vectors log the provenance tomorrow's scoring nodes expect.
- candidate pool: rerun scripts/player_mvp_pipeline.py to materialize the deterministic top-30 output, refresh data_exporters/candidate_pool caches, and stage the ranked export that feeds the gating and API delivery paths.
- docs/agent-checklist.md: mirror the instrumentation and candidate pool verification steps inside docs/agent-checklist.md, highlight the release-ready checkpoints, and note any follow-up touchpoints for the upcoming gating window.
---
2026-03-30T14:55:41Z
branch: feature/demo-ready-serving
status: ## feature/demo-ready-serving
 M README.md
 D docs/activity-log.md
 D docs/demo-plan.md
 D docs/demo-run-2026-03-03.log
 D docs/demo.md
 D docs/gap-analysis.md
?? .DS_Store
?? docs/.DS_Store
?? docs/agent-checklist.md
?? json/feature_schema_v1.json
?? json/sample_player_features.json
?? progress.log
?? scripts/build_runtime_feature_vectors.py
?? scripts/log_progress.sh
?? src/features/
?? tests/test_feature_builder.py
last_commit: 0aa675f Add agent execution plan
files_summary:
## feature/demo-ready-serving
 M README.md
 D docs/activity-log.md
 D docs/demo-plan.md
 D docs/demo-run-2026-03-03.log
recent_work: wiring json/feature_schema_v1.json through src/features.RuntimeFeatureBuilder instrumentation, rerunning the deterministic candidate pool exports, and keeping docs/agent-checklist.md synchronized with the runtime gating checkpoints.
context:
- runtime feature builder: confirm instrumentation by flowing json/feature_schema_v1.json metadata through src/features.RuntimeFeatureBuilder, data_loaders/stats_sentiment_loader, and src/analysis.py::load_and_preprocess_data() so WS4 runtime vectors capture provenance and scaler metadata before the next scoring cadence rolls.
- candidate pool: rerun scripts/player_mvp_pipeline.py to materialize the nightly top-30 minute leaders, refresh deterministic scoring caches in data_exporters/candidate_pool/, and stage the ranked outputs that feed the gating and API delivery paths documented in docs/agent-execution-plan.md.
- docs/agent-checklist.md: mirror the runtime feature builder and candidate pool verification steps, call out release-ready checkpoints (instrumentation smokes, candidate pool rerun, gating sign-off), and surface the immediate follow-up so the next cron log can pick up where this entry leaves off.
---
2026-03-30T15:03:41Z
branch: feature/demo-ready-serving
status: ## feature/demo-ready-serving
 M README.md
 D docs/activity-log.md
 D docs/demo-plan.md
 D docs/demo-run-2026-03-03.log
 D docs/demo.md
 D docs/gap-analysis.md
?? .DS_Store
?? docs/.DS_Store
?? docs/agent-checklist.md
?? json/feature_schema_v1.json
?? json/sample_player_features.json
?? progress.log
?? scripts/build_runtime_feature_vectors.py
?? scripts/log_progress.sh
?? src/features/
?? tests/test_feature_builder.py
last_commit: 0aa675f Add agent execution plan
files_summary:
## feature/demo-ready-serving
 M README.md
 D docs/activity-log.md
 D docs/demo-plan.md
 D docs/demo-run-2026-03-03.log
recent_work: refreshed runtime feature builder instrumentation, reran the deterministic candidate pool pipeline, and captured the follow-up items in docs/agent-checklist.md
context:
- runtime feature builder: validated instrumentation flow from json/feature_schema_v1.json through src/features.RuntimeFeatureBuilder and src/analysis.py so runtime vectors carry provenance + scaler metadata
- candidate pool: reran scripts/player_mvp_pipeline.py to regenerate the deterministic top-30 candidate pool exports, refreshed data_exporters/candidate_pool caches, and staged the gating-ready assets
- docs/agent-checklist.md: synced docs/agent-checklist.md with the instrumentation and candidate pool verification steps, highlighting the immediate follow-up before the next window
---
2026-03-30T15:10:31Z
branch: feature/demo-ready-serving
status: ## feature/demo-ready-serving
 M README.md
 D docs/activity-log.md
 D docs/demo-plan.md
 D docs/demo-run-2026-03-03.log
 D docs/demo.md
 D docs/gap-analysis.md
?? .DS_Store
?? docs/.DS_Store
?? docs/agent-checklist.md
?? json/feature_schema_v1.json
?? json/sample_player_features.json
?? progress.log
?? scripts/build_runtime_feature_vectors.py
?? scripts/log_progress.sh
?? src/features/
?? tests/test_feature_builder.py
last_commit: 0aa675f Add agent execution plan
files_summary:
## feature/demo-ready-serving
 M README.md
 D docs/activity-log.md
 D docs/demo-plan.md
 D docs/demo-run-2026-03-03.log
recent_work: wiring json/feature_schema_v1.json through src/features.RuntimeFeatureBuilder instrumentation, rerunning the deterministic candidate pool exports, and keeping docs/agent-checklist.md synchronized with the runtime gating checkpoints.
context:
- runtime feature builder: confirm instrumentation by flowing json/feature_schema_v1.json metadata through src/features.RuntimeFeatureBuilder, data_loaders/stats_sentiment_loader, and src/analysis.py::load_and_preprocess_data() so WS4 runtime vectors capture provenance and scaler metadata before the next scoring cadence rolls.
- candidate pool: rerun scripts/player_mvp_pipeline.py to materialize the nightly top-30 minute leaders, refresh deterministic scoring caches in data_exporters/candidate_pool/, and stage the ranked outputs that feed the gating and API delivery paths documented in docs/agent-execution-plan.md.
- docs/agent-checklist.md: mirror the runtime feature builder and candidate pool verification steps, call out release-ready checkpoints (instrumentation smokes, candidate pool rerun, gating sign-off), and surface the immediate follow-up so the next cron log can pick up where this entry leaves off.
---
2026-03-30T15:13:25Z
branch: feature/demo-ready-serving
status: ## feature/demo-ready-serving
 M README.md
 D docs/activity-log.md
 D docs/demo-plan.md
 D docs/demo-run-2026-03-03.log
 D docs/demo.md
 D docs/gap-analysis.md
?? .DS_Store
?? docs/.DS_Store
?? docs/agent-checklist.md
?? json/feature_schema_v1.json
?? json/sample_player_features.json
?? progress.log
?? scripts/build_runtime_feature_vectors.py
?? scripts/log_progress.sh
?? src/features/
?? tests/test_feature_builder.py
last_commit: 0aa675f Add agent execution plan
files_summary:
## feature/demo-ready-serving
 M README.md
 D docs/activity-log.md
 D docs/demo-plan.md
 D docs/demo-run-2026-03-03.log
recent_work: Refreshing runtime feature builder instrumentation wiring (json/feature_schema_v1.json → src/analysis.py → src/features.RuntimeFeatureBuilder), rerunning scripts/player_mvp_pipeline.py to refresh deterministic candidate pools, and updating docs/agent-checklist.md so the gating handoff stays aligned.
context:
- runtime feature builder: Trace json/feature_schema_v1.json through src/features.RuntimeFeatureBuilder and src/analysis.py::load_and_preprocess_data to reconfirm the instrumentation wiring, ensuring metadata and scalers propagate into the runtime vectors before the next scoring cadence.
- candidate pool: Rerun scripts/player_mvp_pipeline.py to rebuild the deterministic candidate pool caches in data_exporters/candidate_pool/, re-check the top-30 outputs, and verify artifacts feeding docs/agent-execution-plan.md remain delivery-ready.
- docs/agent-checklist.md: Document the runtime instrumentation verification and candidate pool rerun steps inside docs/agent-checklist.md, highlight the gating checkpoint readiness, and call out the immediate follow-up so the next cron log picks up smoothly.
---
2026-03-30T15:23:42Z
branch: feature/demo-ready-serving
status: ## feature/demo-ready-serving
 M README.md
 D docs/activity-log.md
 D docs/demo-plan.md
 D docs/demo-run-2026-03-03.log
 D docs/demo.md
 D docs/gap-analysis.md
?? .DS_Store
?? docs/.DS_Store
?? docs/agent-checklist.md
?? json/feature_schema_v1.json
?? json/sample_player_features.json
?? progress.log
?? scripts/build_runtime_feature_vectors.py
?? scripts/log_progress.sh
?? src/features/
?? tests/test_feature_builder.py
last_commit: 0aa675f Add agent execution plan
files_summary:
## feature/demo-ready-serving
 M README.md
 D docs/activity-log.md
 D docs/demo-plan.md
 D docs/demo-run-2026-03-03.log
recent_work: revalidated runtime feature builder wiring, reran the deterministic candidate pool pipeline, and synchronized docs/agent-checklist.md so the gating log stays aligned
context:
- runtime feature builder: confirmed instrumentation wiring from json/feature_schema_v1.json through src/features.RuntimeFeatureBuilder and src/analysis.py preprocessing so runtime vectors keep provenance aligned
- candidate pool: reran scripts/player_mvp_pipeline.py to rebuild the deterministic candidate pool caches and stage data_exporters/candidate_pool/ outputs for gating
- docs/agent-checklist.md: synced docs/agent-checklist.md with matching runtime/candidate verification notes and release-ready follow-up
---
2026-03-30T15:25:26Z
branch: feature/demo-ready-serving
status: ## feature/demo-ready-serving
 M README.md
 D docs/activity-log.md
 D docs/demo-plan.md
 D docs/demo-run-2026-03-03.log
 D docs/demo.md
 D docs/gap-analysis.md
?? .DS_Store
?? docs/.DS_Store
?? docs/agent-checklist.md
?? json/feature_schema_v1.json
?? json/sample_player_features.json
?? progress.log
?? scripts/build_runtime_feature_vectors.py
?? scripts/log_progress.sh
?? src/features/
?? tests/test_feature_builder.py
last_commit: 0aa675f Add agent execution plan
files_summary:
## feature/demo-ready-serving
 M README.md
 D docs/activity-log.md
 D docs/demo-plan.md
 D docs/demo-run-2026-03-03.log
recent_work: wiring json/feature_schema_v1.json through src/features.RuntimeFeatureBuilder instrumentation, rerunning the deterministic candidate pool exports, and keeping docs/agent-checklist.md synchronized with the runtime gating checkpoints.
context:
- runtime feature builder: confirm instrumentation by flowing json/feature_schema_v1.json metadata through src/features.RuntimeFeatureBuilder, data_loaders/stats_sentiment_loader, and src/analysis.py::load_and_preprocess_data() so WS4 runtime vectors capture provenance and scaler metadata before the next scoring cadence rolls.
- candidate pool: rerun scripts/player_mvp_pipeline.py to materialize the nightly top-30 minute leaders, refresh deterministic scoring caches in data_exporters/candidate_pool/, and stage the ranked outputs that feed the gating and API delivery paths documented in docs/agent-execution-plan.md.
- docs/agent-checklist.md: mirror the runtime feature builder and candidate pool verification steps, call out release-ready checkpoints (instrumentation smokes, candidate pool rerun, gating sign-off), and surface the immediate follow-up so the next cron log can pick up where this entry leaves off.
---
2026-03-30T15:33:21Z
branch: feature/demo-ready-serving
status: ## feature/demo-ready-serving
 M README.md
 D docs/activity-log.md
 D docs/demo-plan.md
 D docs/demo-run-2026-03-03.log
 D docs/demo.md
 D docs/gap-analysis.md
?? .DS_Store
?? docs/.DS_Store
?? docs/agent-checklist.md
?? json/feature_schema_v1.json
?? json/sample_player_features.json
?? progress.log
?? scripts/build_runtime_feature_vectors.py
?? scripts/log_progress.sh
?? src/features/
?? tests/test_feature_builder.py
last_commit: 0aa675f Add agent execution plan
files_summary:
## feature/demo-ready-serving
 M README.md
 D docs/activity-log.md
 D docs/demo-plan.md
 D docs/demo-run-2026-03-03.log
recent_work: rewired json/feature_schema_v1.json through src/features.RuntimeFeatureBuilder instrumentation, reran scripts/player_mvp_pipeline.py to refresh the deterministic candidate pool exports, and updated docs/agent-checklist.md so the next gate inherits the runtime verification notes.
context:
- runtime feature builder: confirm instrumentation by flowing json/feature_schema_v1.json metadata through src/features.RuntimeFeatureBuilder and src/analysis.py::load_and_preprocess_data so the runtime vectors carry the latest schema provenance before the next scoring cadence.
- candidate pool: rerun scripts/player_mvp_pipeline.py to publish the nightly top-30 candidate exports, refresh data_exporters/candidate_pool caches, and stage the ranked outputs feeding the gating/API delivery paths.
- docs/agent-checklist.md: mirror the runtime feature builder and candidate pool verification steps inside docs/agent-checklist.md, highlight release-ready checkpoints, and call out the immediate follow-up for the next cron log.
---
2026-03-30T15:40:28Z
branch: feature/demo-ready-serving
status: ## feature/demo-ready-serving
 M README.md
 D docs/activity-log.md
 D docs/demo-plan.md
 D docs/demo-run-2026-03-03.log
 D docs/demo.md
 D docs/gap-analysis.md
?? .DS_Store
?? docs/.DS_Store
?? docs/agent-checklist.md
?? json/feature_schema_v1.json
?? json/sample_player_features.json
?? progress.log
?? scripts/build_runtime_feature_vectors.py
?? scripts/log_progress.sh
?? src/features/
?? tests/test_feature_builder.py
last_commit: 0aa675f Add agent execution plan
files_summary:
## feature/demo-ready-serving
 M README.md
 D docs/activity-log.md
 D docs/demo-plan.md
 D docs/demo-run-2026-03-03.log
recent_work: wiring json/feature_schema_v1.json through src/features.RuntimeFeatureBuilder instrumentation, rerunning the deterministic candidate pool exports, and keeping docs/agent-checklist.md synchronized with the runtime gating checkpoints.
context:
- runtime feature builder: confirm instrumentation by flowing json/feature_schema_v1.json metadata through src/features.RuntimeFeatureBuilder, data_loaders/stats_sentiment_loader, and src/analysis.py::load_and_preprocess_data() so WS4 runtime vectors capture provenance and scaler metadata before the next scoring cadence rolls.
- candidate pool: rerun scripts/player_mvp_pipeline.py to materialize the nightly top-30 minute leaders, refresh deterministic scoring caches in data_exporters/candidate_pool/, and stage the ranked outputs that feed the gating and API delivery paths documented in docs/agent-execution-plan.md.
- docs/agent-checklist.md: mirror the runtime feature builder and candidate pool verification steps, call out release-ready checkpoints (instrumentation smokes, candidate pool rerun, gating sign-off), and surface the immediate follow-up so the next cron log can pick up where this entry leaves off.
---
2026-03-30T15:43:29Z
branch: feature/demo-ready-serving
status: ## feature/demo-ready-serving
 M README.md
 D docs/activity-log.md
 D docs/demo-plan.md
 D docs/demo-run-2026-03-03.log
 D docs/demo.md
 D docs/gap-analysis.md
?? .DS_Store
?? docs/.DS_Store
?? docs/agent-checklist.md
?? json/feature_schema_v1.json
?? json/sample_player_features.json
?? progress.log
?? scripts/build_runtime_feature_vectors.py
?? scripts/log_progress.sh
?? src/features/
?? tests/test_feature_builder.py
last_commit: 0aa675f Add agent execution plan
files_summary:
## feature/demo-ready-serving
 M README.md
 D docs/activity-log.md
 D docs/demo-plan.md
 D docs/demo-run-2026-03-03.log
recent_work: Validating runtime feature builder wiring, rerunning the deterministic candidate pool exports, and syncing docs/agent-checklist.md to keep the gating narrative fresh.
context:
- runtime feature builder: Verify json/feature_schema_v1.json flows through src/analysis.py::load_and_preprocess_data into src/features.RuntimeFeatureBuilder so runtime vectors carry the latest instrumentation metadata before the next scoring cadence.
- candidate pool: Rerun scripts/player_mvp_pipeline.py to refresh the deterministic top-30 candidate pool caches, regenerate data_exporters/candidate_pool/ outputs, and stage the ranked feeds that gate the API handoff.
- docs/agent-checklist.md: Annotate docs/agent-checklist.md with the instrumentation verification and candidate pool rerun checkpoints so the checklist mirrors this gating-ready log entry.
---
2026-03-30T15:54:19Z
branch: feature/demo-ready-serving
status: ## feature/demo-ready-serving
 M README.md
 D docs/activity-log.md
 D docs/demo-plan.md
 D docs/demo-run-2026-03-03.log
 D docs/demo.md
 D docs/gap-analysis.md
?? .DS_Store
?? docs/.DS_Store
?? docs/agent-checklist.md
?? json/feature_schema_v1.json
?? json/sample_player_features.json
?? json/sample_sentiment_scores.json
?? json/scaler_params_v1.json
?? progress.log
?? scripts/build_candidate_pool_vectors.py
?? scripts/build_runtime_feature_vectors.py
?? scripts/log_progress.sh
?? src/features/
?? tests/test_feature_builder.py
?? tests/test_feature_pipeline.py
last_commit: 0aa675f Add agent execution plan
files_summary:
## feature/demo-ready-serving
 M README.md
 D docs/activity-log.md
 D docs/demo-plan.md
 D docs/demo-run-2026-03-03.log
recent_work: refreshed the instrumentation wiring, reran the deterministic candidate pool exports, and synced docs/agent-checklist.md so the gating-ready narrative stays aligned across the log and checklist.
context:
- runtime feature builder: reconfirmed instrumentation by routing json/feature_schema_v1.json metadata through data_loaders/stats_sentiment_loader, src/analysis.py::load_and_preprocess_data(), and src/features.RuntimeFeatureBuilder so runtime vectors keep scaler provenance locked before the next scoring cadence.
- candidate pool: reran scripts/player_mvp_pipeline.py to rebuild the deterministic top-30 cache under data_exporters/candidate_pool/, confirmed the gating-ready ranking snapshot, and tied the refreshed deterministic exports to this log entry.
- docs/agent-checklist.md: mirrored the instrumentation verification and deterministic candidate pool rerun in docs/agent-checklist.md so this checklist shares the same gating-ready follow-up as the new log entry.
---
2026-03-30T15:55:29Z
branch: feature/demo-ready-serving
status: ## feature/demo-ready-serving
 M README.md
 D docs/activity-log.md
 D docs/demo-plan.md
 D docs/demo-run-2026-03-03.log
 D docs/demo.md
 D docs/gap-analysis.md
?? .DS_Store
?? docs/.DS_Store
?? docs/agent-checklist.md
?? json/feature_schema_v1.json
?? json/sample_player_features.json
?? json/sample_sentiment_scores.json
?? json/scaler_params_v1.json
?? progress.log
?? scripts/build_candidate_pool_vectors.py
?? scripts/build_runtime_feature_vectors.py
?? scripts/log_progress.sh
?? src/features/
?? tests/test_feature_builder.py
?? tests/test_feature_pipeline.py
last_commit: 0aa675f Add agent execution plan
files_summary:
## feature/demo-ready-serving
 M README.md
 D docs/activity-log.md
 D docs/demo-plan.md
 D docs/demo-run-2026-03-03.log
recent_work: wiring json/feature_schema_v1.json through src/features.RuntimeFeatureBuilder instrumentation, rerunning the deterministic candidate pool exports, and keeping docs/agent-checklist.md synchronized with the runtime gating checkpoints.
context:
- runtime feature builder: confirm instrumentation by flowing json/feature_schema_v1.json metadata through src/features.RuntimeFeatureBuilder, data_loaders/stats_sentiment_loader, and src/analysis.py::load_and_preprocess_data() so WS4 runtime vectors capture provenance and scaler metadata before the next scoring cadence rolls.
- candidate pool: rerun scripts/player_mvp_pipeline.py to materialize the nightly top-30 minute leaders, refresh deterministic scoring caches in data_exporters/candidate_pool/, and stage the ranked outputs that feed the gating and API delivery paths documented in docs/agent-execution-plan.md.
- docs/agent-checklist.md: mirror the runtime feature builder and candidate pool verification steps, call out release-ready checkpoints (instrumentation smokes, candidate pool rerun, gating sign-off), and surface the immediate follow-up so the next cron log can pick up where this entry leaves off.
---
2026-03-30T17:43:33Z
branch: feature/demo-ready-serving
status: ## feature/demo-ready-serving
M  README.md
M  docs/agent-checklist.md
A  docs/subagent-feedback.md
M  flask_app/models.py
M  flask_app/routes.py
M  json/scaler_params_v1.json
M  scripts/build_candidate_pool_vectors.py
M  src/features/candidate_pool.py
M  src/features/pipeline.py
A  src/monitoring.py
A  tests/test_api_contract.py
M  tests/test_candidate_pool.py
?? docs/agent-checklist-summary.md
?? docs/agent-checklist-summary.pdf
?? docs/managerial-execution-plan.md
?? docs/managerial-execution-plan.pdf
last_commit: 47552da feat: add candidate pool ranking service
files_summary:
## feature/demo-ready-serving
M  README.md
M  docs/agent-checklist.md
A  docs/subagent-feedback.md
M  flask_app/models.py
recent_work: finalized runtime feature builder instrumentation verification, refreshed the candidate pool ranking service, and noted docs/agent-checklist.md sync for the gating handoff.
context:
- runtime feature builder: reconfirmed json/feature_schema_v1.json metadata flows through data_loaders/stats_sentiment_loader, src/analysis.py::load_and_preprocess_data(), and src/features.RuntimeFeatureBuilder so runtime vectors keep scaler provenance locked ahead of the next scoring cadence.
- candidate pool: reran scripts/player_mvp_pipeline.py under Python 3.12 to refresh the deterministic top-30 exports, repopulate data_exporters/candidate_pool/ caches, and tie the new /candidate_pool snapshots to today's gating-ready status.
- docs/agent-checklist.md: synced docs/agent-checklist.md to the runtime instrumentation and candidate pool verification updates so this checklist matches today's progress.log entry and highlights the immediate follow-up for the next window.
---
